t,alt,v_radial,v_tangential,regime,lat,lon,event
0.000,0.000000,0.000000,0.000000,Landed,0.0000000,0.0000000,
0.500,-0.000007,0.000000,0.000000,Landed,0.0000000,0.0000000,
1.000,0.000001,0.000000,0.000000,Landed,0.0000000,0.0000000,
1.500,-0.000005,0.000000,0.000000,Landed,0.0000000,0.0000000,
2.000,0.000005,0.000000,0.000000,Landed,0.0000000,0.0000000,
2.500,-0.000001,0.000000,0.000000,Landed,0.0000000,0.0000000,
3.000,0.000010,0.000000,0.000000,Landed,0.0000000,360.0000000,
3.500,0.000006,0.000000,0.000000,Landed,0.0000000,360.0000000,
4.000,-0.000012,0.000000,0.000000,Landed,0.0000000,360.0000000,
4.500,-0.000015,0.000000,0.000000,Landed,0.0000000,0.0000000,
5.000,-0.000002,0.000000,0.000000,Landed,0.0000000,0.0000000,
5.500,-0.000004,0.000000,0.000000,Landed,0.0000000,0.0000000,
6.000,0.000010,0.000000,0.000000,Landed,0.0000000,0.0000000,
6.500,0.000010,0.000000,0.000000,Landed,0.0000000,360.0000000,
7.000,-0.000005,0.000000,0.000000,Landed,0.0000000,360.0000000,
7.500,-0.000005,0.000000,0.000000,Landed,0.0000000,0.0000000,
8.000,0.000012,0.000000,0.000000,Landed,0.0000000,0.0000000,
8.500,0.000013,0.000000,0.000000,Landed,0.0000000,360.0000000,
9.000,0.000000,0.000000,0.000000,Landed,0.0000000,360.0000000,
9.500,0.000003,0.000000,0.000000,Landed,0.0000000,360.0000000,
10.000,-0.000009,0.000000,0.000000,Landed,0.0000000,360.0000000,
10.500,-0.000005,0.000000,0.000000,Landed,0.0000000,360.0000000,
11.000,-0.000015,0.000000,0.000000,Landed,0.0000000,0.0000000,
11.500,-0.000010,0.000000,0.000000,Landed,0.0000000,0.0000000,
12.000,0.000011,0.000000,0.000000,Landed,0.0000000,0.0000000,
12.500,-0.000013,0.000000,0.000000,Landed,0.0000000,0.0000000,
13.000,0.000009,0.000000,0.000000,Landed,0.0000000,0.0000000,
13.500,-0.000014,0.000000,0.000000,Landed,0.0000000,0.0000000,
14.000,0.000009,0.000000,0.000000,Landed,0.0000000,0.0000000,
14.500,-0.000013,0.000000,0.000000,Landed,0.0000000,0.0000000,
15.000,0.000011,0.000000,0.000000,Landed,0.0000000,0.0000000,
15.500,-0.000010,0.000000,0.000000,Landed,0.0000000,0.0000000,
16.000,-0.000015,0.000000,0.000000,Landed,0.0000000,0.0000000,
16.500,-0.000004,0.000000,0.000000,Landed,0.0000000,0.0000000,
17.000,-0.000008,0.000000,0.000000,Landed,0.0000000,0.0000000,
17.500,0.000004,0.000000,0.000000,Landed,0.0000000,0.0000000,
18.000,0.000002,0.000000,0.000000,Landed,0.0000000,0.0000000,
18.500,0.000015,0.000000,0.000000,Landed,0.0000000,0.0000000,
19.000,0.000013,0.000000,0.000000,Landed,0.0000000,0.0000000,
19.500,-0.000003,0.000000,0.000000,Landed,0.0000000,0.0000000,
20.000,-0.000004,0.000000,0.000000,Landed,0.0000000,0.0000000,
20.500,0.000012,0.000000,0.000000,Landed,0.0000000,0.0000000,
21.000,0.000012,0.000000,0.000000,Landed,0.0000000,360.0000000,
21.500,-0.000002,0.000000,0.000000,Landed,0.0000000,360.0000000,
22.000,0.000000,0.000000,0.000000,Landed,0.0000000,360.0000000,
22.500,-0.000013,0.000000,0.000000,Landed,0.0000000,0.0000000,
23.000,-0.000010,0.000000,0.000000,Landed,0.0000000,0.0000000,
23.500,0.000009,0.000000,0.000000,Landed,0.0000000,0.0000000,
24.000,0.000013,0.000000,0.000000,Landed,0.0000000,0.0000000,
24.500,0.000002,0.000000,0.000000,Landed,0.0000000,0.0000000,
25.000,0.000007,0.000000,0.000000,Landed,0.0000000,360.0000000,
25.500,-0.000002,0.000000,0.000000,Landed,0.0000000,360.0000000,
26.000,0.000004,0.000000,0.000000,Landed,0.0000000,360.0000000,
26.500,-0.000004,0.000000,0.000000,Landed,0.0000000,360.0000000,
27.000,0.000003,0.000000,0.000000,Landed,0.0000000,360.0000000,
27.500,-0.000004,0.000000,0.000000,Landed,0.0000000,360.0000000,
28.000,0.000005,0.000000,0.000000,Landed,0.0000000,360.0000000,
28.500,-0.000002,0.000000,0.000000,Landed,0.0000000,360.0000000,
29.000,0.000008,0.000000,0.000000,Landed,0.0000000,360.0000000,
29.500,0.000003,0.000000,0.000000,Landed,0.0000000,360.0000000,
30.000,0.000014,0.000000,0.000000,Landed,0.0000000,360.0000000,
30.500,0.000010,0.000000,0.000000,Landed,0.0000000,360.0000000,
31.000,-0.000008,0.000000,0.000000,Landed,0.0000000,360.0000000,
31.500,-0.000011,0.000000,0.000000,Landed,0.0000000,360.0000000,
32.000,0.000002,0.000000,0.000000,Landed,0.0000000,360.0000000,
32.500,0.000000,0.000000,0.000000,Landed,0.0000000,360.0000000,
33.000,0.000015,0.000000,0.000000,Landed,0.0000000,360.0000000,
33.500,0.000014,0.000000,0.000000,Landed,0.0000000,360.0000000,
34.000,-0.000001,0.000000,0.000000,Landed,0.0000000,360.0000000,
34.500,-0.000000,0.000000,0.000000,Landed,0.0000000,360.0000000,
35.000,-0.000015,0.000000,0.000000,Landed,0.0000000,360.0000000,
35.500,-0.000013,0.000000,0.000000,Landed,0.0000000,360.0000000,
36.000,0.000005,0.000000,0.000000,Landed,0.0000000,360.0000000,
36.500,0.000008,0.000000,0.000000,Landed,0.0000000,360.0000000,
37.000,-0.000004,0.000000,0.000000,Landed,0.0000000,360.0000000,
37.500,-0.000000,0.000000,0.000000,Landed,0.0000000,360.0000000,
38.000,-0.000011,0.000000,0.000000,Landed,0.0000000,360.0000000,
38.500,-0.000006,0.000000,0.000000,Landed,0.0000000,360.0000000,
39.000,-0.000015,0.000000,0.000000,Landed,0.0000000,0.0000000,
39.500,-0.000009,0.000000,0.000000,Landed,0.0000000,0.0000000,
40.000,0.000013,0.000000,0.000000,Landed,0.0000000,0.0000000,
40.500,-0.000010,0.000000,0.000000,Landed,0.0000000,0.0000000,
41.000,0.000013,0.000000,0.000000,Landed,0.0000000,0.0000000,
41.500,-0.000009,0.000000,0.000000,Landed,0.0000000,0.0000000,
42.000,-0.000015,0.000000,0.000000,Landed,0.0000000,0.0000000,
42.500,-0.000005,0.000000,0.000000,Landed,0.0000000,0.0000000,
43.000,-0.000010,0.000000,0.000000,Landed,0.0000000,0.0000000,
43.500,0.000000,0.000000,0.000000,Landed,0.0000000,0.0000000,
44.000,-0.000003,0.000000,0.000000,Landed,0.0000000,0.0000000,
44.500,0.000008,0.000000,0.000000,Landed,0.0000000,0.0000000,
45.000,0.000006,0.000000,0.000000,Landed,0.0000000,0.0000000,
45.500,-0.000012,0.000000,0.000000,Landed,0.0000000,0.0000000,
46.000,-0.000014,0.000000,0.000000,Landed,0.0000000,0.0000000,
46.500,0.000000,0.000000,0.000000,Landed,0.0000000,0.0000000,
47.000,-0.000000,0.000000,0.000000,Landed,0.0000000,0.0000000,
47.500,0.000015,0.000000,0.000000,Landed,0.0000000,0.0000000,
48.000,-0.000015,0.000000,0.000000,Landed,0.0000000,0.0000000,
48.500,0.000001,0.000000,0.000000,Landed,0.0000000,0.0000000,
49.000,0.000003,0.000000,0.000000,Landed,0.0000000,0.0000000,
49.500,-0.000010,0.000000,0.000000,Landed,0.0000000,0.0000000,
50.000,-0.000007,0.000000,0.000000,Landed,0.0000000,0.0000000,
50.500,0.000011,0.000000,0.000000,Landed,0.0000000,0.0000000,
51.000,-0.000015,0.000000,0.000000,Landed,0.0000000,0.0000000,
51.500,0.000005,0.000000,0.000000,Landed,0.0000000,0.0000000,
52.000,0.000010,0.000000,0.000000,Landed,0.0000000,0.0000000,
52.500,-0.000000,0.000000,0.000000,Landed,0.0000000,0.0000000,
53.000,0.000006,0.000000,0.000000,Landed,0.0000000,0.0000000,
53.500,-0.000003,0.000000,0.000000,Landed,0.0000000,0.0000000,
54.000,0.000005,0.000000,0.000000,Landed,0.0000000,0.0000000,
54.500,-0.000003,0.000000,0.000000,Landed,0.0000000,0.0000000,
55.000,0.000005,0.000000,0.000000,Landed,0.0000000,0.0000000,
55.500,-0.000001,0.000000,0.000000,Landed,0.0000000,0.0000000,
56.000,0.000009,0.000000,0.000000,Landed,0.0000000,0.0000000,
56.500,0.000003,0.000000,0.000000,Landed,0.0000000,0.0000000,
57.000,0.000014,0.000000,0.000000,Landed,0.0000000,0.0000000,
57.500,0.000010,0.000000,0.000000,Landed,0.0000000,0.0000000,
58.000,-0.000009,0.000000,0.000000,Landed,0.0000000,360.0000000,
58.500,-0.000012,0.000000,0.000000,Landed,0.0000000,0.0000000,
59.000,0.000001,0.000000,0.000000,Landed,0.0000000,0.0000000,
59.500,-0.000001,0.000000,0.000000,Landed,0.0000000,0.0000000,
60.000,0.000013,0.000000,0.000000,Landed,0.0000000,0.0000000,
60.500,0.000012,0.000000,0.000000,Landed,0.0000000,360.0000000,
61.000,-0.000004,0.000000,0.000000,Landed,0.0000000,360.0000000,
61.500,-0.000004,0.000000,0.000000,Landed,0.0000000,360.0000000,
62.000,0.000013,0.000000,0.000000,Landed,0.0000000,360.0000000,
62.500,0.000014,0.000000,0.000000,Landed,0.0000000,360.0000000,
63.000,0.000001,0.000000,0.000000,Landed,0.0000000,360.0000000,
63.500,0.000003,0.000000,0.000000,Landed,0.0000000,360.0000000,
64.000,-0.000009,0.000000,0.000000,Landed,0.0000000,360.0000000,
64.500,-0.000005,0.000000,0.000000,Landed,0.0000000,360.0000000,
65.000,0.000014,0.000000,0.000000,Landed,0.0000000,360.0000000,
65.500,-0.000012,0.000000,0.000000,Landed,0.0000000,360.0000000,
66.000,0.000009,0.000000,0.000000,Landed,0.0000000,360.0000000,
66.500,0.000014,0.000000,0.000000,Landed,0.0000000,360.0000000,
67.000,0.000006,0.000000,0.000000,Landed,0.0000000,360.0000000,
67.500,0.000012,0.000000,0.000000,Landed,0.0000000,360.0000000,
68.000,0.000005,0.000000,0.000000,Landed,0.0000000,360.0000000,
68.500,0.000013,0.000000,0.000000,Landed,0.0000000,360.0000000,
69.000,0.000006,0.000000,0.000000,Landed,0.0000000,360.0000000,
69.500,0.000015,0.000000,0.000000,Landed,0.0000000,360.0000000,
70.000,0.000009,0.000000,0.000000,Landed,0.0000000,360.0000000,
70.500,-0.000011,0.000000,0.000000,Landed,0.0000000,360.0000000,
71.000,0.000015,0.000000,0.000000,Landed,0.0000000,360.0000000,
71.500,-0.000004,0.000000,0.000000,Landed,0.0000000,360.0000000,
72.000,-0.000008,0.000000,0.000000,Landed,0.0000000,360.0000000,
72.500,0.000005,0.000000,0.000000,Landed,0.0000000,360.0000000,
73.000,0.000002,0.000000,0.000000,Landed,0.0000000,360.0000000,
73.500,-0.000015,0.000000,0.000000,Landed,0.0000000,360.0000000,
74.000,0.000015,0.000000,0.000000,Landed,0.0000000,360.0000000,
74.500,-0.000001,0.000000,0.000000,Landed,0.0000000,360.0000000,
75.000,-0.000001,0.000000,0.000000,Landed,0.0000000,360.0000000,
75.500,0.000014,0.000000,0.000000,Landed,0.0000000,360.0000000,
76.000,-0.000015,0.000000,0.000000,Landed,0.0000000,360.0000000,
76.500,0.000002,0.000000,0.000000,Landed,0.0000000,360.0000000,
77.000,0.000004,0.000000,0.000000,Landed,0.0000000,360.0000000,
77.500,-0.000009,0.000000,0.000000,Landed,0.0000000,360.0000000,
78.000,-0.000006,0.000000,0.000000,Landed,0.0000000,360.0000000,
78.500,0.000013,0.000000,0.000000,Landed,0.0000000,360.0000000,
79.000,-0.000013,0.000000,0.000000,Landed,0.0000000,360.0000000,
79.500,0.000007,0.000000,0.000000,Landed,0.0000000,360.0000000,
80.000,0.000012,0.000000,0.000000,Landed,0.0000000,360.0000000,
80.500,0.000003,0.000000,0.000000,Landed,0.0000000,360.0000000,
81.000,0.000009,0.000000,0.000000,Landed,0.0000000,360.0000000,
81.500,0.000001,0.000000,0.000000,Landed,0.0000000,360.0000000,
82.000,0.000008,0.000000,0.000000,Landed,0.0000000,360.0000000,
82.500,0.000001,0.000000,0.000000,Landed,0.0000000,360.0000000,
83.000,0.000009,0.000000,0.000000,Landed,0.0000000,360.0000000,
83.500,0.000003,0.000000,0.000000,Landed,0.0000000,360.0000000,
84.000,0.000013,0.000000,0.000000,Landed,0.0000000,360.0000000,
84.500,0.000008,0.000000,0.000000,Landed,0.0000000,360.0000000,
85.000,-0.000012,0.000000,0.000000,Landed,0.0000000,360.0000000,
85.500,0.000014,0.000000,0.000000,Landed,0.0000000,360.0000000,
86.000,-0.000004,0.000000,0.000000,Landed,0.0000000,360.0000000,
86.500,-0.000007,0.000000,0.000000,Landed,0.0000000,360.0000000,
87.000,0.000006,0.000000,0.000000,Landed,0.0000000,360.0000000,
87.500,0.000004,0.000000,0.000000,Landed,0.0000000,360.0000000,
88.000,-0.000013,0.000000,0.000000,Landed,0.0000000,360.0000000,
88.500,-0.000014,0.000000,0.000000,Landed,0.0000000,360.0000000,
89.000,0.000001,0.000000,0.000000,Landed,0.0000000,360.0000000,
89.500,0.000002,0.000000,0.000000,Landed,0.0000000,360.0000000,
90.000,-0.000013,0.000000,0.000000,Landed,0.0000000,360.0000000,
90.500,-0.000011,0.000000,0.000000,Landed,0.0000000,360.0000000,
91.000,0.000006,0.000000,0.000000,Landed,0.0000000,360.0000000,
91.500,0.000008,0.000000,0.000000,Landed,0.0000000,360.0000000,
92.000,-0.000004,0.000000,0.000000,Landed,0.0000000,360.0000000,
92.500,-0.000001,0.000000,0.000000,Landed,0.0000000,360.0000000,
93.000,-0.000012,0.000000,0.000000,Landed,0.0000000,360.0000000,
93.500,-0.000007,0.000000,0.000000,Landed,0.0000000,360.0000000,
94.000,0.000013,0.000000,0.000000,Landed,0.0000000,360.0000000,
94.500,-0.000012,0.000000,0.000000,Landed,0.0000000,360.0000000,
95.000,0.000010,0.000000,0.000000,Landed,0.0000000,360.0000000,
95.500,-0.000014,0.000000,0.000000,Landed,0.0000000,360.0000000,
96.000,0.000008,0.000000,0.000000,Landed,0.0000000,360.0000000,
96.500,-0.000014,0.000000,0.000000,Landed,0.0000000,360.0000000,
97.000,0.000009,0.000000,0.000000,Landed,0.0000000,360.0000000,
97.500,-0.000013,0.000000,0.000000,Landed,0.0000000,360.0000000,
98.000,0.000012,0.000000,0.000000,Landed,0.0000000,360.0000000,
98.500,-0.000009,0.000000,0.000000,Landed,0.0000000,360.0000000,
99.000,-0.000014,0.000000,0.000000,Landed,0.0000000,360.0000000,
99.500,-0.000003,0.000000,0.000000,Landed,0.0000000,360.0000000,
100.000,-0.000006,0.000000,0.000000,Landed,0.0000000,360.0000000,
100.500,0.000006,0.000000,0.000000,Landed,0.0000000,360.0000000,
101.000,0.000003,0.000000,0.000000,Landed,0.0000000,360.0000000,
101.500,-0.000015,0.000000,0.000000,Landed,0.0000000,360.0000000,
102.000,0.000014,0.000000,0.000000,Landed,0.0000000,360.0000000,
102.500,-0.000002,0.000000,0.000000,Landed,0.0000000,360.0000000,
103.000,-0.000003,0.000000,0.000000,Landed,0.0000000,360.0000000,
103.500,0.000012,0.000000,0.000000,Landed,0.0000000,360.0000000,
104.000,0.000013,0.000000,0.000000,Landed,0.0000000,360.0000000,
104.500,-0.000002,0.000000,0.000000,Landed,0.0000000,360.0000000,
105.000,-0.000000,0.000000,0.000000,Landed,0.0000000,360.0000000,
105.500,-0.000013,0.000000,0.000000,Landed,0.0000000,360.0000000,
106.000,-0.000011,0.000000,0.000000,Landed,0.0000000,360.0000000,
106.500,0.000007,0.000000,0.000000,Landed,0.0000000,360.0000000,
107.000,0.000011,0.000000,0.000000,Landed,0.0000000,360.0000000,
107.500,-0.000000,0.000000,0.000000,Landed,0.0000000,360.0000000,
108.000,0.000004,0.000000,0.000000,Landed,0.0000000,360.0000000,
108.500,-0.000006,0.000000,0.000000,Landed,0.0000000,360.0000000,
109.000,-0.000000,0.000000,0.000000,Landed,0.0000000,360.0000000,
109.500,-0.000009,0.000000,0.000000,Landed,0.0000000,360.0000000,
110.000,-0.000003,0.000000,0.000000,Landed,0.0000000,360.0000000,
110.500,-0.000011,0.000000,0.000000,Landed,0.0000000,360.0000000,
111.000,-0.000003,0.000000,0.000000,Landed,0.0000000,360.0000000,
111.500,-0.000010,0.000000,0.000000,Landed,0.0000000,360.0000000,
112.000,-0.000001,0.000000,0.000000,Landed,0.0000000,360.0000000,
112.500,-0.000007,0.000000,0.000000,Landed,0.0000000,360.0000000,
113.000,0.000003,0.000000,0.000000,Landed,0.0000000,360.0000000,
113.500,-0.000002,0.000000,0.000000,Landed,0.0000000,360.0000000,
114.000,0.000009,0.000000,0.000000,Landed,0.0000000,360.0000000,
114.500,0.000005,0.000000,0.000000,Landed,0.0000000,360.0000000,
115.000,-0.000014,0.000000,0.000000,Landed,0.0000000,360.0000000,
115.500,0.000014,0.000000,0.000000,Landed,0.0000000,360.0000000,
116.000,-0.000004,0.000000,0.000000,Landed,0.0000000,360.0000000,
116.500,-0.000006,0.000000,0.000000,Landed,0.0000000,360.0000000,
117.000,0.000008,0.000000,0.000000,Landed,0.0000000,360.0000000,
117.500,0.000007,0.000000,0.000000,Landed,0.0000000,360.0000000,
118.000,-0.000008,0.000000,0.000000,Landed,0.0000000,360.0000000,
118.500,-0.000008,0.000000,0.000000,Landed,0.0000000,360.0000000,
119.000,0.000008,0.000000,0.000000,Landed,0.0000000,360.0000000,
119.500,0.000009,0.000000,0.000000,Landed,0.0000000,360.0000000,
120.000,-0.000004,0.000000,0.000000,Landed,0.0000000,360.0000000,
120.500,-0.000002,0.000000,0.000000,Landed,0.0000000,360.0000000,
121.000,-0.000015,0.000000,0.000000,Landed,0.0000000,360.0000000,
121.500,-0.000011,0.000000,0.000000,Landed,0.0000000,360.0000000,
122.000,0.000008,0.000000,0.000000,Landed,0.0000000,0.0000000,
122.500,0.000012,0.000000,0.000000,Landed,0.0000000,360.0000000,
123.000,0.000001,0.000000,0.000000,Landed,0.0000000,360.0000000,
123.500,0.000007,0.000000,0.000000,Landed,0.0000000,360.0000000,
124.000,-0.000003,0.000000,0.000000,Landed,0.0000000,360.0000000,
124.500,0.000003,0.000000,0.000000,Landed,0.0000000,360.0000000,
125.000,-0.000005,0.000000,0.000000,Landed,0.0000000,360.0000000,
125.500,0.000002,0.000000,0.000000,Landed,0.0000000,360.0000000,
126.000,-0.000005,0.000000,0.000000,Landed,0.0000000,360.0000000,
126.500,0.000003,0.000000,0.000000,Landed,0.0000000,360.0000000,
127.000,-0.000003,0.000000,0.000000,Landed,0.0000000,360.0000000,
127.500,0.000006,0.000000,0.000000,Landed,0.0000000,360.0000000,
128.000,0.000001,0.000000,0.000000,Landed,0.0000000,360.0000000,
128.500,0.000011,0.000000,0.000000,Landed,0.0000000,360.0000000,
129.000,0.000007,0.000000,0.000000,Landed,0.0000000,360.0000000,
129.500,-0.000013,0.000000,0.000000,Landed,0.0000000,360.0000000,
130.000,0.000015,0.000000,0.000000,Landed,0.0000000,360.0000000,
130.500,-0.000004,0.000000,0.000000,Landed,0.0000000,360.0000000,
131.000,-0.000006,0.000000,0.000000,Landed,0.0000000,360.0000000,
131.500,0.000007,0.000000,0.000000,Landed,0.0000000,360.0000000,
132.000,0.000006,0.000000,0.000000,Landed,0.0000000,360.0000000,
132.500,-0.000010,0.000000,0.000000,Landed,0.0000000,360.0000000,
133.000,-0.000011,0.000000,0.000000,Landed,0.0000000,360.0000000,
133.500,0.000005,0.000000,0.000000,Landed,0.0000000,360.0000000,
134.000,0.000005,0.000000,0.000000,Landed,0.0000000,360.0000000,
134.500,-0.000009,0.000000,0.000000,Landed,0.0000000,360.0000000,
135.000,-0.000007,0.000000,0.000000,Landed,0.0000000,360.0000000,
135.500,0.000010,0.000000,0.000000,Landed,0.0000000,360.0000000,
136.000,0.000012,0.000000,0.000000,Landed,0.0000000,360.0000000,
136.500,0.000000,0.000000,0.000000,Landed,0.0000000,360.0000000,
137.000,0.000004,0.000000,0.000000,Landed,0.0000000,360.0000000,
137.500,-0.000007,0.000000,0.000000,Landed,0.0000000,360.0000000,
138.000,-0.000003,0.000000,0.000000,Landed,0.0000000,360.0000000,
138.500,-0.000013,0.000000,0.000000,Landed,0.0000000,360.0000000,
139.000,-0.000008,0.000000,0.000000,Landed,0.0000000,360.0000000,
139.500,0.000014,0.000000,0.000000,Landed,0.0000000,360.0000000,
140.000,-0.000010,0.000000,0.000000,Landed,0.0000000,360.0000000,
140.500,0.000012,0.000000,0.000000,Landed,0.0000000,360.0000000,
141.000,-0.000011,0.000000,0.000000,Landed,0.0000000,360.0000000,
141.500,0.000012,0.000000,0.000000,Landed,0.0000000,360.0000000,
142.000,-0.000010,0.000000,0.000000,Landed,0.0000000,360.0000000,
142.500,0.000014,0.000000,0.000000,Landed,0.0000000,360.0000000,
143.000,-0.000007,0.000000,0.000000,Landed,0.0000000,360.0000000,
143.500,-0.000012,0.000000,0.000000,Landed,0.0000000,360.0000000,
144.000,-0.000002,0.000000,0.000000,Landed,0.0000000,360.0000000,
144.500,-0.000006,0.000000,0.000000,Landed,0.0000000,0.0000000,
145.000,0.000005,0.000000,0.000000,Landed,0.0000000,360.0000000,
145.500,0.000002,0.000000,0.000000,Landed,0.0000000,360.0000000,
146.000,0.000014,0.000000,0.000000,Landed,0.0000000,360.0000000,
146.500,0.000011,0.000000,0.000000,Landed,0.0000000,360.0000000,
147.000,-0.000006,0.000000,0.000000,Landed,0.0000000,360.0000000,
147.500,-0.000007,0.000000,0.000000,Landed,0.0000000,360.0000000,
148.000,0.000007,0.000000,0.000000,Landed,0.0000000,360.0000000,
148.500,0.000006,0.000000,0.000000,Landed,0.0000000,360.0000000,
149.000,-0.000009,0.000000,0.000000,Landed,0.0000000,360.0000000,
149.500,-0.000008,0.000000,0.000000,Landed,0.0000000,360.0000000,
150.000,0.000008,0.000000,0.000000,Landed,0.0000000,360.0000000,
150.500,0.000009,0.000000,0.000000,Landed,0.0000000,360.0000000,
151.000,-0.000004,0.000000,0.000000,Landed,0.0000000,360.0000000,
151.500,-0.000002,0.000000,0.000000,Landed,0.0000000,360.0000000,
152.000,-0.000014,0.000000,0.000000,Landed,0.0000000,360.0000000,
152.500,-0.000011,0.000000,0.000000,Landed,0.0000000,360.0000000,
153.000,0.000008,0.000000,0.000000,Landed,0.0000000,360.0000000,
153.500,0.000012,0.000000,0.000000,Landed,0.0000000,360.0000000,
154.000,0.000002,0.000000,0.000000,Landed,0.0000000,360.0000000,
154.500,0.000007,0.000000,0.000000,Landed,0.0000000,360.0000000,
155.000,-0.000003,0.000000,0.000000,Landed,0.0000000,360.0000000,
155.500,0.000003,0.000000,0.000000,Landed,0.0000000,360.0000000,
156.000,-0.000005,0.000000,0.000000,Landed,0.0000000,360.0000000,
156.500,0.000002,0.000000,0.000000,Landed,0.0000000,360.0000000,
157.000,-0.000006,0.000000,0.000000,Landed,0.0000000,360.0000000,
157.500,0.000002,0.000000,0.000000,Landed,0.0000000,360.0000000,
158.000,-0.000005,0.000000,0.000000,Landed,0.0000000,360.0000000,
158.500,0.000004,0.000000,0.000000,Landed,0.0000000,360.0000000,
159.000,-0.000002,0.000000,0.000000,Landed,0.0000000,360.0000000,
159.500,0.000008,0.000000,0.000000,Landed,0.0000000,360.0000000,
160.000,0.000003,0.000000,0.000000,Landed,0.0000000,360.0000000,
160.500,0.000014,0.000000,0.000000,Landed,0.0000000,360.0000000,
161.000,0.000010,0.000000,0.000000,Landed,0.0000000,360.0000000,
161.500,-0.000008,0.000000,0.000000,Landed,0.0000000,360.0000000,
162.000,-0.000012,0.000000,0.000000,Landed,0.0000000,360.0000000,
162.500,0.000001,0.000000,0.000000,Landed,0.0000000,360.0000000,
163.000,-0.000001,0.000000,0.000000,Landed,0.0000000,360.0000000,
163.500,0.000013,0.000000,0.000000,Landed,0.0000000,360.0000000,
164.000,0.000011,0.000000,0.000000,Landed,0.0000000,360.0000000,
164.500,-0.000005,0.000000,0.000000,Landed,0.0000000,360.0000000,
165.000,-0.000005,0.000000,0.000000,Landed,0.0000000,360.0000000,
165.500,0.000011,0.000000,0.000000,Landed,0.0000000,360.0000000,
166.000,0.000011,0.000000,0.000000,Landed,0.0000000,360.0000000,
166.500,-0.000003,0.000000,0.000000,Landed,0.0000000,360.0000000,
167.000,-0.000001,0.000000,0.000000,Landed,0.0000000,360.0000000,
167.500,-0.000015,0.000000,0.000000,Landed,0.0000000,360.0000000,
168.000,-0.000012,0.000000,0.000000,Landed,0.0000000,360.0000000,
168.500,0.000006,0.000000,0.000000,Landed,0.0000000,360.0000000,
169.000,0.000009,0.000000,0.000000,Landed,0.0000000,360.0000000,
169.500,-0.000002,0.000000,0.000000,Landed,0.0000000,360.0000000,
170.000,0.000002,0.000000,0.000000,Landed,0.0000000,360.0000000,
170.500,-0.000008,0.000000,0.000000,Landed,0.0000000,360.0000000,
171.000,-0.000003,0.000000,0.000000,Landed,0.0000000,360.0000000,
171.500,-0.000013,0.000000,0.000000,Landed,0.0000000,360.0000000,
172.000,-0.000007,0.000000,0.000000,Landed,0.0000000,360.0000000,
172.500,0.000015,0.000000,0.000000,Landed,0.0000000,360.0000000,
173.000,-0.000008,0.000000,0.000000,Landed,0.0000000,360.0000000,
173.500,0.000014,0.000000,0.000000,Landed,0.0000000,360.0000000,
174.000,-0.000008,0.000000,0.000000,Landed,0.0000000,360.0000000,
174.500,-0.000015,0.000000,0.000000,Landed,0.0000000,360.0000000,
175.000,-0.000006,0.000000,0.000000,Landed,0.0000000,360.0000000,
175.500,-0.000012,0.000000,0.000000,Landed,0.0000000,0.0000000,
176.000,-0.000003,0.000000,0.000000,Landed,0.0000000,0.0000000,
176.500,-0.000008,0.000000,0.000000,Landed,0.0000000,0.0000000,
177.000,0.000003,0.000000,0.000000,Landed,0.0000000,0.0000000,
177.500,-0.000002,0.000000,0.000000,Landed,0.0000000,0.0000000,
178.000,0.000010,0.000000,0.000000,Landed,0.0000000,0.0000000,
178.500,0.000006,0.000000,0.000000,Landed,0.0000000,360.0000000,
179.000,-0.000012,0.000000,0.000000,Landed,0.0000000,360.0000000,
179.500,-0.000014,0.000000,0.000000,Landed,0.0000000,0.0000000,
180.000,-0.000001,0.000000,0.000000,Landed,0.0000000,0.0000000,
180.500,-0.000003,0.000000,0.000000,Landed,0.0000000,0.0000000,
181.000,0.000011,0.000000,0.000000,Landed,0.0000000,0.0000000,
181.500,0.000011,0.000000,0.000000,Landed,0.0000000,360.0000000,
182.000,-0.000005,0.000000,0.000000,Landed,0.0000000,360.0000000,
182.500,-0.000005,0.000000,0.000000,Landed,0.0000000,360.0000000,
183.000,0.000011,0.000000,0.000000,Landed,0.0000000,360.0000000,
183.500,0.000012,0.000000,0.000000,Landed,0.0000000,360.0000000,
184.000,-0.000002,0.000000,0.000000,Landed,0.0000000,360.0000000,
184.500,0.000000,0.000000,0.000000,Landed,0.0000000,360.0000000,
185.000,-0.000013,0.000000,0.000000,Landed,0.0000000,360.0000000,
185.500,-0.000010,0.000000,0.000000,Landed,0.0000000,0.0000000,
186.000,0.000008,0.000000,0.000000,Landed,0.0000000,0.0000000,
186.500,0.000012,0.000000,0.000000,Landed,0.0000000,360.0000000,
187.000,0.000001,0.000000,0.000000,Landed,0.0000000,360.0000000,
187.500,0.000005,0.000000,0.000000,Landed,0.0000000,360.0000000,
188.000,-0.000005,0.000000,0.000000,Landed,0.0000000,360.0000000,
188.500,-0.000000,0.000000,0.000000,Landed,0.0000000,360.0000000,
189.000,-0.000010,0.000000,0.000000,Landed,0.0000000,0.0000000,
189.500,-0.000004,0.000000,0.000000,Landed,0.0000000,0.0000000,
190.000,-0.000012,0.000000,0.000000,Landed,0.0000000,0.0000000,
190.500,-0.000005,0.000000,0.000000,Landed,0.0000000,0.0000000,
191.000,-0.000013,0.000000,0.000000,Landed,0.0000000,0.0000000,
191.500,-0.000005,0.000000,0.000000,Landed,0.0000000,0.0000000,
192.000,-0.000012,0.000000,0.000000,Landed,0.0000000,0.0000000,
192.500,-0.000003,0.000000,0.000000,Landed,0.0000000,0.0000000,
193.000,-0.000010,0.000000,0.000000,Landed,0.0000000,0.0000000,
193.500,-0.000000,0.000000,0.000000,Landed,0.0000000,0.0000000,
194.000,-0.000005,0.000000,0.000000,Landed,0.0000000,0.0000000,
194.500,0.000005,0.000000,0.000000,Landed,0.0000000,0.0000000,
195.000,0.000000,0.000000,0.000000,Landed,0.0000000,0.0000000,
195.500,0.000012,0.000000,0.000000,Landed,0.0000000,0.0000000,
196.000,0.000008,0.000000,0.000000,Landed,0.0000000,0.0000000,
196.500,-0.000011,0.000000,0.000000,Landed,0.0000000,0.0000000,
197.000,-0.000013,0.000000,0.000000,Landed,0.0000000,0.0000000,
197.500,-0.000001,0.000000,0.000000,Landed,0.0000000,0.0000000,
198.000,-0.000003,0.000000,0.000000,Landed,0.0000000,0.0000000,
198.500,0.000011,0.000000,0.000000,Landed,0.0000000,0.0000000,
199.000,0.000010,0.000000,0.000000,Landed,0.0000000,0.0000000,
199.500,-0.000006,0.000000,0.000000,Landed,0.0000000,0.0000000,
200.000,-0.000006,0.000000,0.000000,Landed,0.0000000,0.0000000,
200.500,0.000009,0.000000,0.000000,Landed,0.0000000,0.0000000,
201.000,0.000009,0.000000,0.000000,Landed,0.0000000,0.0000000,
201.500,-0.000005,0.000000,0.000000,Landed,0.0000000,0.0000000,
202.000,-0.000004,0.000000,0.000000,Landed,0.0000000,0.0000000,
202.500,0.000013,0.000000,0.000000,Landed,0.0000000,0.0000000,
203.000,0.000015,0.000000,0.000000,Landed,0.0000000,0.0000000,
203.500,0.000002,0.000000,0.000000,Landed,0.0000000,0.0000000,
204.000,0.000005,0.000000,0.000000,Landed,0.0000000,0.0000000,
204.500,-0.000007,0.000000,0.000000,Landed,0.0000000,0.0000000,
205.000,-0.000003,0.000000,0.000000,Landed,0.0000000,0.0000000,
205.500,-0.000014,0.000000,0.000000,Landed,0.0000000,0.0000000,
206.000,-0.000010,0.000000,0.000000,Landed,0.0000000,0.0000000,
206.500,0.000010,0.000000,0.000000,Landed,0.0000000,0.0000000,
207.000,-0.000015,0.000000,0.000000,Landed,0.0000000,0.0000000,
207.500,0.000006,0.000000,0.000000,Landed,0.0000000,0.0000000,
208.000,0.000012,0.000000,0.000000,Landed,0.0000000,0.0000000,
208.500,0.000003,0.000000,0.000000,Landed,0.0000000,0.0000000,
209.000,0.000010,0.000000,0.000000,Landed,0.0000000,0.0000000,
209.500,0.000002,0.000000,0.000000,Landed,0.0000000,0.0000000,
210.000,0.000010,0.000000,0.000000,Landed,0.0000000,0.0000000,
210.500,0.000003,0.000000,0.000000,Landed,0.0000000,0.0000000,
211.000,0.000011,0.000000,0.000000,Landed,0.0000000,0.0000000,
211.500,0.000005,0.000000,0.000000,Landed,0.0000000,0.0000000,
212.000,0.000014,0.000000,0.000000,Landed,0.0000000,360.0000000,
212.500,0.000008,0.000000,0.000000,Landed,0.0000000,360.0000000,
213.000,-0.000012,0.000000,0.000000,Landed,0.0000000,360.0000000,
213.500,0.000013,0.000000,0.000000,Landed,0.0000000,360.0000000,
214.000,-0.000007,0.000000,0.000000,Landed,0.0000000,360.0000000,
214.500,-0.000011,0.000000,0.000000,Landed,0.0000000,360.0000000,
215.000,0.000001,0.000000,0.000000,Landed,0.0000000,360.0000000,
215.500,-0.000003,0.000000,0.000000,Landed,0.0000000,360.0000000,
216.000,0.000010,0.000000,0.000000,Landed,0.0000000,360.0000000,
216.500,0.000007,0.000000,0.000000,Landed,0.0000000,360.0000000,
217.000,-0.000010,0.000000,0.000000,Landed,0.0000000,360.0000000,
217.500,-0.000012,0.000000,0.000000,Landed,0.0000000,360.0000000,
218.000,0.000002,0.000000,0.000000,Landed,0.0000000,360.0000000,
218.500,0.000001,0.000000,0.000000,Landed,0.0000000,360.0000000,
219.000,0.000015,0.000000,0.000000,Landed,0.0000000,360.0000000,
219.500,0.000015,0.000000,0.000000,Landed,0.0000000,360.0000000,
220.000,-0.000000,0.000000,0.000000,Landed,0.0000000,360.0000000,
220.500,0.000000,0.000000,0.000000,Landed,0.0000000,360.0000000,
221.000,-0.000014,0.000000,0.000000,Landed,0.0000000,360.0000000,
221.500,-0.000013,0.000000,0.000000,Landed,0.0000000,360.0000000,
222.000,0.000004,0.000000,0.000000,Landed,0.0000000,360.0000000,
222.500,0.000005,0.000000,0.000000,Landed,0.0000000,360.0000000,
223.000,-0.000007,0.000000,0.000000,Landed,0.0000000,360.0000000,
223.500,-0.000005,0.000000,0.000000,Landed,0.0000000,360.0000000,
224.000,0.000013,0.000000,0.000000,Landed,0.0000000,360.0000000,
224.500,-0.000014,0.000000,0.000000,Landed,0.0000000,360.0000000,
225.000,0.000005,0.000000,0.000000,Landed,0.0000000,0.0000000,
225.500,0.000009,0.000000,0.000000,Landed,0.0000000,360.0000000,
226.000,-0.000001,0.000000,0.000000,Landed,0.0000000,360.0000000,
226.500,0.000004,0.000000,0.000000,Landed,0.0000000,360.0000000,
227.000,-0.000006,0.000000,0.000000,Landed,0.0000000,360.0000000,
227.500,-0.000001,0.000000,0.000000,Landed,0.0000000,360.0000000,
228.000,-0.000010,0.000000,0.000000,Landed,0.0000000,0.0000000,
228.500,-0.000004,0.000000,0.000000,Landed,0.0000000,0.0000000,
229.000,-0.000012,0.000000,0.000000,Landed,0.0000000,0.0000000,
229.500,-0.000005,0.000000,0.000000,Landed,0.0000000,0.0000000,
230.000,-0.000013,0.000000,0.000000,Landed,0.0000000,0.0000000,
230.500,-0.000006,0.000000,0.000000,Landed,0.0000000,0.0000000,
231.000,-0.000013,0.000000,0.000000,Landed,0.0000000,0.0000000,
231.500,-0.000004,0.000000,0.000000,Landed,0.0000000,0.0000000,
232.000,-0.000011,0.000000,0.000000,Landed,0.0000000,0.0000000,
232.500,-0.000002,0.000000,0.000000,Landed,0.0000000,0.0000000,
233.000,-0.000007,0.000000,0.000000,Landed,0.0000000,0.0000000,
233.500,0.000002,0.000000,0.000000,Landed,0.0000000,0.0000000,
234.000,-0.000003,0.000000,0.000000,Landed,0.0000000,0.0000000,
234.500,0.000008,0.000000,0.000000,Landed,0.0000000,0.0000000,
235.000,0.000004,0.000000,0.000000,Landed,0.0000000,0.0000000,
235.500,0.000015,0.000000,0.000000,Landed,0.0000000,0.0000000,
236.000,0.000011,0.000000,0.000000,Landed,0.0000000,0.0000000,
236.500,-0.000007,0.000000,0.000000,Landed,0.0000000,0.0000000,
237.000,-0.000010,0.000000,0.000000,Landed,0.0000000,0.0000000,
237.500,0.000002,0.000000,0.000000,Landed,0.0000000,0.0000000,
238.000,-0.000000,0.000000,0.000000,Landed,0.0000000,0.0000000,
238.500,0.000013,0.000000,0.000000,Landed,0.0000000,0.0000000,
239.000,0.000012,0.000000,0.000000,Landed,0.0000000,0.0000000,
239.500,-0.000005,0.000000,0.000000,Landed,0.0000000,0.0000000,
240.000,-0.000006,0.000000,0.000000,Landed,0.0000000,0.0000000,
240.500,0.000009,0.000000,0.000000,Landed,0.0000000,0.0000000,
241.000,0.000009,0.000000,0.000000,Landed,0.0000000,0.0000000,
241.500,-0.000007,0.000000,0.000000,Landed,0.0000000,0.0000000,
242.000,-0.000006,0.000000,0.000000,Landed,0.0000000,0.0000000,
242.500,0.000010,0.000000,0.000000,Landed,0.0000000,0.0000000,
243.000,0.000011,0.000000,0.000000,Landed,0.0000000,0.0000000,
243.500,-0.000003,0.000000,0.000000,Landed,0.0000000,0.0000000,
244.000,-0.000001,0.000000,0.000000,Landed,0.0000000,0.0000000,
244.500,-0.000014,0.000000,0.000000,Landed,0.0000000,0.0000000,
245.000,-0.000012,0.000000,0.000000,Landed,0.0000000,0.0000000,
245.500,0.000006,0.000000,0.000000,Landed,0.0000000,0.0000000,
246.000,0.000009,0.000000,0.000000,Landed,0.0000000,0.0000000,
246.500,-0.000003,0.000000,0.000000,Landed,0.0000000,0.0000000,
247.000,0.000001,0.000000,0.000000,Landed,0.0000000,0.0000000,
247.500,-0.000010,0.000000,0.000000,Landed,0.0000000,0.0000000,
248.000,-0.000006,0.000000,0.000000,Landed,0.0000000,0.0000000,
248.500,0.000014,0.000000,0.000000,Landed,0.0000000,0.0000000,
249.000,-0.000012,0.000000,0.000000,Landed,0.0000000,0.0000000,
249.500,0.000009,0.000000,0.000000,Landed,0.0000000,0.0000000,
250.000,0.000015,0.000000,0.000000,Landed,0.0000000,0.0000000,
250.500,0.000005,0.000000,0.000000,Landed,0.0000000,0.0000000,
251.000,0.000012,0.000000,0.000000,Landed,0.0000000,0.0000000,
251.500,0.000003,0.000000,0.000000,Landed,0.0000000,0.0000000,
252.000,0.000010,0.000000,0.000000,Landed,0.0000000,0.0000000,
252.500,0.000002,0.000000,0.000000,Landed,0.0000000,0.0000000,
253.000,0.000009,0.000000,0.000000,Landed,0.0000000,360.0000000,
253.500,0.000002,0.000000,0.000000,Landed,0.0000000,360.0000000,
254.000,0.000010,0.000000,0.000000,Landed,0.0000000,360.0000000,
254.500,0.000003,0.000000,0.000000,Landed,0.0000000,360.0000000,
255.000,0.000012,0.000000,0.000000,Landed,0.0000000,360.0000000,
255.500,0.000006,0.000000,0.000000,Landed,0.0000000,360.0000000,
256.000,0.000015,0.000000,0.000000,Landed,0.0000000,360.0000000,
256.500,0.000010,0.000000,0.000000,Landed,0.0000000,360.0000000,
257.000,-0.000011,0.000000,0.000000,Landed,0.0000000,360.0000000,
257.500,0.000015,0.000000,0.000000,Landed,0.0000000,360.0000000,
258.000,-0.000005,0.000000,0.000000,Landed,0.0000000,360.0000000,
258.500,-0.000010,0.000000,0.000000,Landed,0.0000000,360.0000000,
259.000,0.000002,0.000000,0.000000,Landed,0.0000000,360.0000000,
259.500,-0.000002,0.000000,0.000000,Landed,0.0000000,360.0000000,
260.000,0.000010,0.000000,0.000000,Landed,0.0000000,360.0000000,
260.500,0.000006,0.000000,0.000000,Landed,0.0000000,360.0000000,
261.000,-0.000012,0.000000,0.000000,Landed,0.0000000,360.0000000,
261.500,-0.000014,0.000000,0.000000,Landed,0.0000000,360.0000000,
262.000,-0.000001,0.000000,0.000000,Landed,0.0000000,360.0000000,
262.500,-0.000003,0.000000,0.000000,Landed,0.0000000,360.0000000,
263.000,0.000010,0.000000,0.000000,Landed,0.0000000,360.0000000,
263.500,0.000009,0.000000,0.000000,Landed,0.0000000,360.0000000,
264.000,-0.000007,0.000000,0.000000,Landed,0.0000000,360.0000000,
264.500,-0.000008,0.000000,0.000000,Landed,0.0000000,360.0000000,
265.000,0.000007,0.000000,0.000000,Landed,0.0000000,360.0000000,
265.500,0.000006,0.000000,0.000000,Landed,0.0000000,360.0000000,
266.000,-0.000009,0.000000,0.000000,Landed,0.0000000,360.0000000,
266.500,-0.000009,0.000000,0.000000,Landed,0.0000000,360.0000000,
267.000,0.000007,0.000000,0.000000,Landed,0.0000000,360.0000000,
267.500,0.000008,0.000000,0.000000,Landed,0.0000000,360.0000000,
268.000,-0.000006,0.000000,0.000000,Landed,0.0000000,360.0000000,
268.500,-0.000004,0.000000,0.000000,Landed,0.0000000,360.0000000,
269.000,0.000013,0.000000,0.000000,Landed,0.0000000,360.0000000,
269.500,0.000015,0.000000,0.000000,Landed,0.0000000,360.0000000,
270.000,0.000002,0.000000,0.000000,Landed,0.0000000,360.0000000,
270.500,0.000004,0.000000,0.000000,Landed,0.0000000,360.0000000,
271.000,-0.000008,0.000000,0.000000,Landed,0.0000000,360.0000000,
271.500,-0.000005,0.000000,0.000000,Landed,0.0000000,360.0000000,
272.000,0.000014,0.000000,0.000000,Landed,0.0000000,360.0000000,
272.500,-0.000013,0.000000,0.000000,Landed,0.0000000,360.0000000,
273.000,0.000006,0.000000,0.000000,Landed,0.0000000,360.0000000,
273.500,0.000010,0.000000,0.000000,Landed,0.0000000,360.0000000,
274.000,-0.000001,0.000000,0.000000,Landed,0.0000000,360.0000000,
274.500,0.000004,0.000000,0.000000,Landed,0.0000000,360.0000000,
275.000,-0.000006,0.000000,0.000000,Landed,0.0000000,360.0000000,
275.500,-0.000001,0.000000,0.000000,Landed,0.0000000,360.0000000,
276.000,-0.000010,0.000000,0.000000,Landed,0.0000000,360.0000000,
276.500,-0.000005,0.000000,0.000000,Landed,0.0000000,360.0000000,
277.000,-0.000014,0.000000,0.000000,Landed,0.0000000,360.0000000,
277.500,-0.000007,0.000000,0.000000,Landed,0.0000000,360.0000000,
278.000,0.000014,0.000000,0.000000,Landed,0.0000000,360.0000000,
278.500,-0.000009,0.000000,0.000000,Landed,0.0000000,360.0000000,
279.000,0.000013,0.000000,0.000000,Landed,0.0000000,360.0000000,
279.500,-0.000010,0.000000,0.000000,Landed,0.0000000,360.0000000,
280.000,0.000013,0.000000,0.000000,Landed,0.0000000,360.0000000,
280.500,-0.000010,0.000000,0.000000,Landed,0.0000000,360.0000000,
281.000,0.000014,0.000000,0.000000,Landed,0.0000000,360.0000000,
281.500,-0.000008,0.000000,0.000000,Landed,0.0000000,360.0000000,
282.000,-0.000015,0.000000,0.000000,Landed,0.0000000,360.0000000,
282.500,-0.000006,0.000000,0.000000,Landed,0.0000000,360.0000000,
283.000,-0.000012,0.000000,0.000000,Landed,0.0000000,360.0000000,
283.500,-0.000003,0.000000,0.000000,Landed,0.0000000,360.0000000,
284.000,-0.000009,0.000000,0.000000,Landed,0.0000000,360.0000000,
284.500,0.000001,0.000000,0.000000,Landed,0.0000000,360.0000000,
285.000,-0.000004,0.000000,0.000000,Landed,0.0000000,360.0000000,
285.500,0.000007,0.000000,0.000000,Landed,0.0000000,360.0000000,
286.000,0.000002,0.000000,0.000000,Landed,0.0000000,360.0000000,
286.500,0.000013,0.000000,0.000000,Landed,0.0000000,360.0000000,
287.000,0.000009,0.000000,0.000000,Landed,0.0000000,360.0000000,
287.500,-0.000011,0.000000,0.000000,Landed,0.0000000,360.0000000,
288.000,-0.000014,0.000000,0.000000,Landed,0.0000000,360.0000000,
288.500,-0.000002,0.000000,0.000000,Landed,0.0000000,360.0000000,
289.000,-0.000006,0.000000,0.000000,Landed,0.0000000,360.0000000,
289.500,0.000007,0.000000,0.000000,Landed,0.0000000,360.0000000,
290.000,0.000004,0.000000,0.000000,Landed,0.0000000,360.0000000,
290.500,-0.000014,0.000000,0.000000,Landed,0.0000000,360.0000000,
291.000,0.000014,0.000000,0.000000,Landed,0.0000000,360.0000000,
291.500,-0.000003,0.000000,0.000000,Landed,0.0000000,360.0000000,
292.000,-0.000005,0.000000,0.000000,Landed,0.0000000,360.0000000,
292.500,0.000009,0.000000,0.000000,Landed,0.0000000,360.0000000,
293.000,0.000007,0.000000,0.000000,Landed,0.0000000,360.0000000,
293.500,-0.000009,0.000000,0.000000,Landed,0.0000000,360.0000000,
294.000,-0.000010,0.000000,0.000000,Landed,0.0000000,360.0000000,
294.500,0.000005,0.000000,0.000000,Landed,0.0000000,360.0000000,
295.000,0.000004,0.000000,0.000000,Landed,0.0000000,360.0000000,
295.500,-0.000011,0.000000,0.000000,Landed,0.0000000,360.0000000,
296.000,-0.000011,0.000000,0.000000,Landed,0.0000000,360.0000000,
296.500,0.000004,0.000000,0.000000,Landed,0.0000000,360.0000000,
297.000,0.000004,0.000000,0.000000,Landed,0.0000000,360.0000000,
297.500,-0.000010,0.000000,0.000000,Landed,0.0000000,360.0000000,
298.000,-0.000009,0.000000,0.000000,Landed,0.0000000,0.0000000,
298.500,0.000007,0.000000,0.000000,Landed,0.0000000,0.0000000,
299.000,0.000008,0.000000,0.000000,Landed,0.0000000,360.0000000,
299.500,-0.000006,0.000000,0.000000,Landed,0.0000000,0.0000000,
300.000,-0.000004,0.000000,0.000000,Landed,0.0000000,0.0000000,
300.500,0.000013,0.000000,0.000000,Landed,0.0000000,0.0000000,
301.000,0.000015,0.000000,0.000000,Landed,0.0000000,360.0000000,
301.500,0.000002,0.000000,0.000000,Landed,0.0000000,360.0000000,
302.000,0.000005,0.000000,0.000000,Landed,0.0000000,360.0000000,
302.500,-0.000008,0.000000,0.000000,Landed,0.0000000,360.0000000,
303.000,-0.000005,0.000000,0.000000,Landed,0.0000000,360.0000000,
303.500,0.000013,0.000000,0.000000,Landed,0.0000000,360.0000000,
304.000,-0.000014,0.000000,0.000000,Landed,0.0000000,360.0000000,
304.500,0.000005,0.000000,0.000000,Landed,0.0000000,360.0000000,
305.000,0.000008,0.000000,0.000000,Landed,0.0000000,360.0000000,
305.500,-0.000003,0.000000,0.000000,Landed,0.0000000,360.0000000,
306.000,0.000001,0.000000,0.000000,Landed,0.0000000,360.0000000,
306.500,-0.000010,0.000000,0.000000,Landed,0.0000000,360.0000000,
307.000,-0.000005,0.000000,0.000000,Landed,0.0000000,0.0000000,
307.500,0.000015,0.000000,0.000000,Landed,0.0000000,0.0000000,
308.000,-0.000011,0.000000,0.000000,Landed,0.0000000,360.0000000,
308.500,0.000009,0.000000,0.000000,Landed,0.0000000,0.0000000,
309.000,0.000014,0.000000,0.000000,Landed,0.0000000,360.0000000,
309.500,0.000005,0.000000,0.000000,Landed,0.0000000,360.0000000,
310.000,0.000010,0.000000,0.000000,Landed,0.0000000,360.0000000,
310.500,0.000001,0.000000,0.000000,Landed,0.0000000,360.0000000,
311.000,0.000007,0.000000,0.000000,Landed,0.0000000,360.0000000,
311.500,-0.000003,0.000000,0.000000,Landed,0.0000000,360.0000000,
312.000,0.000004,0.000000,0.000000,Landed,0.0000000,360.0000000,
312.500,-0.000005,0.000000,0.000000,Landed,0.0000000,360.0000000,
313.000,0.000002,0.000000,0.000000,Landed,0.0000000,360.0000000,
313.500,-0.000007,0.000000,0.000000,Landed,0.0000000,360.0000000,
314.000,0.000000,0.000000,0.000000,Landed,0.0000000,360.0000000,
314.500,-0.000008,0.000000,0.000000,Landed,0.0000000,360.0000000,
315.000,-0.000000,0.000000,0.000000,Landed,0.0000000,360.0000000,
315.500,-0.000008,0.000000,0.000000,Landed,0.0000000,360.0000000,
316.000,-0.000000,0.000000,0.000000,Landed,0.0000000,360.0000000,
316.500,-0.000008,0.000000,0.000000,Landed,0.0000000,360.0000000,
317.000,0.000000,0.000000,0.000000,Landed,0.0000000,360.0000000,
317.500,-0.000007,0.000000,0.000000,Landed,0.0000000,0.0000000,
318.000,0.000002,0.000000,0.000000,Landed,0.0000000,0.0000000,
318.500,-0.000005,0.000000,0.000000,Landed,0.0000000,0.0000000,
319.000,0.000004,0.000000,0.000000,Landed,0.0000000,0.0000000,
319.500,-0.000003,0.000000,0.000000,Landed,0.0000000,0.0000000,
320.000,0.000006,0.000000,0.000000,Landed,0.0000000,360.0000000,
320.500,0.000000,0.000000,0.000000,Landed,0.0000000,360.0000000,
321.000,0.000010,0.000000,0.000000,Landed,0.0000000,360.0000000,
321.500,0.000004,0.000000,0.000000,Landed,0.0000000,360.0000000,
322.000,0.000014,0.000000,0.000000,Landed,0.0000000,360.0000000,
322.500,0.000008,0.000000,0.000000,Landed,0.0000000,360.0000000,
323.000,-0.000012,0.000000,0.000000,Landed,0.0000000,360.0000000,
323.500,0.000013,0.000000,0.000000,Landed,0.0000000,360.0000000,
324.000,-0.000007,0.000000,0.000000,Landed,0.0000000,360.0000000,
324.500,-0.000012,0.000000,0.000000,Landed,0.0000000,360.0000000,
325.000,-0.000002,0.000000,0.000000,Landed,0.0000000,360.0000000,
325.500,-0.000006,0.000000,0.000000,Landed,0.0000000,360.0000000,
326.000,0.000005,0.000000,0.000000,Landed,0.0000000,360.0000000,
326.500,0.000000,0.000000,0.000000,Landed,0.0000000,360.0000000,
327.000,0.000012,0.000000,0.000000,Landed,0.0000000,360.0000000,
327.500,0.000008,0.000000,0.000000,Landed,0.0000000,360.0000000,
328.000,-0.000012,0.000000,0.000000,Landed,0.0000000,360.0000000,
328.500,-0.000015,0.000000,0.000000,Landed,0.0000000,360.0000000,
329.000,-0.000003,0.000000,0.000000,Landed,0.0000000,360.0000000,
329.500,-0.000007,0.000000,0.000000,Landed,0.0000000,360.0000000,
330.000,0.000005,0.000000,0.000000,Landed,0.0000000,360.0000000,
330.500,0.000002,0.000000,0.000000,Landed,0.0000000,360.0000000,
331.000,0.000014,0.000000,0.000000,Landed,0.0000000,360.0000000,
331.500,0.000011,0.000000,0.000000,Landed,0.0000000,360.0000000,
332.000,-0.000007,0.000000,0.000000,Landed,0.0000000,360.0000000,
332.500,-0.000010,0.000000,0.000000,Landed,0.0000000,360.0000000,
333.000,0.000003,0.000000,0.000000,Landed,0.0000000,360.0000000,
333.500,0.000001,0.000000,0.000000,Landed,0.0000000,360.0000000,
334.000,0.000014,0.000000,0.000000,Landed,0.0000000,360.0000000,
334.500,0.000012,0.000000,0.000000,Landed,0.0000000,360.0000000,
335.000,-0.000006,0.000000,0.000000,Landed,0.0000000,360.0000000,
335.500,-0.000008,0.000000,0.000000,Landed,0.0000000,360.0000000,
336.000,0.000006,0.000000,0.000000,Landed,0.0000000,360.0000000,
336.500,0.000004,0.000000,0.000000,Landed,0.0000000,360.0000000,
337.000,-0.000013,0.000000,0.000000,Landed,0.0000000,360.0000000,
337.500,-0.000014,0.000000,0.000000,Landed,0.0000000,360.0000000,
338.000,-0.000000,0.000000,0.000000,Landed,0.0000000,360.0000000,
338.500,-0.000001,0.000000,0.000000,Landed,0.0000000,360.0000000,
339.000,0.000013,0.000000,0.000000,Landed,0.0000000,360.0000000,
339.500,0.000012,0.000000,0.000000,Landed,0.0000000,360.0000000,
340.000,-0.000004,0.000000,0.000000,Landed,0.0000000,360.0000000,
340.500,-0.000005,0.000000,0.000000,Landed,0.0000000,360.0000000,
341.000,0.000009,0.000000,0.000000,Landed,0.0000000,360.0000000,
341.500,0.000009,0.000000,0.000000,Landed,0.0000000,360.0000000,
342.000,-0.000007,0.000000,0.000000,Landed,0.0000000,360.0000000,
342.500,-0.000007,0.000000,0.000000,Landed,0.0000000,360.0000000,
343.000,0.000008,0.000000,0.000000,Landed,0.0000000,360.0000000,
343.500,0.000007,0.000000,0.000000,Landed,0.0000000,360.0000000,
344.000,-0.000008,0.000000,0.000000,Landed,0.0000000,360.0000000,
344.500,-0.000008,0.000000,0.000000,Landed,0.0000000,360.0000000,
345.000,0.000007,0.000000,0.000000,Landed,0.0000000,360.0000000,
345.500,0.000008,0.000000,0.000000,Landed,0.0000000,360.0000000,
346.000,-0.000007,0.000000,0.000000,Landed,0.0000000,360.0000000,
346.500,-0.000007,0.000000,0.000000,Landed,0.0000000,360.0000000,
347.000,0.000009,0.000000,0.000000,Landed,0.0000000,360.0000000,
347.500,0.000009,0.000000,0.000000,Landed,0.0000000,360.0000000,
348.000,-0.000005,0.000000,0.000000,Landed,0.0000000,360.0000000,
348.500,-0.000005,0.000000,0.000000,Landed,0.0000000,360.0000000,
349.000,0.000012,0.000000,0.000000,Landed,0.0000000,360.0000000,
349.500,0.000012,0.000000,0.000000,Landed,0.0000000,360.0000000,
350.000,-0.000002,0.000000,0.000000,Landed,0.0000000,360.0000000,
350.500,-0.000001,0.000000,0.000000,Landed,0.0000000,360.0000000,
351.000,-0.000015,0.000000,0.000000,Landed,0.0000000,360.0000000,
351.500,-0.000014,0.000000,0.000000,Landed,0.0000000,360.0000000,
352.000,0.000003,0.000000,0.000000,Landed,0.0000000,360.0000000,
352.500,0.000004,0.000000,0.000000,Landed,0.0000000,360.0000000,
353.000,-0.000010,0.000000,0.000000,Landed,0.0000000,360.0000000,
353.500,-0.000008,0.000000,0.000000,Landed,0.0000000,360.0000000,
354.000,0.000009,0.000000,0.000000,Landed,0.0000000,360.0000000,
354.500,0.000010,0.000000,0.000000,Landed,0.0000000,360.0000000,
355.000,-0.000003,0.000000,0.000000,Landed,0.0000000,360.0000000,
355.500,-0.000002,0.000000,0.000000,Landed,0.0000000,360.0000000,
356.000,-0.000015,0.000000,0.000000,Landed,0.0000000,360.0000000,
356.500,-0.000013,0.000000,0.000000,Landed,0.0000000,360.0000000,
357.000,0.000004,0.000000,0.000000,Landed,0.0000000,360.0000000,
357.500,0.000006,0.000000,0.000000,Landed,0.0000000,360.0000000,
358.000,-0.000007,0.000000,0.000000,Landed,0.0000000,360.0000000,
358.500,-0.000005,0.000000,0.000000,Landed,0.0000000,360.0000000,
359.000,0.000012,0.000000,0.000000,Landed,0.0000000,360.0000000,
359.500,0.000015,0.000000,0.000000,Landed,0.0000000,360.0000000,
360.000,0.000002,0.000000,0.000000,Landed,0.0000000,360.0000000,
360.500,0.000004,0.000000,0.000000,Landed,0.0000000,360.0000000,
361.000,-0.000009,0.000000,0.000000,Landed,0.0000000,360.0000000,
361.500,-0.000007,0.000000,0.000000,Landed,0.0000000,360.0000000,
362.000,0.000011,0.000000,0.000000,Landed,0.0000000,360.0000000,
362.500,0.000014,0.000000,0.000000,Landed,0.0000000,360.0000000,
363.000,0.000001,0.000000,0.000000,Landed,0.0000000,360.0000000,
363.500,0.000003,0.000000,0.000000,Landed,0.0000000,360.0000000,
364.000,-0.000009,0.000000,0.000000,Landed,0.0000000,360.0000000,
364.500,-0.000006,0.000000,0.000000,Landed,0.0000000,360.0000000,
365.000,0.000011,0.000000,0.000000,Landed,0.0000000,360.0000000,
365.500,0.000014,0.000000,0.000000,Landed,0.0000000,360.0000000,
366.000,0.000002,0.000000,0.000000,Landed,0.0000000,360.0000000,
366.500,0.000004,0.000000,0.000000,Landed,0.0000000,360.0000000,
367.000,-0.000008,0.000000,0.000000,Landed,0.0000000,360.0000000,
367.500,-0.000005,0.000000,0.000000,Landed,0.0000000,360.0000000,
368.000,0.000013,0.000000,0.000000,Landed,0.0000000,360.0000000,
368.500,-0.000015,0.000000,0.000000,Landed,0.0000000,360.0000000,
369.000,0.000004,0.000000,0.000000,Landed,0.0000000,360.0000000,
369.500,0.000007,0.000000,0.000000,Landed,0.0000000,360.0000000,
370.000,-0.000006,0.000000,0.000000,Landed,0.0000000,360.0000000,
370.500,-0.000003,0.000000,0.000000,Landed,0.0000000,360.0000000,
371.000,-0.000015,0.000000,0.000000,Landed,0.0000000,360.0000000,
371.500,-0.000012,0.000000,0.000000,Landed,0.0000000,360.0000000,
372.000,0.000007,0.000000,0.000000,Landed,0.0000000,360.0000000,
372.500,0.000010,0.000000,0.000000,Landed,0.0000000,360.0000000,
373.000,-0.000003,0.000000,0.000000,Landed,0.0000000,360.0000000,
373.500,0.000001,0.000000,0.000000,Landed,0.0000000,360.0000000,
374.000,-0.000012,0.000000,0.000000,Landed,0.0000000,360.0000000,
374.500,-0.000008,0.000000,0.000000,Landed,0.0000000,0.0000000,
375.000,0.000010,0.000000,0.000000,Landed,0.0000000,0.0000000,
375.500,0.000013,0.000000,0.000000,Landed,0.0000000,360.0000000,
376.000,0.000001,0.000000,0.000000,Landed,0.0000000,360.0000000,
376.500,0.000004,0.000000,0.000000,Landed,0.0000000,360.0000000,
377.000,-0.000008,0.000000,0.000000,Landed,0.0000000,360.0000000,
377.500,-0.000005,0.000000,0.000000,Landed,0.0000000,360.0000000,
378.000,0.000014,0.000000,0.000000,Landed,0.0000000,360.0000000,
378.500,-0.000014,0.000000,0.000000,Landed,0.0000000,360.0000000,
379.000,0.000005,0.000000,0.000000,Landed,0.0000000,0.0000000,
379.500,0.000008,0.000000,0.000000,Landed,0.0000000,360.0000000,
380.000,-0.000004,0.000000,0.000000,Landed,0.0000000,360.0000000,
380.500,-0.000001,0.000000,0.000000,Landed,0.0000000,0.0000000,
381.000,-0.000013,0.000000,0.000000,Landed,0.0000000,0.0000000,
381.500,-0.000010,0.000000,0.000000,Landed,0.0000000,0.0000000,
382.000,0.000008,0.000000,0.000000,Landed,0.0000000,0.0000000,
382.500,0.000011,0.000000,0.000000,Landed,0.0000000,0.0000000,
383.000,-0.000001,0.000000,0.000000,Landed,0.0000000,0.0000000,
383.500,0.000002,0.000000,0.000000,Landed,0.0000000,0.0000000,
384.000,-0.000010,0.000000,0.000000,Landed,0.0000000,0.0000000,
384.500,-0.000007,0.000000,0.000000,Landed,0.0000000,0.0000000,
385.000,0.000011,0.000000,0.000000,Landed,0.0000000,0.0000000,
385.500,0.000014,0.000000,0.000000,Landed,0.0000000,0.0000000,
386.000,0.000001,0.000000,0.000000,Landed,0.0000000,0.0000000,
386.500,0.000004,0.000000,0.000000,Landed,0.0000000,0.0000000,
387.000,-0.000008,0.000000,0.000000,Landed,0.0000000,0.0000000,
387.500,-0.000005,0.000000,0.000000,Landed,0.0000000,0.0000000,
388.000,0.000013,0.000000,0.000000,Landed,0.0000000,0.0000000,
388.500,-0.000015,0.000000,0.000000,Landed,0.0000000,0.0000000,
389.000,0.000003,0.000000,0.000000,Landed,0.0000000,0.0000000,
389.500,0.000006,0.000000,0.000000,Landed,0.0000000,0.0000000,
390.000,-0.000007,0.000000,0.000000,Landed,0.0000000,0.0000000,
390.500,-0.000004,0.000000,0.000000,Landed,0.0000000,0.0000000,
391.000,0.000014,0.000000,0.000000,Landed,0.0000000,0.0000000,
391.500,-0.000014,0.000000,0.000000,Landed,0.0000000,0.0000000,
392.000,0.000003,0.000000,0.000000,Landed,0.0000000,0.0000000,
392.500,0.000006,0.000000,0.000000,Landed,0.0000000,0.0000000,
393.000,-0.000007,0.000000,0.000000,Landed,0.0000000,0.0000000,
393.500,-0.000005,0.000000,0.000000,Landed,0.0000000,0.0000000,
394.000,0.000013,0.000000,0.000000,Landed,0.0000000,0.0000000,
394.500,0.000015,0.000000,0.000000,Landed,0.0000000,0.0000000,
395.000,0.000002,0.000000,0.000000,Landed,0.0000000,0.0000000,
395.500,0.000004,0.000000,0.000000,Landed,0.0000000,0.0000000,
396.000,-0.000009,0.000000,0.000000,Landed,0.0000000,0.0000000,
396.500,-0.000007,0.000000,0.000000,Landed,0.0000000,0.0000000,
397.000,0.000010,0.000000,0.000000,Landed,0.0000000,0.0000000,
397.500,0.000012,0.000000,0.000000,Landed,0.0000000,0.0000000,
398.000,-0.000002,0.000000,0.000000,Landed,0.0000000,0.0000000,
398.500,0.000000,0.000000,0.000000,Landed,0.0000000,0.0000000,
399.000,-0.000013,0.000000,0.000000,Landed,0.0000000,0.0000000,
399.500,-0.000012,0.000000,0.000000,Landed,0.0000000,0.0000000,
400.000,0.000005,0.000000,0.000000,Landed,0.0000000,0.0000000,
400.500,0.000007,0.000000,0.000000,Landed,0.0000000,0.0000000,
401.000,-0.000007,0.000000,0.000000,Landed,0.0000000,0.0000000,
401.500,-0.000006,0.000000,0.000000,Landed,0.0000000,0.0000000,
402.000,0.000011,0.000000,0.000000,Landed,0.0000000,0.0000000,
402.500,0.000012,0.000000,0.000000,Landed,0.0000000,0.0000000,
403.000,-0.000002,0.000000,0.000000,Landed,0.0000000,0.0000000,
403.500,-0.000001,0.000000,0.000000,Landed,0.0000000,0.0000000,
404.000,0.000015,0.000000,0.000000,Landed,0.0000000,0.0000000,
404.500,-0.000015,0.000000,0.000000,Landed,0.0000000,0.0000000,
405.000,0.000001,0.000000,0.000000,Landed,0.0000000,0.0000000,
405.500,0.000002,0.000000,0.000000,Landed,0.0000000,0.0000000,
406.000,-0.000013,0.000000,0.000000,Landed,0.0000000,0.0000000,
406.500,-0.000012,0.000000,0.000000,Landed,0.0000000,0.0000000,
407.000,0.000004,0.000000,0.000000,Landed,0.0000000,0.0000000,
407.500,0.000004,0.000000,0.000000,Landed,0.0000000,0.0000000,
408.000,-0.000011,0.000000,0.000000,Landed,0.0000000,0.0000000,
408.500,-0.000011,0.000000,0.000000,Landed,0.0000000,0.0000000,
409.000,0.000004,0.000000,0.000000,Landed,0.0000000,0.0000000,
409.500,0.000004,0.000000,0.000000,Landed,0.0000000,0.0000000,
410.000,-0.000011,0.000000,0.000000,Landed,0.0000000,0.0000000,
410.500,-0.000012,0.000000,0.000000,Landed,0.0000000,0.0000000,
411.000,0.000003,0.000000,0.000000,Landed,0.0000000,0.0000000,
411.500,0.000003,0.000000,0.000000,Landed,0.0000000,0.0000000,
412.000,-0.000013,0.000000,0.000000,Landed,0.0000000,0.0000000,
412.500,-0.000014,0.000000,0.000000,Landed,0.0000000,0.0000000,
413.000,0.000001,0.000000,0.000000,Landed,0.0000000,0.0000000,
413.500,-0.000000,0.000000,0.000000,Landed,0.0000000,0.0000000,
414.000,0.000014,0.000000,0.000000,Landed,0.0000000,0.0000000,
414.500,0.000013,0.000000,0.000000,Landed,0.0000000,0.0000000,
415.000,-0.000004,0.000000,0.000000,Landed,0.0000000,0.0000000,
415.500,-0.000005,0.000000,0.000000,Landed,0.0000000,0.0000000,
416.000,0.000008,0.000000,0.000000,Landed,0.0000000,0.0000000,
416.500,0.000007,0.000000,0.000000,Landed,0.0000000,0.0000000,
417.000,-0.000010,0.000000,0.000000,Landed,0.0000000,0.0000000,
417.500,-0.000012,0.000000,0.000000,Landed,0.0000000,0.0000000,
418.000,0.000001,0.000000,0.000000,Landed,0.0000000,0.0000000,
418.500,-0.000001,0.000000,0.000000,Landed,0.0000000,0.0000000,
419.000,0.000012,0.000000,0.000000,Landed,0.0000000,0.0000000,
419.500,0.000009,0.000000,0.000000,Landed,0.0000000,0.0000000,
420.000,-0.000008,0.000000,0.000000,Landed,0.0000000,0.0000000,
420.500,-0.000011,0.000000,0.000000,Landed,0.0000000,0.0000000,
421.000,0.000001,0.000000,0.000000,Landed,0.0000000,0.0000000,
421.500,-0.000002,0.000000,0.000000,Landed,0.0000000,0.0000000,
422.000,0.000010,0.000000,0.000000,Landed,0.0000000,0.0000000,
422.500,0.000007,0.000000,0.000000,Landed,0.0000000,0.0000000,
423.000,-0.000012,0.000000,0.000000,Landed,0.0000000,0.0000000,
423.500,-0.000015,0.000000,0.000000,Landed,0.0000000,0.0000000,
424.000,-0.000004,0.000000,0.000000,Landed,0.0000000,0.0000000,
424.500,-0.000007,0.000000,0.000000,Landed,0.0000000,0.0000000,
425.000,0.000004,0.000000,0.000000,Landed,0.0000000,0.0000000,
425.500,-0.000000,0.000000,0.000000,Landed,0.0000000,0.0000000,
426.000,0.000011,0.000000,0.000000,Landed,0.0000000,0.0000000,
426.500,0.000006,0.000000,0.000000,Landed,0.0000000,0.0000000,
427.000,-0.000014,0.000000,0.000000,Landed,0.0000000,0.0000000,
427.500,0.000012,0.000000,0.000000,Landed,0.0000000,0.0000000,
428.000,-0.000008,0.000000,0.000000,Landed,0.0000000,0.0000000,
428.500,-0.000013,0.000000,0.000000,Landed,0.0000000,0.0000000,
429.000,-0.000003,0.000000,0.000000,Landed,0.0000000,0.0000000,
429.500,-0.000009,0.000000,0.000000,Landed,0.0000000,0.0000000,
430.000,0.000001,0.000000,0.000000,Landed,0.0000000,0.0000000,
430.500,-0.000005,0.000000,0.000000,Landed,0.0000000,0.0000000,
431.000,0.000004,0.000000,0.000000,Landed,0.0000000,0.0000000,
431.500,-0.000002,0.000000,0.000000,Landed,0.0000000,0.0000000,
432.000,0.000007,0.000000,0.000000,Landed,0.0000000,0.0000000,
432.500,0.000000,0.000000,0.000000,Landed,0.0000000,0.0000000,
433.000,0.000009,0.000000,0.000000,Landed,0.0000000,0.0000000,
433.500,0.000002,0.000000,0.000000,Landed,0.0000000,0.0000000,
434.000,0.000010,0.000000,0.000000,Landed,0.0000000,0.0000000,
434.500,0.000003,0.000000,0.000000,Landed,0.0000000,0.0000000,
435.000,0.000011,0.000000,0.000000,Landed,0.0000000,0.0000000,
435.500,0.000003,0.000000,0.000000,Landed,0.0000000,0.0000000,
436.000,0.000011,0.000000,0.000000,Landed,0.0000000,0.0000000,
436.500,0.000003,0.000000,0.000000,Landed,0.0000000,0.0000000,
437.000,0.000010,0.000000,0.000000,Landed,0.0000000,0.0000000,
437.500,0.000001,0.000000,0.000000,Landed,0.0000000,0.0000000,
438.000,0.000008,0.000000,0.000000,Landed,0.0000000,0.0000000,
438.500,-0.000001,0.000000,0.000000,Landed,0.0000000,0.0000000,
439.000,0.000005,0.000000,0.000000,Landed,0.0000000,0.0000000,
439.500,-0.000004,0.000000,0.000000,Landed,0.0000000,0.0000000,
440.000,0.000002,0.000000,0.000000,Landed,0.0000000,0.0000000,
440.500,-0.000007,0.000000,0.000000,Landed,0.0000000,0.0000000,
441.000,-0.000002,0.000000,0.000000,Landed,0.0000000,0.0000000,
441.500,-0.000012,0.000000,0.000000,Landed,0.0000000,0.0000000,
442.000,-0.000007,0.000000,0.000000,Landed,0.0000000,0.0000000,
442.500,0.000013,0.000000,0.000000,Landed,0.0000000,0.0000000,
443.000,-0.000013,0.000000,0.000000,Landed,0.0000000,0.0000000,
443.500,0.000007,0.000000,0.000000,Landed,0.0000000,0.0000000,
444.000,0.000011,0.000000,0.000000,Landed,0.0000000,0.0000000,
444.500,-0.000000,0.000000,0.000000,Landed,0.0000000,0.0000000,
445.000,0.000004,0.000000,0.000000,Landed,0.0000000,0.0000000,
445.500,-0.000008,0.000000,0.000000,Landed,0.0000000,0.0000000,
446.000,-0.000005,0.000000,0.000000,Landed,0.0000000,0.0000000,
446.500,0.000014,0.000000,0.000000,Landed,0.0000000,0.0000000,
447.000,-0.000014,0.000000,0.000000,Landed,0.0000000,0.0000000,
447.500,0.000004,0.000000,0.000000,Landed,0.0000000,0.0000000,
448.000,0.000006,0.000000,0.000000,Landed,0.0000000,0.0000000,
448.500,-0.000007,0.000000,0.000000,Landed,0.0000000,0.0000000,
449.000,-0.000005,0.000000,0.000000,Landed,0.0000000,0.0000000,
449.500,0.000012,0.000000,0.000000,Landed,0.0000000,0.0000000,
450.000,0.000013,0.000000,0.000000,Landed,0.0000000,0.0000000,
450.500,-0.000001,0.000000,0.000000,Landed,0.0000000,0.0000000,
451.000,0.000000,0.000000,0.000000,Landed,0.0000000,0.0000000,
451.500,-0.000014,0.000000,0.000000,Landed,0.0000000,0.0000000,
452.000,-0.000014,0.000000,0.000000,Landed,0.0000000,0.0000000,
452.500,0.000002,0.000000,0.000000,Landed,0.0000000,0.0000000,
453.000,0.000002,0.000000,0.000000,Landed,0.0000000,0.0000000,
453.500,-0.000014,0.000000,0.000000,Landed,0.0000000,0.0000000,
454.000,-0.000015,0.000000,0.000000,Landed,0.0000000,0.0000000,
454.500,-0.000000,0.000000,0.000000,Landed,0.0000000,0.0000000,
455.000,-0.000001,0.000000,0.000000,Landed,0.0000000,0.0000000,
455.500,0.000013,0.000000,0.000000,Landed,0.0000000,0.0000000,
456.000,0.000011,0.000000,0.000000,Landed,0.0000000,0.0000000,
456.500,-0.000006,0.000000,0.000000,Landed,0.0000000,0.0000000,
457.000,-0.000008,0.000000,0.000000,Landed,0.0000000,0.0000000,
457.500,0.000005,0.000000,0.000000,Landed,0.0000000,0.0000000,
458.000,0.000002,0.000000,0.000000,Landed,0.0000000,0.0000000,
458.500,0.000014,0.000000,0.000000,Landed,0.0000000,0.0000000,
459.000,0.000011,0.000000,0.000000,Landed,0.0000000,0.0000000,
459.500,-0.000008,0.000000,0.000000,Landed,0.0000000,0.0000000,
460.000,-0.000011,0.000000,0.000000,Landed,0.0000000,0.0000000,
460.500,0.000000,0.000000,0.000000,Landed,0.0000000,0.0000000,
461.000,-0.000004,0.000000,0.000000,Landed,0.0000000,0.0000000,
461.500,0.000006,0.000000,0.000000,Landed,0.0000000,0.0000000,
462.000,0.000002,0.000000,0.000000,Landed,0.0000000,0.0000000,
462.500,0.000012,0.000000,0.000000,Landed,0.0000000,0.0000000,
463.000,0.000006,0.000000,0.000000,Landed,0.0000000,0.0000000,
463.500,-0.000015,0.000000,0.000000,Landed,0.0000000,0.0000000,
464.000,0.000010,0.000000,0.000000,Landed,0.0000000,0.0000000,
464.500,-0.000012,0.000000,0.000000,Landed,0.0000000,0.0000000,
465.000,0.000012,0.000000,0.000000,Landed,0.0000000,0.0000000,
465.500,-0.000010,0.000000,0.000000,Landed,0.0000000,0.0000000,
466.000,0.000013,0.000000,0.000000,Landed,0.0000000,0.0000000,
466.500,-0.000010,0.000000,0.000000,Landed,0.0000000,0.0000000,
467.000,0.000013,0.000000,0.000000,Landed,0.0000000,0.0000000,
467.500,-0.000010,0.000000,0.000000,Landed,0.0000000,0.0000000,
468.000,0.000012,0.000000,0.000000,Landed,0.0000000,0.0000000,
468.500,-0.000012,0.000000,0.000000,Landed,0.0000000,0.0000000,
469.000,0.000009,0.000000,0.000000,Landed,0.0000000,0.0000000,
469.500,-0.000015,0.000000,0.000000,Landed,0.0000000,0.0000000,
470.000,0.000006,0.000000,0.000000,Landed,0.0000000,0.0000000,
470.500,0.000011,0.000000,0.000000,Landed,0.0000000,0.0000000,
471.000,0.000001,0.000000,0.000000,Landed,0.0000000,0.0000000,
471.500,0.000005,0.000000,0.000000,Landed,0.0000000,0.0000000,
472.000,-0.000006,0.000000,0.000000,Landed,0.0000000,0.0000000,
472.500,-0.000002,0.000000,0.000000,Landed,0.0000000,0.0000000,
473.000,-0.000013,0.000000,0.000000,Landed,0.0000000,0.0000000,
473.500,-0.000010,0.000000,0.000000,Landed,0.0000000,0.0000000,
474.000,0.000009,0.000000,0.000000,Landed,0.0000000,0.0000000,
474.500,0.000011,0.000000,0.000000,Landed,0.0000000,0.0000000,
475.000,-0.000002,0.000000,0.000000,Landed,0.0000000,0.0000000,
475.500,0.000001,0.000000,0.000000,Landed,0.0000000,0.0000000,
476.000,-0.000013,0.000000,0.000000,Landed,0.0000000,0.0000000,
476.500,-0.000012,0.000000,0.000000,Landed,0.0000000,0.0000000,
477.000,0.000005,0.000000,0.000000,Landed,0.0000000,0.0000000,
477.500,0.000005,0.000000,0.000000,Landed,0.0000000,0.0000000,
478.000,-0.000009,0.000000,0.000000,Landed,0.0000000,0.0000000,
478.500,-0.000009,0.000000,0.000000,Landed,0.0000000,0.0000000,
479.000,0.000006,0.000000,0.000000,Landed,0.0000000,0.0000000,
479.500,0.000005,0.000000,0.000000,Landed,0.0000000,0.0000000,
480.000,-0.000011,0.000000,0.000000,Landed,0.0000000,0.0000000,
480.500,-0.000013,0.000000,0.000000,Landed,0.0000000,0.0000000,
481.000,0.000001,0.000000,0.000000,Landed,0.0000000,0.0000000,
481.500,-0.000001,0.000000,0.000000,Landed,0.0000000,0.0000000,
482.000,0.000011,0.000000,0.000000,Landed,0.0000000,0.0000000,
482.500,0.000009,0.000000,0.000000,Landed,0.0000000,0.0000000,
483.000,-0.000010,0.000000,0.000000,Landed,0.0000000,0.0000000,
483.500,-0.000013,0.000000,0.000000,Landed,0.0000000,0.0000000,
484.000,-0.000002,0.000000,0.000000,Landed,0.0000000,0.0000000,
484.500,-0.000006,0.000000,0.000000,Landed,0.0000000,0.0000000,
485.000,0.000004,0.000000,0.000000,Landed,0.0000000,0.0000000,
485.500,-0.000001,0.000000,0.000000,Landed,0.0000000,0.0000000,
486.000,0.000009,0.000000,0.000000,Landed,0.0000000,0.0000000,
486.500,0.000003,0.000000,0.000000,Landed,0.0000000,0.0000000,
487.000,0.000012,0.000000,0.000000,Landed,0.0000000,0.0000000,
487.500,0.000006,0.000000,0.000000,Landed,0.0000000,0.0000000,
488.000,0.000014,0.000000,0.000000,Landed,0.0000000,0.0000000,
488.500,0.000007,0.000000,0.000000,Landed,0.0000000,0.0000000,
489.000,0.000014,0.000000,0.000000,Landed,0.0000000,0.0000000,
489.500,0.000006,0.000000,0.000000,Landed,0.0000000,0.0000000,
490.000,0.000013,0.000000,0.000000,Landed,0.0000000,0.0000000,
490.500,0.000004,0.000000,0.000000,Landed,0.0000000,0.0000000,
491.000,0.000010,0.000000,0.000000,Landed,0.0000000,360.0000000,
491.500,0.000000,0.000000,0.000000,Landed,0.0000000,360.0000000,
492.000,0.000005,0.000000,0.000000,Landed,0.0000000,360.0000000,
492.500,-0.000005,0.000000,0.000000,Landed,0.0000000,360.0000000,
493.000,-0.000001,0.000000,0.000000,Landed,0.0000000,360.0000000,
493.500,-0.000012,0.000000,0.000000,Landed,0.0000000,360.0000000,
494.000,-0.000008,0.000000,0.000000,Landed,0.0000000,0.0000000,
494.500,0.000010,0.000000,0.000000,Landed,0.0000000,0.0000000,
495.000,0.000013,0.000000,0.000000,Landed,0.0000000,360.0000000,
495.500,0.000000,0.000000,0.000000,Landed,0.0000000,360.0000000,
496.000,0.000002,0.000000,0.000000,Landed,0.0000000,360.0000000,
496.500,-0.000011,0.000000,0.000000,Landed,0.0000000,360.0000000,
497.000,-0.000010,0.000000,0.000000,Landed,0.0000000,0.0000000,
497.500,0.000006,0.000000,0.000000,Landed,0.0000000,0.0000000,
498.000,0.000006,0.000000,0.000000,Landed,0.0000000,0.0000000,
498.500,-0.000009,0.000000,0.000000,Landed,0.0000000,0.0000000,
499.000,-0.000010,0.000000,0.000000,Landed,0.0000000,0.0000000,
499.500,0.000004,0.000000,0.000000,Landed,0.0000000,0.0000000,
500.000,0.000003,0.000000,0.000000,Landed,0.0000000,0.0000000,
500.500,-0.000014,0.000000,0.000000,Landed,0.0000000,0.0000000,
501.000,0.000014,0.000000,0.000000,Landed,0.0000000,0.0000000,
501.500,-0.000004,0.000000,0.000000,Landed,0.0000000,0.0000000,
502.000,-0.000007,0.000000,0.000000,Landed,0.0000000,0.0000000,
502.500,0.000005,0.000000,0.000000,Landed,0.0000000,0.0000000,
503.000,0.000001,0.000000,0.000000,Landed,0.0000000,0.0000000,
503.500,0.000011,0.000000,0.000000,Landed,0.0000000,0.0000000,
504.000,0.000006,0.000000,0.000000,Landed,0.0000000,360.0000000,
504.500,-0.000014,0.000000,0.000000,Landed,0.0000000,360.0000000,
505.000,0.000011,0.000000,0.000000,Landed,0.0000000,360.0000000,
505.500,-0.000011,0.000000,0.000000,Landed,0.0000000,360.0000000,
506.000,0.000013,0.000000,0.000000,Landed,0.0000000,360.0000000,
506.500,-0.000010,0.000000,0.000000,Landed,0.0000000,360.0000000,
507.000,0.000013,0.000000,0.000000,Landed,0.0000000,360.0000000,
507.500,-0.000010,0.000000,0.000000,Landed,0.0000000,360.0000000,
508.000,0.000012,0.000000,0.000000,Landed,0.0000000,360.0000000,
508.500,-0.000012,0.000000,0.000000,Landed,0.0000000,360.0000000,
509.000,0.000009,0.000000,0.000000,Landed,0.0000000,360.0000000,
509.500,0.000014,0.000000,0.000000,Landed,0.0000000,360.0000000,
510.000,0.000004,0.000000,0.000000,Landed,0.0000000,360.0000000,
510.500,0.000008,0.000000,0.000000,Landed,0.0000000,360.0000000,
511.000,-0.000004,0.000000,0.000000,Landed,0.0000000,360.0000000,
511.500,-0.000000,0.000000,0.000000,Landed,0.0000000,360.0000000,
512.000,-0.000012,0.000000,0.000000,Landed,0.0000000,360.0000000,
512.500,-0.000010,0.000000,0.000000,Landed,0.0000000,360.0000000,
513.000,0.000007,0.000000,0.000000,Landed,0.0000000,360.0000000,
513.500,0.000009,0.000000,0.000000,Landed,0.0000000,360.0000000,
514.000,-0.000005,0.000000,0.000000,Landed,0.0000000,360.0000000,
514.500,-0.000005,0.000000,0.000000,Landed,0.0000000,360.0000000,
515.000,0.000011,0.000000,0.000000,Landed,0.0000000,360.0000000,
515.500,0.000010,0.000000,0.000000,Landed,0.0000000,360.0000000,
516.000,-0.000006,0.000000,0.000000,Landed,0.0000000,360.0000000,
516.500,-0.000008,0.000000,0.000000,Landed,0.0000000,360.0000000,
517.000,0.000006,0.000000,0.000000,Landed,0.0000000,360.0000000,
517.500,0.000003,0.000000,0.000000,Landed,0.0000000,360.0000000,
518.000,-0.000015,0.000000,0.000000,Landed,0.0000000,360.0000000,
518.500,0.000012,0.000000,0.000000,Landed,0.0000000,360.0000000,
519.000,-0.000007,0.000000,0.000000,Landed,0.0000000,360.0000000,
519.500,-0.000011,0.000000,0.000000,Landed,0.0000000,360.0000000,
520.000,-0.000001,0.000000,0.000000,Landed,0.0000000,360.0000000,
520.500,-0.000007,0.000000,0.000000,Landed,0.0000000,360.0000000,
521.000,0.000003,0.000000,0.000000,Landed,0.0000000,360.0000000,
521.500,-0.000004,0.000000,0.000000,Landed,0.0000000,0.0000000,
522.000,0.000004,0.000000,0.000000,Landed,0.0000000,360.0000000,
522.500,-0.000003,0.000000,0.000000,Landed,0.0000000,360.0000000,
523.000,0.000004,0.000000,0.000000,Landed,0.0000000,360.0000000,
523.500,-0.000005,0.000000,0.000000,Landed,0.0000000,360.0000000,
524.000,0.000002,0.000000,0.000000,Landed,0.0000000,360.0000000,
524.500,-0.000008,0.000000,0.000000,Landed,0.0000000,0.0000000,
525.000,-0.000003,0.000000,0.000000,Landed,0.0000000,0.0000000,
525.500,-0.000014,0.000000,0.000000,Landed,0.0000000,0.0000000,
526.000,-0.000010,0.000000,0.000000,Landed,0.0000000,0.0000000,
526.500,0.000009,0.000000,0.000000,Landed,0.0000000,0.0000000,
527.000,0.000012,0.000000,0.000000,Landed,0.0000000,0.0000000,
527.500,-0.000001,0.000000,0.000000,Landed,0.0000000,0.0000000,
528.000,0.000001,0.000000,0.000000,Landed,0.0000000,0.0000000,
528.500,-0.000013,0.000000,0.000000,Landed,0.0000000,0.0000000,
529.000,-0.000012,0.000000,0.000000,Landed,0.0000000,0.0000000,
529.500,0.000003,0.000000,0.000000,Landed,0.0000000,0.0000000,
530.000,0.000003,0.000000,0.000000,Landed,0.0000000,0.0000000,
530.500,-0.000013,0.000000,0.000000,Landed,0.0000000,0.0000000,
531.000,-0.000014,0.000000,0.000000,Landed,0.0000000,0.0000000,
531.500,-0.000001,0.000000,0.000000,Landed,0.0000000,0.0000000,
532.000,-0.000004,0.000000,0.000000,Landed,0.0000000,0.0000000,
532.500,0.000008,0.000000,0.000000,Landed,0.0000000,0.0000000,
533.000,0.000005,0.000000,0.000000,Landed,0.0000000,0.0000000,
533.500,-0.000015,0.000000,0.000000,Landed,0.0000000,0.0000000,
534.000,0.000011,0.000000,0.000000,Landed,0.0000000,0.0000000,
534.500,-0.000010,0.000000,0.000000,Landed,0.0000000,0.0000000,
535.000,0.000015,0.000000,0.000000,Landed,0.0000000,0.0000000,
535.500,-0.000007,0.000000,0.000000,Landed,0.0000000,0.0000000,
536.000,-0.000014,0.000000,0.000000,Landed,0.0000000,0.0000000,
536.500,-0.000007,0.000000,0.000000,Landed,0.0000000,0.0000000,
537.000,-0.000015,0.000000,0.000000,Landed,0.0000000,0.0000000,
537.500,-0.000009,0.000000,0.000000,Landed,0.0000000,0.0000000,
538.000,0.000012,0.000000,0.000000,Landed,0.0000000,0.0000000,
538.500,-0.000013,0.000000,0.000000,Landed,0.0000000,0.0000000,
539.000,0.000007,0.000000,0.000000,Landed,0.0000000,0.0000000,
539.500,0.000011,0.000000,0.000000,Landed,0.0000000,0.0000000,
540.000,-0.000001,0.000000,0.000000,Landed,0.0000000,0.0000000,
540.500,0.000002,0.000000,0.000000,Landed,0.0000000,0.0000000,
541.000,-0.000011,0.000000,0.000000,Landed,0.0000000,0.0000000,
541.500,-0.000009,0.000000,0.000000,Landed,0.0000000,0.0000000,
542.000,0.000007,0.000000,0.000000,Landed,0.0000000,0.0000000,
542.500,0.000007,0.000000,0.000000,Landed,0.0000000,0.0000000,
543.000,-0.000008,0.000000,0.000000,Landed,0.0000000,0.0000000,
543.500,-0.000009,0.000000,0.000000,Landed,0.0000000,0.0000000,
544.000,0.000005,0.000000,0.000000,Landed,0.0000000,0.0000000,
544.500,0.000003,0.000000,0.000000,Landed,0.0000000,0.0000000,
545.000,-0.000015,0.000000,0.000000,Landed,0.0000000,0.0000000,
545.500,0.000012,0.000000,0.000000,Landed,0.0000000,0.0000000,
546.000,-0.000007,0.000000,0.000000,Landed,0.0000000,0.0000000,
546.500,-0.000012,0.000000,0.000000,Landed,0.0000000,0.0000000,
547.000,-0.000001,0.000000,0.000000,Landed,0.0000000,0.0000000,
547.500,-0.000007,0.000000,0.000000,Landed,0.0000000,0.0000000,
548.000,0.000002,0.000000,0.000000,Landed,0.0000000,0.0000000,
548.500,-0.000005,0.000000,0.000000,Landed,0.0000000,0.0000000,
549.000,0.000002,0.000000,0.000000,Landed,0.0000000,0.0000000,
549.500,-0.000006,0.000000,0.000000,Landed,0.0000000,0.0000000,
550.000,0.000000,0.000000,0.000000,Landed,0.0000000,0.0000000,
550.500,-0.000009,0.000000,0.000000,Landed,0.0000000,0.0000000,
551.000,-0.000004,0.000000,0.000000,Landed,0.0000000,0.0000000,
551.500,-0.000015,0.000000,0.000000,Landed,0.0000000,0.0000000,
552.000,-0.000011,0.000000,0.000000,Landed,0.0000000,0.0000000,
552.500,0.000007,0.000000,0.000000,Landed,0.0000000,0.0000000,
553.000,0.000010,0.000000,0.000000,Landed,0.0000000,0.0000000,
553.500,-0.000004,0.000000,0.000000,Landed,0.0000000,0.0000000,
554.000,-0.000003,0.000000,0.000000,Landed,0.0000000,0.0000000,
554.500,0.000013,0.000000,0.000000,Landed,0.0000000,0.0000000,
555.000,0.000013,0.000000,0.000000,Landed,0.0000000,0.0000000,
555.500,-0.000004,0.000000,0.000000,Landed,0.0000000,0.0000000,
556.000,-0.000005,0.000000,0.000000,Landed,0.0000000,0.0000000,
556.500,0.000008,0.000000,0.000000,Landed,0.0000000,0.0000000,
557.000,0.000005,0.000000,0.000000,Landed,0.0000000,0.0000000,
557.500,-0.000014,0.000000,0.000000,Landed,0.0000000,0.0000000,
558.000,0.000013,0.000000,0.000000,Landed,0.0000000,0.0000000,
558.500,-0.000007,0.000000,0.000000,Landed,0.0000000,0.0000000,
559.000,-0.000013,0.000000,0.000000,Landed,0.0000000,0.0000000,
559.500,-0.000004,0.000000,0.000000,Landed,0.0000000,0.0000000,
560.000,-0.000011,0.000000,0.000000,Landed,0.0000000,0.0000000,
560.500,-0.000003,0.000000,0.000000,Landed,0.0000000,0.0000000,
561.000,-0.000011,0.000000,0.000000,Landed,0.0000000,0.0000000,
561.500,-0.000005,0.000000,0.000000,Landed,0.0000000,0.0000000,
562.000,-0.000015,0.000000,0.000000,Landed,0.0000000,0.0000000,
562.500,-0.000010,0.000000,0.000000,Landed,0.0000000,0.0000000,
563.000,0.000010,0.000000,0.000000,Landed,0.0000000,0.0000000,
563.500,0.000013,0.000000,0.000000,Landed,0.0000000,0.0000000,
564.000,0.000001,0.000000,0.000000,Landed,0.0000000,0.0000000,
564.500,0.000003,0.000000,0.000000,Landed,0.0000000,0.0000000,
565.000,-0.000011,0.000000,0.000000,Landed,0.0000000,0.0000000,
565.500,-0.000010,0.000000,0.000000,Landed,0.0000000,0.0000000,
566.000,0.000005,0.000000,0.000000,Landed,0.0000000,0.0000000,
566.500,0.000004,0.000000,0.000000,Landed,0.0000000,0.0000000,
567.000,-0.000013,0.000000,0.000000,Landed,0.0000000,0.0000000,
567.500,-0.000015,0.000000,0.000000,Landed,0.0000000,0.0000000,
568.000,-0.000002,0.000000,0.000000,Landed,0.0000000,0.0000000,
568.500,-0.000006,0.000000,0.000000,Landed,0.0000000,0.0000000,
569.000,0.000005,0.000000,0.000000,Landed,0.0000000,0.0000000,
569.500,0.000000,0.000000,0.000000,Landed,0.0000000,0.0000000,
570.000,0.000009,0.000000,0.000000,Landed,0.0000000,0.0000000,
570.500,0.000003,0.000000,0.000000,Landed,0.0000000,0.0000000,
571.000,0.000011,0.000000,0.000000,Landed,0.0000000,0.0000000,
571.500,0.000003,0.000000,0.000000,Landed,0.0000000,0.0000000,
572.000,0.000009,0.000000,0.000000,Landed,0.0000000,0.0000000,
572.500,-0.000000,0.000000,0.000000,Landed,0.0000000,0.0000000,
573.000,0.000005,0.000000,0.000000,Landed,0.0000000,0.0000000,
573.500,-0.000006,0.000000,0.000000,Landed,0.0000000,0.0000000,
574.000,-0.000002,0.000000,0.000000,Landed,0.0000000,0.0000000,
574.500,-0.000015,0.000000,0.000000,Landed,0.0000000,0.0000000,
575.000,-0.000013,0.000000,0.000000,Landed,0.0000000,0.0000000,
575.500,0.000004,0.000000,0.000000,Landed,0.0000000,0.0000000,
576.000,0.000004,0.000000,0.000000,Landed,0.0000000,0.0000000,
576.500,-0.000011,0.000000,0.000000,Landed,0.0000000,0.0000000,
577.000,-0.000012,0.000000,0.000000,Landed,0.0000000,0.0000000,
577.500,0.000002,0.000000,0.000000,Landed,0.0000000,0.0000000,
578.000,-0.000001,0.000000,0.000000,Landed,0.0000000,0.0000000,
578.500,0.000011,0.000000,0.000000,Landed,0.0000000,0.0000000,
579.000,0.000007,0.000000,0.000000,Landed,0.0000000,0.0000000,
579.500,-0.000013,0.000000,0.000000,Landed,0.0000000,0.0000000,
580.000,0.000012,0.000000,0.000000,Landed,0.0000000,0.0000000,
580.500,-0.000010,0.000000,0.000000,Landed,0.0000000,0.0000000,
581.000,0.000014,0.000000,0.000000,Landed,0.0000000,0.0000000,
581.500,-0.000010,0.000000,0.000000,Landed,0.0000000,0.0000000,
582.000,0.000012,0.000000,0.000000,Landed,0.0000000,0.0000000,
582.500,-0.000012,0.000000,0.000000,Landed,0.0000000,0.0000000,
583.000,0.000008,0.000000,0.000000,Landed,0.0000000,0.0000000,
583.500,0.000012,0.000000,0.000000,Landed,0.0000000,0.0000000,
584.000,0.000000,0.000000,0.000000,Landed,0.0000000,0.0000000,
584.500,0.000003,0.000000,0.000000,Landed,0.0000000,0.0000000,
585.000,-0.000011,0.000000,0.000000,Landed,0.0000000,0.0000000,
585.500,-0.000010,0.000000,0.000000,Landed,0.0000000,0.0000000,
586.000,0.000006,0.000000,0.000000,Landed,0.0000000,0.0000000,
586.500,0.000005,0.000000,0.000000,Landed,0.0000000,0.0000000,
587.000,-0.000011,0.000000,0.000000,Landed,0.0000000,0.0000000,
587.500,-0.000013,0.000000,0.000000,Landed,0.0000000,0.0000000,
588.000,-0.000001,0.000000,0.000000,Landed,0.0000000,0.0000000,
588.500,-0.000005,0.000000,0.000000,Landed,0.0000000,0.0000000,
589.000,0.000006,0.000000,0.000000,Landed,0.0000000,0.0000000,
589.500,0.000000,0.000000,0.000000,Landed,0.0000000,0.0000000,
590.000,0.000009,0.000000,0.000000,Landed,0.0000000,0.0000000,
590.500,0.000002,0.000000,0.000000,Landed,0.0000000,0.0000000,
591.000,0.000009,0.000000,0.000000,Landed,0.0000000,0.0000000,
591.500,0.000000,0.000000,0.000000,Landed,0.0000000,0.0000000,
592.000,0.000006,0.000000,0.000000,Landed,0.0000000,0.0000000,
592.500,-0.000004,0.000000,0.000000,Landed,0.0000000,0.0000000,
593.000,-0.000000,0.000000,0.000000,Landed,0.0000000,0.0000000,
593.500,-0.000012,0.000000,0.000000,Landed,0.0000000,0.0000000,
594.000,-0.000010,0.000000,0.000000,Landed,0.0000000,0.0000000,
594.500,0.000007,0.000000,0.000000,Landed,0.0000000,0.0000000,
595.000,0.000007,0.000000,0.000000,Landed,0.0000000,0.0000000,
595.500,-0.000008,0.000000,0.000000,Landed,0.0000000,0.0000000,
596.000,-0.000009,0.000000,0.000000,Landed,0.0000000,0.0000000,
596.500,0.000004,0.000000,0.000000,Landed,0.0000000,0.0000000,
597.000,0.000002,0.000000,0.000000,Landed,0.0000000,0.0000000,
597.500,0.000013,0.000000,0.000000,Landed,0.0000000,0.0000000,
598.000,0.000009,0.000000,0.000000,Landed,0.0000000,0.0000000,
598.500,-0.000012,0.000000,0.000000,Landed,0.0000000,0.0000000,
599.000,0.000012,0.000000,0.000000,Landed,0.0000000,0.0000000,
599.500,-0.000010,0.000000,0.000000,Landed,0.0000000,0.0000000,
600.000,0.000013,0.000000,0.000000,Landed,0.0000000,0.0000000,
600.500,-0.000012,0.000000,0.000000,Landed,0.0000000,0.0000000,
601.000,0.000009,0.000000,0.000000,Landed,0.0000000,0.0000000,
601.500,0.000014,0.000000,0.000000,Landed,0.0000000,0.0000000,
602.000,0.000002,0.000000,0.000000,Landed,0.0000000,0.0000000,
602.500,0.000005,0.000000,0.000000,Landed,0.0000000,0.0000000,
603.000,-0.000008,0.000000,0.000000,Landed,0.0000000,0.0000000,
603.500,-0.000007,0.000000,0.000000,Landed,0.0000000,0.0000000,
604.000,0.000009,0.000000,0.000000,Landed,0.0000000,0.0000000,
604.500,0.000008,0.000000,0.000000,Landed,0.0000000,0.0000000,
605.000,-0.000008,0.000000,0.000000,Landed,0.0000000,0.0000000,
605.500,-0.000011,0.000000,0.000000,Landed,0.0000000,0.0000000,
606.000,0.000001,0.000000,0.000000,Landed,0.0000000,0.0000000,
606.500,-0.000003,0.000000,0.000000,Landed,0.0000000,0.0000000,
607.000,0.000007,0.000000,0.000000,Landed,0.0000000,0.0000000,
607.500,0.000001,0.000000,0.000000,Landed,0.0000000,0.0000000,
608.000,0.000010,0.000000,0.000000,Landed,0.0000000,0.0000000,
608.500,0.000002,0.000000,0.000000,Landed,0.0000000,0.0000000,
609.000,0.000008,0.000000,0.000000,Landed,0.0000000,0.0000000,
609.500,-0.000001,0.000000,0.000000,Landed,0.0000000,0.0000000,
610.000,0.000003,0.000000,0.000000,Landed,0.0000000,0.0000000,
610.500,-0.000008,0.000000,0.000000,Landed,0.0000000,0.0000000,
611.000,-0.000005,0.000000,0.000000,Landed,0.0000000,0.0000000,
611.500,0.000012,0.000000,0.000000,Landed,0.0000000,0.0000000,
612.000,0.000013,0.000000,0.000000,Landed,0.0000000,0.0000000,
612.500,-0.000002,0.000000,0.000000,Landed,0.0000000,0.0000000,
613.000,-0.000003,0.000000,0.000000,Landed,0.0000000,0.0000000,
613.500,0.000010,0.000000,0.000000,Landed,0.0000000,0.0000000,
614.000,0.000008,0.000000,0.000000,Landed,0.0000000,0.0000000,
614.500,-0.000011,0.000000,0.000000,Landed,0.0000000,0.0000000,
615.000,0.000015,0.000000,0.000000,Landed,0.0000000,0.0000000,
615.500,-0.000006,0.000000,0.000000,Landed,0.0000000,0.0000000,
616.000,-0.000013,0.000000,0.000000,Landed,0.0000000,0.0000000,
616.500,-0.000005,0.000000,0.000000,Landed,0.0000000,0.0000000,
617.000,-0.000013,0.000000,0.000000,Landed,0.0000000,0.0000000,
617.500,-0.000007,0.000000,0.000000,Landed,0.0000000,0.0000000,
618.000,0.000013,0.000000,0.000000,Landed,0.0000000,0.0000000,
618.500,-0.000013,0.000000,0.000000,Landed,0.0000000,0.0000000,
619.000,0.000005,0.000000,0.000000,Landed,0.0000000,0.0000000,
619.500,0.000007,0.000000,0.000000,Landed,0.0000000,0.0000000,
620.000,-0.000007,0.000000,0.000000,Landed,0.0000000,0.0000000,
620.500,-0.000007,0.000000,0.000000,Landed,0.0000000,0.0000000,
621.000,0.000008,0.000000,0.000000,Landed,0.0000000,0.0000000,
621.500,0.000006,0.000000,0.000000,Landed,0.0000000,0.0000000,
622.000,-0.000012,0.000000,0.000000,Landed,0.0000000,0.0000000,
622.500,0.000015,0.000000,0.000000,Landed,0.0000000,0.0000000,
623.000,-0.000005,0.000000,0.000000,Landed,0.0000000,0.0000000,
623.500,-0.000011,0.000000,0.000000,Landed,0.0000000,0.0000000,
624.000,-0.000002,0.000000,0.000000,Landed,0.0000000,0.0000000,
624.500,-0.000010,0.000000,0.000000,Landed,0.0000000,0.0000000,
625.000,-0.000003,0.000000,0.000000,Landed,0.0000000,0.0000000,
625.500,-0.000013,0.000000,0.000000,Landed,0.0000000,0.0000000,
626.000,-0.000008,0.000000,0.000000,Landed,0.0000000,0.0000000,
626.500,0.000011,0.000000,0.000000,Landed,0.0000000,0.0000000,
627.000,0.000013,0.000000,0.000000,Landed,0.0000000,0.0000000,
627.500,-0.000000,0.000000,0.000000,Landed,0.0000000,0.0000000,
628.000,0.000000,0.000000,0.000000,Landed,0.0000000,0.0000000,
628.500,0.000015,0.000000,0.000000,Landed,0.0000000,0.0000000,
629.000,0.000014,0.000000,0.000000,Landed,0.0000000,0.0000000,
629.500,-0.000004,0.000000,0.000000,Landed,0.0000000,0.0000000,
630.000,-0.000008,0.000000,0.000000,Landed,0.0000000,0.0000000,
630.500,0.000003,0.000000,0.000000,Landed,0.0000000,0.0000000,
631.000,-0.000002,0.000000,0.000000,Landed,0.0000000,0.0000000,
631.500,0.000006,0.000000,0.000000,Landed,0.0000000,0.0000000,
632.000,-0.000001,0.000000,0.000000,Landed,0.0000000,0.0000000,
632.500,0.000006,0.000000,0.000000,Landed,0.0000000,0.0000000,
633.000,-0.000004,0.000000,0.000000,Landed,0.0000000,0.0000000,
633.500,0.000001,0.000000,0.000000,Landed,0.0000000,0.0000000,
634.000,-0.000011,0.000000,0.000000,Landed,0.0000000,0.0000000,
634.500,-0.000008,0.000000,0.000000,Landed,0.0000000,0.0000000,
635.000,0.000009,0.000000,0.000000,Landed,0.0000000,0.0000000,
635.500,0.000009,0.000000,0.000000,Landed,0.0000000,0.0000000,
636.000,-0.000007,0.000000,0.000000,Landed,0.0000000,0.0000000,
636.500,-0.000008,0.000000,0.000000,Landed,0.0000000,0.0000000,
637.000,0.000004,0.000000,0.000000,Landed,0.0000000,0.0000000,
637.500,0.000000,0.000000,0.000000,Landed,0.0000000,0.0000000,
638.000,0.000011,0.000000,0.000000,Landed,0.0000000,0.0000000,
638.500,0.000005,0.000000,0.000000,Landed,0.0000000,0.0000000,
639.000,0.000013,0.000000,0.000000,Landed,0.0000000,0.0000000,
639.500,0.000005,0.000000,0.000000,Landed,0.0000000,0.0000000,
640.000,0.000011,0.000000,0.000000,Landed,0.0000000,0.0000000,
640.500,0.000001,0.000000,0.000000,Landed,0.0000000,0.0000000,
641.000,0.000005,0.000000,0.000000,Landed,0.0000000,0.0000000,
641.500,-0.000007,0.000000,0.000000,Landed,0.0000000,0.0000000,
642.000,-0.000005,0.000000,0.000000,Landed,0.0000000,0.0000000,
642.500,0.000011,0.000000,0.000000,Landed,0.0000000,0.0000000,
643.000,0.000011,0.000000,0.000000,Landed,0.0000000,0.0000000,
643.500,-0.000006,0.000000,0.000000,Landed,0.0000000,0.0000000,
644.000,-0.000008,0.000000,0.000000,Landed,0.0000000,0.0000000,
644.500,0.000004,0.000000,0.000000,Landed,0.0000000,0.0000000,
645.000,-0.000001,0.000000,0.000000,Landed,0.0000000,0.0000000,
645.500,0.000009,0.000000,0.000000,Landed,0.0000000,0.0000000,
646.000,0.000002,0.000000,0.000000,Landed,0.0000000,0.0000000,
646.500,0.000009,0.000000,0.000000,Landed,0.0000000,0.0000000,
647.000,0.000000,0.000000,0.000000,Landed,0.0000000,0.0000000,
647.500,0.000006,0.000000,0.000000,Landed,0.0000000,0.0000000,
648.000,-0.000006,0.000000,0.000000,Landed,0.0000000,0.0000000,
648.500,-0.000003,0.000000,0.000000,Landed,0.0000000,0.0000000,
649.000,0.000015,0.000000,0.000000,Landed,0.0000000,0.0000000,
649.500,-0.000015,0.000000,0.000000,Landed,0.0000000,0.0000000,
650.000,-0.000000,0.000000,0.000000,Landed,0.0000000,0.0000000,
650.500,-0.000002,0.000000,0.000000,Landed,0.0000000,0.0000000,
651.000,0.000011,0.000000,0.000000,Landed,0.0000000,0.0000000,
651.500,0.000007,0.000000,0.000000,Landed,0.0000000,0.0000000,
652.000,-0.000013,0.000000,0.000000,Landed,0.0000000,0.0000000,
652.500,0.000012,0.000000,0.000000,Landed,0.0000000,0.0000000,
653.000,-0.000011,0.000000,0.000000,Landed,0.0000000,0.0000000,
653.500,0.000011,0.000000,0.000000,Landed,0.0000000,0.0000000,
654.000,-0.000013,0.000000,0.000000,Landed,0.0000000,0.0000000,
654.500,0.000007,0.000000,0.000000,Landed,0.0000000,0.0000000,
655.000,0.000010,0.000000,0.000000,Landed,0.0000000,0.0000000,
655.500,-0.000003,0.000000,0.000000,Landed,0.0000000,0.0000000,
656.000,-0.000001,0.000000,0.000000,Landed,0.0000000,0.0000000,
656.500,0.000014,0.000000,0.000000,Landed,0.0000000,0.0000000,
657.000,0.000013,0.000000,0.000000,Landed,0.0000000,0.0000000,
657.500,-0.000004,0.000000,0.000000,Landed,0.0000000,0.0000000,
658.000,-0.000008,0.000000,0.000000,Landed,0.0000000,0.0000000,
658.500,0.000003,0.000000,0.000000,Landed,0.0000000,0.0000000,
659.000,-0.000003,0.000000,0.000000,Landed,0.0000000,0.0000000,
659.500,0.000006,0.000000,0.000000,Landed,0.0000000,0.0000000,
660.000,-0.000002,0.000000,0.000000,Landed,0.0000000,0.0000000,
660.500,0.000004,0.000000,0.000000,Landed,0.0000000,0.0000000,
661.000,-0.000006,0.000000,0.000000,Landed,0.0000000,0.0000000,
661.500,-0.000003,0.000000,0.000000,Landed,0.0000000,0.0000000,
662.000,0.000015,0.000000,0.000000,Landed,0.0000000,0.0000000,
662.500,-0.000014,0.000000,0.000000,Landed,0.0000000,0.0000000,
663.000,0.000001,0.000000,0.000000,Landed,0.0000000,0.0000000,
663.500,0.000000,0.000000,0.000000,Landed,0.0000000,0.0000000,
664.000,0.000013,0.000000,0.000000,Landed,0.0000000,0.0000000,
664.500,0.000010,0.000000,0.000000,Landed,0.0000000,0.0000000,
665.000,-0.000010,0.000000,0.000000,Landed,0.0000000,0.0000000,
665.500,0.000015,0.000000,0.000000,Landed,0.0000000,0.0000000,
666.000,-0.000007,0.000000,0.000000,Landed,0.0000000,0.0000000,
666.500,0.000015,0.000000,0.000000,Landed,0.0000000,0.0000000,
667.000,-0.000010,0.000000,0.000000,Landed,0.0000000,0.0000000,
667.500,0.000010,0.000000,0.000000,Landed,0.0000000,0.0000000,
668.000,0.000013,0.000000,0.000000,Landed,0.0000000,0.0000000,
668.500,0.000000,0.000000,0.000000,Landed,0.0000000,0.0000000,
669.000,0.000001,0.000000,0.000000,Landed,0.0000000,0.0000000,
669.500,-0.000014,0.000000,0.000000,Landed,0.0000000,0.0000000,
670.000,0.000015,0.000000,0.000000,Landed,0.0000000,0.0000000,
670.500,-0.000003,0.000000,0.000000,Landed,0.0000000,0.0000000,
671.000,-0.000007,0.000000,0.000000,Landed,0.0000000,0.0000000,
671.500,0.000003,0.000000,0.000000,Landed,0.0000000,0.0000000,
672.000,-0.000003,0.000000,0.000000,Landed,0.0000000,0.0000000,
672.500,0.000005,0.000000,0.000000,Landed,0.0000000,0.0000000,
673.000,-0.000004,0.000000,0.000000,Landed,0.0000000,0.0000000,
673.500,0.000001,0.000000,0.000000,Landed,0.0000000,0.0000000,
674.000,-0.000010,0.000000,0.000000,Landed,0.0000000,0.0000000,
674.500,-0.000007,0.000000,0.000000,Landed,0.0000000,0.0000000,
675.000,0.000009,0.000000,0.000000,Landed,0.0000000,0.0000000,
675.500,0.000009,0.000000,0.000000,Landed,0.0000000,0.0000000,
676.000,-0.000007,0.000000,0.000000,Landed,0.0000000,0.0000000,
676.500,-0.000009,0.000000,0.000000,Landed,0.0000000,0.0000000,
677.000,0.000002,0.000000,0.000000,Landed,0.0000000,0.0000000,
677.500,-0.000002,0.000000,0.000000,Landed,0.0000000,0.0000000,
678.000,0.000007,0.000000,0.000000,Landed,0.0000000,0.0000000,
678.500,-0.000001,0.000000,0.000000,Landed,0.0000000,0.0000000,
679.000,0.000006,0.000000,0.000000,Landed,0.0000000,0.0000000,
679.500,-0.000004,0.000000,0.000000,Landed,0.0000000,0.0000000,
680.000,0.000000,0.000000,0.000000,Landed,0.0000000,0.0000000,
680.500,-0.000012,0.000000,0.000000,Landed,0.0000000,0.0000000,
681.000,-0.000011,0.000000,0.000000,Landed,0.0000000,0.0000000,
681.500,0.000005,0.000000,0.000000,Landed,0.0000000,0.0000000,
682.000,0.000004,0.000000,0.000000,Landed,0.0000000,0.0000000,
682.500,-0.000014,0.000000,0.000000,Landed,0.0000000,0.0000000,
683.000,0.000013,0.000000,0.000000,Landed,0.0000000,0.0000000,
683.500,-0.000007,0.000000,0.000000,Landed,0.0000000,0.0000000,
684.000,-0.000013,0.000000,0.000000,Landed,0.0000000,0.0000000,
684.500,-0.000006,0.000000,0.000000,Landed,0.0000000,0.0000000,
685.000,-0.000014,0.000000,0.000000,Landed,0.0000000,0.0000000,
685.500,-0.000009,0.000000,0.000000,Landed,0.0000000,0.0000000,
686.000,0.000010,0.000000,0.000000,Landed,0.0000000,0.0000000,
686.500,0.000012,0.000000,0.000000,Landed,0.0000000,0.0000000,
687.000,-0.000002,0.000000,0.000000,Landed,0.0000000,0.0000000,
687.500,-0.000002,0.000000,0.000000,Landed,0.0000000,0.0000000,
688.000,0.000012,0.000000,0.000000,Landed,0.0000000,0.0000000,
688.500,0.000009,0.000000,0.000000,Landed,0.0000000,0.0000000,
689.000,-0.000011,0.000000,0.000000,Landed,0.0000000,0.0000000,
689.500,0.000015,0.000000,0.000000,Landed,0.0000000,0.0000000,
690.000,-0.000008,0.000000,0.000000,Landed,0.0000000,0.0000000,
690.500,0.000015,0.000000,0.000000,Landed,0.0000000,0.0000000,
691.000,-0.000010,0.000000,0.000000,Landed,0.0000000,0.0000000,
691.500,0.000010,0.000000,0.000000,Landed,0.0000000,0.0000000,
692.000,0.000013,0.000000,0.000000,Landed,0.0000000,0.0000000,
692.500,-0.000001,0.000000,0.000000,Landed,0.0000000,0.0000000,
693.000,-0.000000,0.000000,0.000000,Landed,0.0000000,0.0000000,
693.500,0.000014,0.000000,0.000000,Landed,0.0000000,0.0000000,
694.000,0.000012,0.000000,0.000000,Landed,0.0000000,0.0000000,
694.500,-0.000007,0.000000,0.000000,Landed,0.0000000,0.0000000,
695.000,-0.000012,0.000000,0.000000,Landed,0.0000000,0.0000000,
695.500,-0.000003,0.000000,0.000000,Landed,0.0000000,0.0000000,
696.000,-0.000011,0.000000,0.000000,Landed,0.0000000,0.0000000,
696.500,-0.000005,0.000000,0.000000,Landed,0.0000000,0.0000000,
697.000,-0.000015,0.000000,0.000000,Landed,0.0000000,0.0000000,
697.500,-0.000012,0.000000,0.000000,Landed,0.0000000,0.0000000,
698.000,0.000006,0.000000,0.000000,Landed,0.0000000,0.0000000,
698.500,0.000007,0.000000,0.000000,Landed,0.0000000,0.0000000,
699.000,-0.000010,0.000000,0.000000,Landed,0.0000000,0.0000000,
699.500,-0.000011,0.000000,0.000000,Landed,0.0000000,0.0000000,
700.000,0.000000,0.000000,0.000000,Landed,0.0000000,0.0000000,
700.500,-0.000005,0.000000,0.000000,Landed,0.0000000,0.0000000,
701.000,0.000004,0.000000,0.000000,Landed,0.0000000,0.0000000,
701.500,-0.000003,0.000000,0.000000,Landed,0.0000000,0.0000000,
702.000,0.000003,0.000000,0.000000,Landed,0.0000000,0.0000000,
702.500,-0.000007,0.000000,0.000000,Landed,0.0000000,0.0000000,
703.000,-0.000004,0.000000,0.000000,Landed,0.0000000,0.0000000,
703.500,0.000013,0.000000,0.000000,Landed,0.0000000,0.0000000,
704.000,0.000014,0.000000,0.000000,Landed,0.0000000,0.0000000,
704.500,-0.000002,0.000000,0.000000,Landed,0.0000000,0.0000000,
705.000,-0.000005,0.000000,0.000000,Landed,0.0000000,0.0000000,
705.500,0.000007,0.000000,0.000000,Landed,0.0000000,0.0000000,
706.000,0.000002,0.000000,0.000000,Landed,0.0000000,0.0000000,
706.500,0.000010,0.000000,0.000000,Landed,0.0000000,0.0000000,
707.000,0.000002,0.000000,0.000000,Landed,0.0000000,0.0000000,
707.500,0.000008,0.000000,0.000000,Landed,0.0000000,0.0000000,
708.000,-0.000002,0.000000,0.000000,Landed,0.0000000,0.0000000,
708.500,0.000001,0.000000,0.000000,Landed,0.0000000,0.0000000,
709.000,-0.000013,0.000000,0.000000,Landed,0.0000000,0.0000000,
709.500,-0.000013,0.000000,0.000000,Landed,0.0000000,0.0000000,
710.000,0.000001,0.000000,0.000000,Landed,0.0000000,0.0000000,
710.500,-0.000001,0.000000,0.000000,Landed,0.0000000,0.0000000,
711.000,0.000010,0.000000,0.000000,Landed,0.0000000,0.0000000,
711.500,0.000004,0.000000,0.000000,Landed,0.0000000,0.0000000,
712.000,0.000012,0.000000,0.000000,Landed,0.0000000,0.0000000,
712.500,0.000003,0.000000,0.000000,Landed,0.0000000,0.0000000,
713.000,0.000008,0.000000,0.000000,Landed,0.0000000,0.0000000,
713.500,-0.000003,0.000000,0.000000,Landed,0.0000000,0.0000000,
714.000,-0.000001,0.000000,0.000000,Landed,0.0000000,0.0000000,
714.500,-0.000015,0.000000,0.000000,Landed,0.0000000,0.0000000,
715.000,0.000015,0.000000,0.000000,Landed,0.0000000,0.0000000,
715.500,-0.000002,0.000000,0.000000,Landed,0.0000000,0.0000000,
716.000,-0.000006,0.000000,0.000000,Landed,0.0000000,0.0000000,
716.500,0.000004,0.000000,0.000000,Landed,0.0000000,0.0000000,
717.000,-0.000002,0.000000,0.000000,Landed,0.0000000,0.0000000,
717.500,0.000005,0.000000,0.000000,Landed,0.0000000,0.0000000,
718.000,-0.000005,0.000000,0.000000,Landed,0.0000000,0.0000000,
718.500,-0.000000,0.000000,0.000000,Landed,0.0000000,0.0000000,
719.000,-0.000013,0.000000,0.000000,Landed,0.0000000,0.0000000,
719.500,-0.000011,0.000000,0.000000,Landed,0.0000000,0.0000000,
720.000,0.000004,0.000000,0.000000,Landed,0.0000000,0.0000000,
720.500,0.000002,0.000000,0.000000,Landed,0.0000000,0.0000000,
721.000,0.000014,0.000000,0.000000,Landed,0.0000000,0.0000000,
721.500,0.000009,0.000000,0.000000,Landed,0.0000000,0.0000000,
722.000,-0.000013,0.000000,0.000000,Landed,0.0000000,0.0000000,
722.500,0.000010,0.000000,0.000000,Landed,0.0000000,0.0000000,
723.000,-0.000014,0.000000,0.000000,Landed,0.0000000,0.0000000,
723.500,0.000005,0.000000,0.000000,Landed,0.0000000,0.0000000,
724.000,0.000008,0.000000,0.000000,Landed,0.0000000,0.0000000,
724.500,-0.000006,0.000000,0.000000,Landed,0.0000000,0.0000000,
725.000,-0.000006,0.000000,0.000000,Landed,0.0000000,0.0000000,
725.500,0.000008,0.000000,0.000000,Landed,0.0000000,0.0000000,
726.000,0.000005,0.000000,0.000000,Landed,0.0000000,0.0000000,
726.500,0.000015,0.000000,0.000000,Landed,0.0000000,0.0000000,
727.000,0.000009,0.000000,0.000000,Landed,0.0000000,0.0000000,
727.500,-0.000014,0.000000,0.000000,Landed,0.0000000,0.0000000,
728.000,0.000007,0.000000,0.000000,Landed,0.0000000,0.0000000,
728.500,0.000011,0.000000,0.000000,Landed,0.0000000,0.0000000,
729.000,-0.000002,0.000000,0.000000,Landed,0.0000000,0.0000000,
729.500,-0.000000,0.000000,0.000000,Landed,0.0000000,0.0000000,
730.000,0.000015,0.000000,0.000000,Landed,0.0000000,360.0000000,
730.500,0.000012,0.000000,0.000000,Landed,0.0000000,360.0000000,
731.000,-0.000006,0.000000,0.000000,Landed,0.0000000,360.0000000,
731.500,-0.000011,0.000000,0.000000,Landed,0.0000000,360.0000000,
732.000,-0.000002,0.000000,0.000000,Landed,0.0000000,360.0000000,
732.500,-0.000011,0.000000,0.000000,Landed,0.0000000,0.0000000,
733.000,-0.000005,0.000000,0.000000,Landed,0.0000000,0.0000000,
733.500,0.000014,0.000000,0.000000,Landed,0.0000000,0.0000000,
734.000,-0.000014,0.000000,0.000000,Landed,0.0000000,0.0000000,
734.500,0.000002,0.000000,0.000000,Landed,0.0000000,0.0000000,
735.000,0.000001,0.000000,0.000000,Landed,0.0000000,0.0000000,
735.500,0.000014,0.000000,0.000000,Landed,0.0000000,0.0000000,
736.000,0.000010,0.000000,0.000000,Landed,0.0000000,360.0000000,
736.500,-0.000011,0.000000,0.000000,Landed,0.0000000,360.0000000,
737.000,0.000012,0.000000,0.000000,Landed,0.0000000,360.0000000,
737.500,-0.000012,0.000000,0.000000,Landed,0.0000000,360.0000000,
738.000,0.000009,0.000000,0.000000,Landed,0.0000000,360.0000000,
738.500,0.000012,0.000000,0.000000,Landed,0.0000000,360.0000000,
739.000,-0.000002,0.000000,0.000000,Landed,0.0000000,360.0000000,
739.500,-0.000002,0.000000,0.000000,Landed,0.0000000,360.0000000,
740.000,0.000012,0.000000,0.000000,Landed,0.0000000,360.0000000,
740.500,0.000008,0.000000,0.000000,Landed,0.0000000,360.0000000,
741.000,-0.000012,0.000000,0.000000,Landed,0.0000000,360.0000000,
741.500,0.000012,0.000000,0.000000,Landed,0.0000000,360.0000000,
742.000,-0.000011,0.000000,0.000000,Landed,0.0000000,360.0000000,
742.500,0.000010,0.000000,0.000000,Landed,0.0000000,360.0000000,
743.000,0.000014,0.000000,0.000000,Landed,0.0000000,360.0000000,
743.500,0.000000,0.000000,0.000000,Landed,0.0000000,360.0000000,
744.000,0.000001,0.000000,0.000000,Landed,0.0000000,360.0000000,
744.500,-0.000015,0.000000,0.000000,Landed,0.0000000,360.0000000,
745.000,0.000013,0.000000,0.000000,Landed,0.0000000,360.0000000,
745.500,-0.000007,0.000000,0.000000,Landed,0.0000000,360.0000000,
746.000,-0.000013,0.000000,0.000000,Landed,0.0000000,360.0000000,
746.500,-0.000005,0.000000,0.000000,Landed,0.0000000,360.0000000,
747.000,-0.000014,0.000000,0.000000,Landed,0.0000000,360.0000000,
747.500,-0.000010,0.000000,0.000000,Landed,0.0000000,360.0000000,
748.000,0.000008,0.000000,0.000000,Landed,0.0000000,360.0000000,
748.500,0.000009,0.000000,0.000000,Landed,0.0000000,360.0000000,
749.000,-0.000007,0.000000,0.000000,Landed,0.0000000,360.0000000,
749.500,-0.000009,0.000000,0.000000,Landed,0.0000000,360.0000000,
750.000,0.000002,0.000000,0.000000,Landed,0.0000000,360.0000000,
750.500,-0.000004,0.000000,0.000000,Landed,0.0000000,360.0000000,
751.000,0.000004,0.000000,0.000000,Landed,0.0000000,360.0000000,
751.500,-0.000005,0.000000,0.000000,Landed,0.0000000,360.0000000,
752.000,-0.000000,0.000000,0.000000,Landed,0.0000000,360.0000000,
752.500,-0.000013,0.000000,0.000000,Landed,0.0000000,0.0000000,
753.000,-0.000011,0.000000,0.000000,Landed,0.0000000,0.0000000,
753.500,0.000003,0.000000,0.000000,Landed,0.0000000,0.0000000,
754.000,0.000001,0.000000,0.000000,Landed,0.0000000,0.0000000,
754.500,0.000012,0.000000,0.000000,Landed,0.0000000,0.0000000,
755.000,0.000006,0.000000,0.000000,Landed,0.0000000,360.0000000,
755.500,0.000014,0.000000,0.000000,Landed,0.0000000,360.0000000,
756.000,0.000005,0.000000,0.000000,Landed,0.0000000,360.0000000,
756.500,0.000009,0.000000,0.000000,Landed,0.0000000,360.0000000,
757.000,-0.000003,0.000000,0.000000,Landed,0.0000000,360.0000000,
757.500,-0.000002,0.000000,0.000000,Landed,0.0000000,360.0000000,
758.000,0.000012,0.000000,0.000000,Landed,0.0000000,360.0000000,
758.500,0.000009,0.000000,0.000000,Landed,0.0000000,360.0000000,
759.000,-0.000010,0.000000,0.000000,Landed,0.0000000,360.0000000,
759.500,0.000015,0.000000,0.000000,Landed,0.0000000,360.0000000,
760.000,-0.000008,0.000000,0.000000,Landed,0.0000000,360.0000000,
760.500,0.000013,0.000000,0.000000,Landed,0.0000000,360.0000000,
761.000,-0.000014,0.000000,0.000000,Landed,0.0000000,360.0000000,
761.500,0.000004,0.000000,0.000000,Landed,0.0000000,360.0000000,
762.000,0.000005,0.000000,0.000000,Landed,0.0000000,360.0000000,
762.500,-0.000012,0.000000,0.000000,Landed,0.0000000,360.0000000,
763.000,-0.000015,0.000000,0.000000,Landed,0.0000000,360.0000000,
763.500,-0.000004,0.000000,0.000000,Landed,0.0000000,360.0000000,
764.000,-0.000010,0.000000,0.000000,Landed,0.0000000,360.0000000,
764.500,-0.000003,0.000000,0.000000,Landed,0.0000000,360.0000000,
765.000,-0.000013,0.000000,0.000000,Landed,0.0000000,360.0000000,
765.500,-0.000009,0.000000,0.000000,Landed,0.0000000,0.0000000,
766.000,0.000008,0.000000,0.000000,Landed,0.0000000,0.0000000,
766.500,0.000008,0.000000,0.000000,Landed,0.0000000,360.0000000,
767.000,-0.000009,0.000000,0.000000,Landed,0.0000000,360.0000000,
767.500,-0.000013,0.000000,0.000000,Landed,0.0000000,0.0000000,
768.000,-0.000003,0.000000,0.000000,Landed,0.0000000,0.0000000,
768.500,-0.000010,0.000000,0.000000,Landed,0.0000000,0.0000000,
769.000,-0.000003,0.000000,0.000000,Landed,0.0000000,0.0000000,
769.500,-0.000014,0.000000,0.000000,Landed,0.0000000,0.0000000,
770.000,-0.000011,0.000000,0.000000,Landed,0.0000000,0.0000000,
770.500,0.000005,0.000000,0.000000,Landed,0.0000000,0.0000000,
771.000,0.000004,0.000000,0.000000,Landed,0.0000000,0.0000000,
771.500,-0.000014,0.000000,0.000000,Landed,0.0000000,0.0000000,
772.000,0.000012,0.000000,0.000000,Landed,0.0000000,0.0000000,
772.500,-0.000009,0.000000,0.000000,Landed,0.0000000,0.0000000,
773.000,0.000013,0.000000,0.000000,Landed,0.0000000,0.0000000,
773.500,-0.000012,0.000000,0.000000,Landed,0.0000000,0.0000000,
774.000,0.000007,0.000000,0.000000,Landed,0.0000000,0.0000000,
774.500,0.000008,0.000000,0.000000,Landed,0.0000000,0.0000000,
775.000,-0.000007,0.000000,0.000000,Landed,0.0000000,0.0000000,
775.500,-0.000009,0.000000,0.000000,Landed,0.0000000,0.0000000,
776.000,0.000002,0.000000,0.000000,Landed,0.0000000,0.0000000,
776.500,-0.000003,0.000000,0.000000,Landed,0.0000000,0.0000000,
777.000,0.000005,0.000000,0.000000,Landed,0.0000000,0.0000000,
777.500,-0.000005,0.000000,0.000000,Landed,0.0000000,0.0000000,
778.000,-0.000001,0.000000,0.000000,Landed,0.0000000,0.0000000,
778.500,-0.000014,0.000000,0.000000,Landed,0.0000000,0.0000000,
779.000,-0.000013,0.000000,0.000000,Landed,0.0000000,0.0000000,
779.500,0.000001,0.000000,0.000000,Landed,0.0000000,0.0000000,
780.000,-0.000003,0.000000,0.000000,Landed,0.0000000,0.0000000,
780.500,0.000007,0.000000,0.000000,Landed,0.0000000,0.0000000,
781.000,0.000000,0.000000,0.000000,Landed,0.0000000,0.0000000,
781.500,0.000007,0.000000,0.000000,Landed,0.0000000,0.0000000,
782.000,-0.000004,0.000000,0.000000,Landed,0.0000000,0.0000000,
782.500,-0.000002,0.000000,0.000000,Landed,0.0000000,0.0000000,
783.000,0.000014,0.000000,0.000000,Landed,0.0000000,0.0000000,
783.500,0.000013,0.000000,0.000000,Landed,0.0000000,0.0000000,
784.000,-0.000006,0.000000,0.000000,Landed,0.0000000,0.0000000,
784.500,-0.000010,0.000000,0.000000,Landed,0.0000000,0.0000000,
785.000,-0.000002,0.000000,0.000000,Landed,0.0000000,0.0000000,
785.500,-0.000011,0.000000,0.000000,Landed,0.0000000,0.0000000,
786.000,-0.000006,0.000000,0.000000,Landed,0.0000000,0.0000000,
786.500,0.000012,0.000000,0.000000,Landed,0.0000000,0.0000000,
787.000,0.000013,0.000000,0.000000,Landed,0.0000000,0.0000000,
787.500,-0.000004,0.000000,0.000000,Landed,0.0000000,0.0000000,
788.000,-0.000007,0.000000,0.000000,Landed,0.0000000,0.0000000,
788.500,0.000004,0.000000,0.000000,Landed,0.0000000,0.0000000,
789.000,-0.000003,0.000000,0.000000,Landed,0.0000000,0.0000000,
789.500,0.000003,0.000000,0.000000,Landed,0.0000000,0.0000000,
790.000,-0.000007,0.000000,0.000000,Landed,0.0000000,0.0000000,
790.500,-0.000005,0.000000,0.000000,Landed,0.0000000,0.0000000,
791.000,0.000011,0.000000,0.000000,Landed,0.0000000,0.0000000,
791.500,0.000010,0.000000,0.000000,Landed,0.0000000,0.0000000,
792.000,-0.000008,0.000000,0.000000,Landed,0.0000000,0.0000000,
792.500,-0.000013,0.000000,0.000000,Landed,0.0000000,0.0000000,
793.000,-0.000005,0.000000,0.000000,Landed,0.0000000,0.0000000,
793.500,-0.000014,0.000000,0.000000,Landed,0.0000000,0.0000000,
794.000,-0.000009,0.000000,0.000000,Landed,0.0000000,0.0000000,
794.500,0.000008,0.000000,0.000000,Landed,0.0000000,0.0000000,
795.000,0.000009,0.000000,0.000000,Landed,0.0000000,0.0000000,
795.500,-0.000008,0.000000,0.000000,Landed,0.0000000,0.0000000,
796.000,-0.000011,0.000000,0.000000,Landed,0.0000000,0.0000000,
796.500,-0.000002,0.000000,0.000000,Landed,0.0000000,0.0000000,
797.000,-0.000009,0.000000,0.000000,Landed,0.0000000,0.0000000,
797.500,-0.000003,0.000000,0.000000,Landed,0.0000000,0.0000000,
798.000,-0.000014,0.000000,0.000000,Landed,0.0000000,0.0000000,
798.500,-0.000012,0.000000,0.000000,Landed,0.0000000,0.0000000,
799.000,0.000003,0.000000,0.000000,Landed,0.0000000,0.0000000,
799.500,0.000001,0.000000,0.000000,Landed,0.0000000,0.0000000,
800.000,0.000012,0.000000,0.000000,Landed,0.0000000,0.0000000,
800.500,0.000006,0.000000,0.000000,Landed,0.0000000,0.0000000,
801.000,0.000013,0.000000,0.000000,Landed,0.0000000,0.0000000,
801.500,0.000003,0.000000,0.000000,Landed,0.0000000,0.0000000,
802.000,0.000006,0.000000,0.000000,Landed,0.0000000,0.0000000,
802.500,-0.000008,0.000000,0.000000,Landed,0.0000000,0.0000000,
803.000,-0.000008,0.000000,0.000000,Landed,0.0000000,0.0000000,
803.500,0.000004,0.000000,0.000000,Landed,0.0000000,0.0000000,
804.000,-0.000000,0.000000,0.000000,Landed,0.0000000,0.0000000,
804.500,0.000008,0.000000,0.000000,Landed,0.0000000,0.0000000,
805.000,-0.000001,0.000000,0.000000,Landed,0.0000000,0.0000000,
805.500,0.000004,0.000000,0.000000,Landed,0.0000000,0.0000000,
806.000,-0.000009,0.000000,0.000000,Landed,0.0000000,0.0000000,
806.500,-0.000009,0.000000,0.000000,Landed,0.0000000,0.0000000,
807.000,0.000005,0.000000,0.000000,Landed,0.0000000,0.0000000,
807.500,0.000001,0.000000,0.000000,Landed,0.0000000,0.0000000,
808.000,0.000011,0.000000,0.000000,Landed,0.0000000,0.0000000,
808.500,0.000003,0.000000,0.000000,Landed,0.0000000,0.0000000,
809.000,0.000008,0.000000,0.000000,Landed,0.0000000,0.0000000,
809.500,-0.000004,0.000000,0.000000,Landed,0.0000000,0.0000000,
810.000,-0.000002,0.000000,0.000000,Landed,0.0000000,0.0000000,
810.500,0.000012,0.000000,0.000000,Landed,0.0000000,0.0000000,
811.000,0.000010,0.000000,0.000000,Landed,0.0000000,0.0000000,
811.500,-0.000011,0.000000,0.000000,Landed,0.0000000,0.0000000,
812.000,0.000013,0.000000,0.000000,Landed,0.0000000,0.0000000,
812.500,-0.000011,0.000000,0.000000,Landed,0.0000000,0.0000000,
813.000,0.000008,0.000000,0.000000,Landed,0.0000000,0.0000000,
813.500,0.000011,0.000000,0.000000,Landed,0.0000000,0.0000000,
814.000,-0.000005,0.000000,0.000000,Landed,0.0000000,0.0000000,
814.500,-0.000006,0.000000,0.000000,Landed,0.0000000,0.0000000,
815.000,0.000005,0.000000,0.000000,Landed,0.0000000,0.0000000,
815.500,-0.000001,0.000000,0.000000,Landed,0.0000000,0.0000000,
816.000,0.000006,0.000000,0.000000,Landed,0.0000000,0.0000000,
816.500,-0.000005,0.000000,0.000000,Landed,0.0000000,0.0000000,
817.000,-0.000002,0.000000,0.000000,Landed,0.0000000,0.0000000,
817.500,0.000014,0.000000,0.000000,Landed,0.0000000,0.0000000,
818.000,0.000013,0.000000,0.000000,Landed,0.0000000,0.0000000,
818.500,-0.000006,0.000000,0.000000,Landed,0.0000000,0.0000000,
819.000,-0.000012,0.000000,0.000000,Landed,0.0000000,0.0000000,
819.500,-0.000004,0.000000,0.000000,Landed,0.0000000,0.0000000,
820.000,-0.000014,0.000000,0.000000,Landed,0.0000000,0.0000000,
820.500,-0.000010,0.000000,0.000000,Landed,0.0000000,0.0000000,
821.000,0.000007,0.000000,0.000000,Landed,0.0000000,0.0000000,
821.500,0.000006,0.000000,0.000000,Landed,0.0000000,0.0000000,
822.000,-0.000013,0.000000,0.000000,Landed,0.0000000,0.0000000,
822.500,0.000013,0.000000,0.000000,Landed,0.0000000,0.0000000,
823.000,-0.000010,0.000000,0.000000,Landed,0.0000000,0.0000000,
823.500,0.000011,0.000000,0.000000,Landed,0.0000000,0.0000000,
824.000,0.000015,0.000000,0.000000,Landed,0.0000000,0.0000000,
824.500,0.000001,0.000000,0.000000,Landed,0.0000000,0.0000000,
825.000,0.000000,0.000000,0.000000,Landed,0.0000000,0.0000000,
825.500,0.000013,0.000000,0.000000,Landed,0.0000000,0.0000000,
826.000,0.000008,0.000000,0.000000,Landed,0.0000000,0.0000000,
826.500,-0.000015,0.000000,0.000000,Landed,0.0000000,0.0000000,
827.000,0.000007,0.000000,0.000000,Landed,0.0000000,0.0000000,
827.500,0.000011,0.000000,0.000000,Landed,0.0000000,0.0000000,
828.000,-0.000003,0.000000,0.000000,Landed,0.0000000,0.0000000,
828.500,-0.000003,0.000000,0.000000,Landed,0.0000000,0.0000000,
829.000,0.000009,0.000000,0.000000,Landed,0.0000000,0.0000000,
829.500,0.000004,0.000000,0.000000,Landed,0.0000000,0.0000000,
830.000,0.000012,0.000000,0.000000,Landed,0.0000000,0.0000000,
830.500,0.000003,0.000000,0.000000,Landed,0.0000000,0.0000000,
831.000,0.000007,0.000000,0.000000,Landed,0.0000000,0.0000000,
831.500,-0.000007,0.000000,0.000000,Landed,0.0000000,0.0000000,
832.000,-0.000007,0.000000,0.000000,Landed,0.0000000,0.0000000,
832.500,0.000006,0.000000,0.000000,Landed,0.0000000,0.0000000,
833.000,0.000001,0.000000,0.000000,Landed,0.0000000,0.0000000,
833.500,0.000009,0.000000,0.000000,Landed,0.0000000,0.0000000,
834.000,-0.000001,0.000000,0.000000,Landed,0.0000000,0.0000000,
834.500,0.000003,0.000000,0.000000,Landed,0.0000000,0.0000000,
835.000,-0.000011,0.000000,0.000000,Landed,0.0000000,0.0000000,
835.500,-0.000011,0.000000,0.000000,Landed,0.0000000,0.0000000,
836.000,0.000001,0.000000,0.000000,Landed,0.0000000,0.0000000,
836.500,-0.000004,0.000000,0.000000,Landed,0.0000000,0.0000000,
837.000,0.000004,0.000000,0.000000,Landed,0.0000000,0.0000000,
837.500,-0.000006,0.000000,0.000000,Landed,0.0000000,0.0000000,
838.000,-0.000002,0.000000,0.000000,Landed,0.0000000,0.0000000,
838.500,0.000014,0.000000,0.000000,Landed,0.0000000,0.0000000,
839.000,0.000013,0.000000,0.000000,Landed,0.0000000,0.0000000,
839.500,-0.000006,0.000000,0.000000,Landed,0.0000000,0.0000000,
840.000,-0.000011,0.000000,0.000000,Landed,0.0000000,0.0000000,
840.500,-0.000003,0.000000,0.000000,Landed,0.0000000,0.0000000,
841.000,-0.000013,0.000000,0.000000,Landed,0.0000000,0.0000000,
841.500,-0.000010,0.000000,0.000000,Landed,0.0000000,0.0000000,
842.000,0.000006,0.000000,0.000000,Landed,0.0000000,0.0000000,
842.500,0.000004,0.000000,0.000000,Landed,0.0000000,0.0000000,
843.000,-0.000015,0.000000,0.000000,Landed,0.0000000,0.0000000,
843.500,0.000010,0.000000,0.000000,Landed,0.0000000,0.0000000,
844.000,-0.000014,0.000000,0.000000,Landed,0.0000000,0.0000000,
844.500,0.000006,0.000000,0.000000,Landed,0.0000000,0.0000000,
845.000,0.000008,0.000000,0.000000,Landed,0.0000000,0.0000000,
845.500,-0.000007,0.000000,0.000000,Landed,0.0000000,0.0000000,
846.000,-0.000009,0.000000,0.000000,Landed,0.0000000,0.0000000,
846.500,0.000002,0.000000,0.000000,Landed,0.0000000,0.0000000,
847.000,-0.000005,0.000000,0.000000,Landed,0.0000000,0.0000000,
847.500,0.000001,0.000000,0.000000,Landed,0.0000000,0.0000000,
848.000,-0.000010,0.000000,0.000000,Landed,0.0000000,0.0000000,
848.500,-0.000009,0.000000,0.000000,Landed,0.0000000,0.0000000,
849.000,0.000006,0.000000,0.000000,Landed,0.0000000,0.0000000,
849.500,0.000003,0.000000,0.000000,Landed,0.0000000,0.0000000,
850.000,0.000012,0.000000,0.000000,Landed,0.0000000,0.0000000,
850.500,0.000005,0.000000,0.000000,Landed,0.0000000,0.0000000,
851.000,0.000010,0.000000,0.000000,Landed,0.0000000,0.0000000,
851.500,-0.000003,0.000000,0.000000,Landed,0.0000000,0.0000000,
852.000,-0.000002,0.000000,0.000000,Landed,0.0000000,0.0000000,
852.500,0.000011,0.000000,0.000000,Landed,0.0000000,0.0000000,
853.000,0.000007,0.000000,0.000000,Landed,0.0000000,0.0000000,
853.500,-0.000015,0.000000,0.000000,Landed,0.0000000,0.0000000,
854.000,0.000007,0.000000,0.000000,Landed,0.0000000,0.0000000,
854.500,0.000011,0.000000,0.000000,Landed,0.0000000,0.0000000,
855.000,-0.000002,0.000000,0.000000,Landed,0.0000000,0.0000000,
855.500,-0.000003,0.000000,0.000000,Landed,0.0000000,0.0000000,
856.000,0.000009,0.000000,0.000000,Landed,0.0000000,0.0000000,
856.500,0.000004,0.000000,0.000000,Landed,0.0000000,0.0000000,
857.000,0.000011,0.000000,0.000000,Landed,0.0000000,0.0000000,
857.500,0.000001,0.000000,0.000000,Landed,0.0000000,0.0000000,
858.000,0.000004,0.000000,0.000000,Landed,0.0000000,0.0000000,
858.500,-0.000011,0.000000,0.000000,Landed,0.0000000,0.0000000,
859.000,-0.000012,0.000000,0.000000,Landed,0.0000000,0.0000000,
859.500,-0.000001,0.000000,0.000000,Landed,0.0000000,0.0000000,
860.000,-0.000008,0.000000,0.000000,Landed,0.0000000,0.0000000,
860.500,-0.000002,0.000000,0.000000,Landed,0.0000000,0.0000000,
861.000,-0.000013,0.000000,0.000000,Landed,0.0000000,0.0000000,
861.500,-0.000011,0.000000,0.000000,Landed,0.0000000,0.0000000,
862.000,0.000003,0.000000,0.000000,Landed,0.0000000,0.0000000,
862.500,-0.000000,0.000000,0.000000,Landed,0.0000000,0.0000000,
863.000,0.000009,0.000000,0.000000,Landed,0.0000000,0.0000000,
863.500,0.000001,0.000000,0.000000,Landed,0.0000000,0.0000000,
864.000,0.000006,0.000000,0.000000,Landed,0.0000000,0.0000000,
864.500,-0.000007,0.000000,0.000000,Landed,0.0000000,0.0000000,
865.000,-0.000007,0.000000,0.000000,Landed,0.0000000,0.0000000,
865.500,0.000005,0.000000,0.000000,Landed,0.0000000,0.0000000,
866.000,0.000000,0.000000,0.000000,Landed,0.0000000,0.0000000,
866.500,0.000008,0.000000,0.000000,Landed,0.0000000,0.0000000,
867.000,-0.000002,0.000000,0.000000,Landed,0.0000000,0.0000000,
867.500,0.000001,0.000000,0.000000,Landed,0.0000000,0.0000000,
868.000,-0.000014,0.000000,0.000000,Landed,0.0000000,0.0000000,
868.500,0.000015,0.000000,0.000000,Landed,0.0000000,0.0000000,
869.000,-0.000005,0.000000,0.000000,Landed,0.0000000,0.0000000,
869.500,-0.000011,0.000000,0.000000,Landed,0.0000000,0.0000000,
870.000,-0.000005,0.000000,0.000000,Landed,0.0000000,0.0000000,
870.500,0.000014,0.000000,0.000000,Landed,0.0000000,0.0000000,
871.000,0.000014,0.000000,0.000000,Landed,0.0000000,0.0000000,
871.500,-0.000002,0.000000,0.000000,Landed,0.0000000,0.0000000,
872.000,-0.000006,0.000000,0.000000,Landed,0.0000000,0.0000000,
872.500,0.000003,0.000000,0.000000,Landed,0.0000000,0.0000000,
873.000,-0.000006,0.000000,0.000000,Landed,0.0000000,0.0000000,
873.500,-0.000002,0.000000,0.000000,Landed,0.0000000,0.0000000,
874.000,0.000015,0.000000,0.000000,Landed,0.0000000,0.0000000,
874.500,0.000014,0.000000,0.000000,Landed,0.0000000,0.0000000,
875.000,-0.000005,0.000000,0.000000,Landed,0.0000000,0.0000000,
875.500,-0.000011,0.000000,0.000000,Landed,0.0000000,0.0000000,
876.000,-0.000004,0.000000,0.000000,Landed,0.0000000,0.0000000,
876.500,-0.000015,0.000000,0.000000,Landed,0.0000000,0.0000000,
877.000,-0.000013,0.000000,0.000000,Landed,0.0000000,0.0000000,
877.500,0.000002,0.000000,0.000000,Landed,0.0000000,0.0000000,
878.000,-0.000001,0.000000,0.000000,Landed,0.0000000,0.0000000,
878.500,0.000008,0.000000,0.000000,Landed,0.0000000,0.0000000,
879.000,-0.000000,0.000000,0.000000,Landed,0.0000000,0.0000000,
879.500,0.000004,0.000000,0.000000,Landed,0.0000000,0.0000000,
880.000,-0.000009,0.000000,0.000000,Landed,0.0000000,0.0000000,
880.500,-0.000009,0.000000,0.000000,Landed,0.0000000,0.0000000,
881.000,0.000003,0.000000,0.000000,Landed,0.0000000,0.0000000,
881.500,-0.000003,0.000000,0.000000,Landed,0.0000000,0.0000000,
882.000,0.000004,0.000000,0.000000,Landed,0.0000000,0.0000000,
882.500,-0.000006,0.000000,0.000000,Landed,0.0000000,0.0000000,
883.000,-0.000004,0.000000,0.000000,Landed,0.0000000,0.0000000,
883.500,0.000011,0.000000,0.000000,Landed,0.0000000,0.0000000,
884.000,0.000007,0.000000,0.000000,Landed,0.0000000,0.0000000,
884.500,-0.000013,0.000000,0.000000,Landed,0.0000000,0.0000000,
885.000,0.000009,0.000000,0.000000,Landed,0.0000000,0.0000000,
885.500,0.000013,0.000000,0.000000,Landed,0.0000000,0.0000000,
886.000,0.000000,0.000000,0.000000,Landed,0.0000000,0.0000000,
886.500,-0.000001,0.000000,0.000000,Landed,0.0000000,0.0000000,
887.000,0.000011,0.000000,0.000000,Landed,0.0000000,0.0000000,
887.500,0.000006,0.000000,0.000000,Landed,0.0000000,0.0000000,
888.000,0.000012,0.000000,0.000000,Landed,0.0000000,0.0000000,
888.500,0.000001,0.000000,0.000000,Landed,0.0000000,0.0000000,
889.000,0.000003,0.000000,0.000000,Landed,0.0000000,0.0000000,
889.500,-0.000013,0.000000,0.000000,Landed,0.0000000,0.0000000,
890.000,0.000014,0.000000,0.000000,Landed,0.0000000,0.0000000,
890.500,-0.000007,0.000000,0.000000,Landed,0.0000000,0.0000000,
891.000,0.000015,0.000000,0.000000,Landed,0.0000000,0.0000000,
891.500,-0.000012,0.000000,0.000000,Landed,0.0000000,0.0000000,
892.000,0.000005,0.000000,0.000000,Landed,0.0000000,0.0000000,
892.500,0.000004,0.000000,0.000000,Landed,0.0000000,0.0000000,
893.000,0.000015,0.000000,0.000000,Landed,0.0000000,0.0000000,
893.500,0.000008,0.000000,0.000000,Landed,0.0000000,0.0000000,
894.000,0.000015,0.000000,0.000000,Landed,0.0000000,360.0000000,
894.500,0.000003,0.000000,0.000000,Landed,0.0000000,360.0000000,
895.000,0.000004,0.000000,0.000000,Landed,0.0000000,360.0000000,
895.500,-0.000013,0.000000,0.000000,Landed,0.0000000,360.0000000,
896.000,0.000013,0.000000,0.000000,Landed,0.0000000,360.0000000,
896.500,-0.000009,0.000000,0.000000,Landed,0.0000000,360.0000000,
897.000,0.000012,0.000000,0.000000,Landed,0.0000000,360.0000000,
897.500,0.000015,0.000000,0.000000,Landed,0.0000000,360.0000000,
898.000,-0.000000,0.000000,0.000000,Landed,0.0000000,360.0000000,
898.500,-0.000003,0.000000,0.000000,Landed,0.0000000,360.0000000,
899.000,0.000008,0.000000,0.000000,Landed,0.0000000,360.0000000,
899.500,0.000000,0.000000,0.000000,Landed,0.0000000,360.0000000,
900.000,0.000005,0.000000,0.000000,Landed,0.0000000,360.0000000,
900.500,-0.000008,0.000000,0.000000,Landed,0.0000000,360.0000000,
901.000,-0.000008,0.000000,0.000000,Landed,0.0000000,360.0000000,
901.500,0.000004,0.000000,0.000000,Landed,0.0000000,360.0000000,
902.000,-0.000001,0.000000,0.000000,Landed,0.0000000,360.0000000,
902.500,0.000006,0.000000,0.000000,Landed,0.0000000,360.0000000,
903.000,-0.000006,0.000000,0.000000,Landed,0.0000000,360.0000000,
903.500,-0.000004,0.000000,0.000000,Landed,0.0000000,360.0000000,
904.000,0.000010,0.000000,0.000000,Landed,0.0000000,360.0000000,
904.500,0.000006,0.000000,0.000000,Landed,0.0000000,360.0000000,
905.000,0.000015,0.000000,0.000000,Landed,0.0000000,360.0000000,
905.500,0.000005,0.000000,0.000000,Landed,0.0000000,360.0000000,
906.000,0.000008,0.000000,0.000000,Landed,0.0000000,360.0000000,
906.500,-0.000006,0.000000,0.000000,Landed,0.0000000,360.0000000,
907.000,-0.000008,0.000000,0.000000,Landed,0.0000000,360.0000000,
907.500,0.000002,0.000000,0.000000,Landed,0.0000000,360.0000000,
908.000,-0.000005,0.000000,0.000000,Landed,0.0000000,360.0000000,
908.500,-0.000000,0.000000,0.000000,Landed,0.0000000,360.0000000,
909.000,-0.000013,0.000000,0.000000,Landed,0.0000000,360.0000000,
909.500,-0.000014,0.000000,0.000000,Landed,0.0000000,360.0000000,
910.000,-0.000001,0.000000,0.000000,Landed,0.0000000,360.0000000,
910.500,-0.000007,0.000000,0.000000,Landed,0.0000000,360.0000000,
911.000,-0.000001,0.000000,0.000000,Landed,0.0000000,360.0000000,
911.500,-0.000012,0.000000,0.000000,Landed,0.0000000,360.0000000,
912.000,-0.000011,0.000000,0.000000,Landed,0.0000000,0.0000000,
912.500,0.000003,0.000000,0.000000,Landed,0.0000000,0.0000000,
913.000,-0.000002,0.000000,0.000000,Landed,0.0000000,0.0000000,
913.500,0.000006,0.000000,0.000000,Landed,0.0000000,360.0000000,
914.000,-0.000004,0.000000,0.000000,Landed,0.0000000,360.0000000,
914.500,-0.000001,0.000000,0.000000,Landed,0.0000000,360.0000000,
915.000,0.000014,0.000000,0.000000,Landed,0.0000000,360.0000000,
915.500,0.000010,0.000000,0.000000,Landed,0.0000000,360.0000000,
916.000,-0.000011,0.000000,0.000000,Landed,0.0000000,360.0000000,
916.500,0.000011,0.000000,0.000000,Landed,0.0000000,360.0000000,
917.000,0.000015,0.000000,0.000000,Landed,0.0000000,360.0000000,
917.500,0.000000,0.000000,0.000000,Landed,0.0000000,360.0000000,
918.000,-0.000001,0.000000,0.000000,Landed,0.0000000,360.0000000,
918.500,0.000009,0.000000,0.000000,Landed,0.0000000,360.0000000,
919.000,0.000002,0.000000,0.000000,Landed,0.0000000,360.0000000,
919.500,0.000007,0.000000,0.000000,Landed,0.0000000,360.0000000,
920.000,-0.000006,0.000000,0.000000,Landed,0.0000000,360.0000000,
920.500,-0.000006,0.000000,0.000000,Landed,0.0000000,360.0000000,
921.000,0.000006,0.000000,0.000000,Landed,0.0000000,360.0000000,
921.500,-0.000001,0.000000,0.000000,Landed,0.0000000,360.0000000,
922.000,0.000006,0.000000,0.000000,Landed,0.0000000,360.0000000,
922.500,-0.000006,0.000000,0.000000,Landed,0.0000000,360.0000000,
923.000,-0.000005,0.000000,0.000000,Landed,0.0000000,360.0000000,
923.500,0.000008,0.000000,0.000000,Landed,0.0000000,360.0000000,
924.000,0.000002,0.000000,0.000000,Landed,0.0000000,360.0000000,
924.500,0.000010,0.000000,0.000000,Landed,0.0000000,360.0000000,
925.000,-0.000001,0.000000,0.000000,Landed,0.0000000,360.0000000,
925.500,0.000001,0.000000,0.000000,Landed,0.0000000,360.0000000,
926.000,0.000015,0.000000,0.000000,Landed,0.0000000,360.0000000,
926.500,0.000010,0.000000,0.000000,Landed,0.0000000,360.0000000,
927.000,-0.000012,0.000000,0.000000,Landed,0.0000000,360.0000000,
927.500,0.000009,0.000000,0.000000,Landed,0.0000000,360.0000000,
928.000,0.000011,0.000000,0.000000,Landed,0.0000000,360.0000000,
928.500,-0.000004,0.000000,0.000000,Landed,0.0000000,360.0000000,
929.000,-0.000007,0.000000,0.000000,Landed,0.0000000,360.0000000,
929.500,0.000002,0.000000,0.000000,Landed,0.0000000,360.0000000,
930.000,-0.000007,0.000000,0.000000,Landed,0.0000000,360.0000000,
930.500,-0.000003,0.000000,0.000000,Landed,0.0000000,360.0000000,
931.000,0.000013,0.000000,0.000000,Landed,0.0000000,360.0000000,
931.500,0.000010,0.000000,0.000000,Landed,0.0000000,360.0000000,
932.000,-0.000010,0.000000,0.000000,Landed,0.0000000,360.0000000,
932.500,0.000012,0.000000,0.000000,Landed,0.0000000,360.0000000,
933.000,-0.000014,0.000000,0.000000,Landed,0.0000000,360.0000000,
933.500,0.000003,0.000000,0.000000,Landed,0.0000000,360.0000000,
934.000,0.000001,0.000000,0.000000,Landed,0.0000000,360.0000000,
934.500,0.000012,0.000000,0.000000,Landed,0.0000000,360.0000000,
935.000,0.000004,0.000000,0.000000,Landed,0.0000000,360.0000000,
935.500,0.000009,0.000000,0.000000,Landed,0.0000000,360.0000000,
936.000,-0.000004,0.000000,0.000000,Landed,0.0000000,360.0000000,
936.500,-0.000005,0.000000,0.000000,Landed,0.0000000,360.0000000,
937.000,0.000006,0.000000,0.000000,Landed,0.0000000,360.0000000,
937.500,-0.000001,0.000000,0.000000,Landed,0.0000000,360.0000000,
938.000,0.000005,0.000000,0.000000,Landed,0.0000000,360.0000000,
938.500,-0.000008,0.000000,0.000000,Landed,0.0000000,360.0000000,
939.000,-0.000008,0.000000,0.000000,Landed,0.0000000,360.0000000,
939.500,0.000004,0.000000,0.000000,Landed,0.0000000,360.0000000,
940.000,-0.000002,0.000000,0.000000,Landed,0.0000000,360.0000000,
940.500,0.000004,0.000000,0.000000,Landed,0.0000000,360.0000000,
941.000,-0.000009,0.000000,0.000000,Landed,0.0000000,360.0000000,
941.500,-0.000008,0.000000,0.000000,Landed,0.0000000,360.0000000,
942.000,0.000004,0.000000,0.000000,Landed,0.0000000,360.0000000,
942.500,-0.000002,0.000000,0.000000,Landed,0.0000000,360.0000000,
943.000,0.000004,0.000000,0.000000,Landed,0.0000000,360.0000000,
943.500,-0.000007,0.000000,0.000000,Landed,0.0000000,360.0000000,
944.000,-0.000007,0.000000,0.000000,Landed,0.0000000,360.0000000,
944.500,0.000006,0.000000,0.000000,Landed,0.0000000,360.0000000,
945.000,0.000000,0.000000,0.000000,Landed,0.0000000,360.0000000,
945.500,0.000007,0.000000,0.000000,Landed,0.0000000,360.0000000,
946.000,-0.000005,0.000000,0.000000,Landed,0.0000000,360.0000000,
946.500,-0.000004,0.000000,0.000000,Landed,0.0000000,360.0000000,
947.000,0.000009,0.000000,0.000000,Landed,0.0000000,360.0000000,
947.500,0.000004,0.000000,0.000000,Landed,0.0000000,360.0000000,
948.000,0.000010,0.000000,0.000000,Landed,0.0000000,360.0000000,
948.500,-0.000001,0.000000,0.000000,Landed,0.0000000,360.0000000,
949.000,-0.000000,0.000000,0.000000,Landed,0.0000000,360.0000000,
949.500,0.000013,0.000000,0.000000,Landed,0.0000000,360.0000000,
950.000,0.000007,0.000000,0.000000,Landed,0.0000000,360.0000000,
950.500,0.000014,0.000000,0.000000,Landed,0.0000000,360.0000000,
951.000,0.000003,0.000000,0.000000,Landed,0.0000000,360.0000000,
951.500,0.000004,0.000000,0.000000,Landed,0.0000000,360.0000000,
952.000,-0.000014,0.000000,0.000000,Landed,0.0000000,360.0000000,
952.500,0.000012,0.000000,0.000000,Landed,0.0000000,360.0000000,
953.000,-0.000012,0.000000,0.000000,Landed,0.0000000,360.0000000,
953.500,0.000007,0.000000,0.000000,Landed,0.0000000,360.0000000,
954.000,0.000008,0.000000,0.000000,Landed,0.0000000,360.0000000,
954.500,-0.000009,0.000000,0.000000,Landed,0.0000000,360.0000000,
955.000,-0.000014,0.000000,0.000000,Landed,0.0000000,360.0000000,
955.500,-0.000007,0.000000,0.000000,Landed,0.0000000,360.0000000,
956.000,0.000012,0.000000,0.000000,Landed,0.0000000,360.0000000,
956.500,0.000013,0.000000,0.000000,Landed,0.0000000,360.0000000,
957.000,-0.000005,0.000000,0.000000,Landed,0.0000000,360.0000000,
957.500,-0.000010,0.000000,0.000000,Landed,0.0000000,360.0000000,
958.000,-0.000003,0.000000,0.000000,Landed,0.0000000,360.0000000,
958.500,-0.000015,0.000000,0.000000,Landed,0.0000000,360.0000000,
959.000,-0.000014,0.000000,0.000000,Landed,0.0000000,360.0000000,
959.500,-0.000001,0.000000,0.000000,Landed,0.0000000,360.0000000,
960.000,-0.000007,0.000000,0.000000,Landed,0.0000000,360.0000000,
960.500,-0.000000,0.000000,0.000000,Landed,0.0000000,360.0000000,
961.000,-0.000012,0.000000,0.000000,Landed,0.0000000,360.0000000,
961.500,-0.000011,0.000000,0.000000,Landed,0.0000000,360.0000000,
962.000,0.000001,0.000000,0.000000,Landed,0.0000000,360.0000000,
962.500,-0.000005,0.000000,0.000000,Landed,0.0000000,360.0000000,
963.000,0.000001,0.000000,0.000000,Landed,0.0000000,360.0000000,
963.500,-0.000011,0.000000,0.000000,Landed,0.0000000,360.0000000,
964.000,-0.000011,0.000000,0.000000,Landed,0.0000000,360.0000000,
964.500,0.000001,0.000000,0.000000,Landed,0.0000000,360.0000000,
965.000,-0.000005,0.000000,0.000000,Landed,0.0000000,360.0000000,
965.500,0.000001,0.000000,0.000000,Landed,0.0000000,360.0000000,
966.000,-0.000012,0.000000,0.000000,Landed,0.0000000,360.0000000,
966.500,-0.000012,0.000000,0.000000,Landed,0.0000000,360.0000000,
967.000,-0.000001,0.000000,0.000000,Landed,0.0000000,360.0000000,
967.500,-0.000008,0.000000,0.000000,Landed,0.0000000,360.0000000,
968.000,-0.000002,0.000000,0.000000,Landed,0.0000000,360.0000000,
968.500,0.000015,0.000000,0.000000,Landed,0.0000000,360.0000000,
969.000,0.000013,0.000000,0.000000,Landed,0.0000000,360.0000000,
969.500,-0.000006,0.000000,0.000000,Landed,0.0000000,360.0000000,
970.000,-0.000014,0.000000,0.000000,Landed,0.0000000,360.0000000,
970.500,-0.000009,0.000000,0.000000,Landed,0.0000000,360.0000000,
971.000,0.000008,0.000000,0.000000,Landed,0.0000000,360.0000000,
971.500,0.000005,0.000000,0.000000,Landed,0.0000000,360.0000000,
972.000,-0.000015,0.000000,0.000000,Landed,0.0000000,360.0000000,
972.500,0.000007,0.000000,0.000000,Landed,0.0000000,360.0000000,
973.000,0.000011,0.000000,0.000000,Landed,0.0000000,360.0000000,
973.500,-0.000004,0.000000,0.000000,Landed,0.0000000,360.0000000,
974.000,-0.000006,0.000000,0.000000,Landed,0.0000000,360.0000000,
974.500,0.000003,0.000000,0.000000,Landed,0.0000000,360.0000000,
975.000,-0.000006,0.000000,0.000000,Landed,0.0000000,360.0000000,
975.500,-0.000003,0.000000,0.000000,Landed,0.0000000,0.0000000,
976.000,0.000012,0.000000,0.000000,Landed,0.0000000,360.0000000,
976.500,0.000008,0.000000,0.000000,Landed,0.0000000,360.0000000,
977.000,-0.000014,0.000000,0.000000,Landed,0.0000000,360.0000000,
977.500,0.000006,0.000000,0.000000,Landed,0.0000000,360.0000000,
978.000,0.000008,0.000000,0.000000,Landed,0.0000000,360.0000000,
978.500,-0.000009,0.000000,0.000000,Landed,0.0000000,360.0000000,
979.000,-0.000013,0.000000,0.000000,Landed,0.0000000,360.0000000,
979.500,-0.000005,0.000000,0.000000,Landed,0.0000000,0.0000000,
980.000,0.000014,0.000000,0.000000,Landed,0.0000000,0.0000000,
980.500,0.000015,0.000000,0.000000,Landed,0.0000000,360.0000000,
981.000,-0.000003,0.000000,0.000000,Landed,0.0000000,360.0000000,
981.500,-0.000009,0.000000,0.000000,Landed,0.0000000,360.0000000,
982.000,-0.000002,0.000000,0.000000,Landed,0.0000000,360.0000000,
982.500,-0.000014,0.000000,0.000000,Landed,0.0000000,360.0000000,
983.000,-0.000014,0.000000,0.000000,Landed,0.0000000,0.0000000,
983.500,-0.000002,0.000000,0.000000,Landed,0.0000000,0.0000000,
984.000,-0.000009,0.000000,0.000000,Landed,0.0000000,0.0000000,
984.500,-0.000004,0.000000,0.000000,Landed,0.0000000,0.0000000,
985.000,0.000013,0.000000,0.000000,Landed,0.0000000,0.0000000,
985.500,0.000011,0.000000,0.000000,Landed,0.0000000,0.0000000,
986.000,-0.000009,0.000000,0.000000,Landed,0.0000000,0.0000000,
986.500,0.000014,0.000000,0.000000,Landed,0.0000000,0.0000000,
987.000,-0.000013,0.000000,0.000000,Landed,0.0000000,0.0000000,
987.500,0.000003,0.000000,0.000000,Landed,0.0000000,0.0000000,
988.000,-0.000000,0.000000,0.000000,Landed,0.0000000,0.0000000,
988.500,0.000009,0.000000,0.000000,Landed,0.0000000,0.0000000,
989.000,-0.000001,0.000000,0.000000,Landed,0.0000000,0.0000000,
989.500,0.000002,0.000000,0.000000,Landed,0.0000000,0.0000000,
990.000,-0.000014,0.000000,0.000000,Landed,0.0000000,0.0000000,
990.500,0.000012,0.000000,0.000000,Landed,0.0000000,0.0000000,
991.000,-0.000011,0.000000,0.000000,Landed,0.0000000,0.0000000,
991.500,0.000009,0.000000,0.000000,Landed,0.0000000,0.0000000,
992.000,0.000009,0.000000,0.000000,Landed,0.0000000,0.0000000,
992.500,-0.000008,0.000000,0.000000,Landed,0.0000000,0.0000000,
993.000,-0.000014,0.000000,0.000000,Landed,0.0000000,0.0000000,
993.500,-0.000008,0.000000,0.000000,Landed,0.0000000,0.0000000,
994.000,0.000010,0.000000,0.000000,Landed,0.0000000,0.0000000,
994.500,0.000010,0.000000,0.000000,Landed,0.0000000,0.0000000,
995.000,-0.000010,0.000000,0.000000,Landed,0.0000000,0.0000000,
995.500,0.000013,0.000000,0.000000,Landed,0.0000000,0.0000000,
996.000,-0.000013,0.000000,0.000000,Landed,0.0000000,0.0000000,
996.500,0.000004,0.000000,0.000000,Landed,0.0000000,0.0000000,
997.000,0.000001,0.000000,0.000000,Landed,0.0000000,0.0000000,
997.500,0.000011,0.000000,0.000000,Landed,0.0000000,0.0000000,
998.000,0.000001,0.000000,0.000000,Landed,0.0000000,0.0000000,
998.500,0.000004,0.000000,0.000000,Landed,0.0000000,0.0000000,
999.000,-0.000012,0.000000,0.000000,Landed,0.0000000,0.0000000,
999.500,0.000014,0.000000,0.000000,Landed,0.0000000,0.0000000,
1000.000,-0.000009,0.000000,0.000000,Landed,0.0000000,0.0000000,
1000.500,0.000011,0.000000,0.000000,Landed,0.0000000,0.0000000,
1001.000,0.000011,0.000000,0.000000,Landed,0.0000000,360.0000000,
1001.500,-0.000007,0.000000,0.000000,Landed,0.0000000,360.0000000,
1002.000,-0.000012,0.000000,0.000000,Landed,0.0000000,360.0000000,
1002.500,-0.000006,0.000000,0.000000,Landed,0.0000000,0.0000000,
1003.000,0.000011,0.000000,0.000000,Landed,0.0000000,0.0000000,
1003.500,0.000010,0.000000,0.000000,Landed,0.0000000,360.0000000,
1004.000,-0.000010,0.000000,0.000000,Landed,0.0000000,360.0000000,
1004.500,0.000012,0.000000,0.000000,Landed,0.0000000,360.0000000,
1005.000,-0.000014,0.000000,0.000000,Landed,0.0000000,360.0000000,
1005.500,0.000001,0.000000,0.000000,Landed,0.0000000,0.0000000,
1006.000,-0.000002,0.000000,0.000000,Landed,0.0000000,0.0000000,
1006.500,0.000007,0.000000,0.000000,Landed,0.0000000,0.0000000,
1007.000,-0.000003,0.000000,0.000000,Landed,0.0000000,0.0000000,
1007.500,-0.000002,0.000000,0.000000,Landed,0.0000000,0.0000000,
1008.000,0.000012,0.000000,0.000000,Landed,0.0000000,360.0000000,
1008.500,0.000006,0.000000,0.000000,Landed,0.0000000,360.0000000,
1009.000,0.000012,0.000000,0.000000,Landed,0.0000000,360.0000000,
1009.500,-0.000000,0.000000,0.000000,Landed,0.0000000,360.0000000,
1010.000,-0.000001,0.000000,0.000000,Landed,0.0000000,360.0000000,
1010.500,0.000010,0.000000,0.000000,Landed,0.0000000,360.0000000,
1011.000,0.000003,0.000000,0.000000,Landed,0.0000000,360.0000000,
1011.500,0.000007,0.000000,0.000000,Landed,0.0000000,360.0000000,
1012.000,-0.000008,0.000000,0.000000,Landed,0.0000000,360.0000000,
1012.500,-0.000011,0.000000,0.000000,Landed,0.0000000,360.0000000,
1013.000,-0.000002,0.000000,0.000000,Landed,0.0000000,360.0000000,
1013.500,-0.000011,0.000000,0.000000,Landed,0.0000000,360.0000000,
1014.000,-0.000009,0.000000,0.000000,Landed,0.0000000,360.0000000,
1014.500,0.000004,0.000000,0.000000,Landed,0.0000000,360.0000000,
1015.000,-0.000001,0.000000,0.000000,Landed,0.0000000,360.0000000,
1015.500,0.000005,0.000000,0.000000,Landed,0.0000000,360.0000000,
1016.000,-0.000007,0.000000,0.000000,Landed,0.0000000,360.0000000,
1016.500,-0.000008,0.000000,0.000000,Landed,0.0000000,0.0000000,
1017.000,0.000003,0.000000,0.000000,Landed,0.0000000,360.0000000,
1017.500,-0.000004,0.000000,0.000000,Landed,0.0000000,0.0000000,
1018.000,-0.000001,0.000000,0.000000,Landed,0.0000000,0.0000000,
1018.500,0.000015,0.000000,0.000000,Landed,0.0000000,0.0000000,
1019.000,0.000011,0.000000,0.000000,Landed,0.0000000,360.0000000,
1019.500,-0.000011,0.000000,0.000000,Landed,0.0000000,360.0000000,
1020.000,0.000009,0.000000,0.000000,Landed,0.0000000,360.0000000,
1020.500,0.000010,0.000000,0.000000,Landed,0.0000000,360.0000000,
1021.000,-0.000007,0.000000,0.000000,Landed,0.0000000,360.0000000,
1021.500,-0.000013,0.000000,0.000000,Landed,0.0000000,360.0000000,
1022.000,-0.000007,0.000000,0.000000,Landed,0.0000000,360.0000000,
1022.500,0.000010,0.000000,0.000000,Landed,0.0000000,360.0000000,
1023.000,0.000009,0.000000,0.000000,Landed,0.0000000,360.0000000,
1023.500,-0.000012,0.000000,0.000000,Landed,0.0000000,360.0000000,
1024.000,0.000010,0.000000,0.000000,Landed,0.0000000,360.0000000,
1024.500,0.000013,0.000000,0.000000,Landed,0.0000000,360.0000000,
1025.000,-0.000003,0.000000,0.000000,Landed,0.0000000,360.0000000,
1025.500,-0.000008,0.000000,0.000000,Landed,0.0000000,360.0000000,
1026.000,-0.000000,0.000000,0.000000,Landed,0.0000000,360.0000000,
1026.500,-0.000012,0.000000,0.000000,Landed,0.0000000,360.0000000,
1027.000,-0.000012,0.000000,0.000000,Landed,0.0000000,360.0000000,
1027.500,0.000000,0.000000,0.000000,Landed,0.0000000,0.0000000,
1028.000,-0.000007,0.000000,0.000000,Landed,0.0000000,0.0000000,
1028.500,-0.000003,0.000000,0.000000,Landed,0.0000000,0.0000000,
1029.000,0.000013,0.000000,0.000000,Landed,0.0000000,0.0000000,
1029.500,0.000010,0.000000,0.000000,Landed,0.0000000,360.0000000,
1030.000,-0.000012,0.000000,0.000000,Landed,0.0000000,360.0000000,
1030.500,0.000008,0.000000,0.000000,Landed,0.0000000,0.0000000,
1031.000,0.000009,0.000000,0.000000,Landed,0.0000000,360.0000000,
1031.500,-0.000008,0.000000,0.000000,Landed,0.0000000,360.0000000,
1032.000,-0.000014,0.000000,0.000000,Landed,0.0000000,0.0000000,
1032.500,-0.000009,0.000000,0.000000,Landed,0.0000000,0.0000000,
1033.000,0.000009,0.000000,0.000000,Landed,0.0000000,0.0000000,
1033.500,0.000007,0.000000,0.000000,Landed,0.0000000,0.0000000,
1034.000,-0.000014,0.000000,0.000000,Landed,0.0000000,0.0000000,
1034.500,0.000007,0.000000,0.000000,Landed,0.0000000,0.0000000,
1035.000,0.000009,0.000000,0.000000,Landed,0.0000000,0.0000000,
1035.500,-0.000008,0.000000,0.000000,Landed,0.0000000,0.0000000,
1036.000,-0.000013,0.000000,0.000000,Landed,0.0000000,0.0000000,
1036.500,-0.000006,0.000000,0.000000,Landed,0.0000000,0.0000000,
1037.000,0.000012,0.000000,0.000000,Landed,0.0000000,0.0000000,
1037.500,0.000010,0.000000,0.000000,Landed,0.0000000,0.0000000,
1038.000,-0.000010,0.000000,0.000000,Landed,0.0000000,0.0000000,
1038.500,0.000012,0.000000,0.000000,Landed,0.0000000,0.0000000,
1039.000,0.000015,0.000000,0.000000,Landed,0.0000000,360.0000000,
1039.500,-0.000002,0.000000,0.000000,Landed,0.0000000,360.0000000,
1040.000,-0.000006,0.000000,0.000000,Landed,0.0000000,360.0000000,
1040.500,0.000001,0.000000,0.000000,Landed,0.0000000,360.0000000,
1041.000,-0.000011,0.000000,0.000000,Landed,0.0000000,360.0000000,
1041.500,-0.000011,0.000000,0.000000,Landed,0.0000000,0.0000000,
1042.000,-0.000000,0.000000,0.000000,Landed,0.0000000,0.0000000,
1042.500,-0.000008,0.000000,0.000000,Landed,0.0000000,0.0000000,
1043.000,-0.000005,0.000000,0.000000,Landed,0.0000000,0.0000000,
1043.500,0.000010,0.000000,0.000000,Landed,0.0000000,0.0000000,
1044.000,0.000006,0.000000,0.000000,Landed,0.0000000,0.0000000,
1044.500,0.000013,0.000000,0.000000,Landed,0.0000000,0.0000000,
1045.000,0.000001,0.000000,0.000000,Landed,0.0000000,360.0000000,
1045.500,0.000001,0.000000,0.000000,Landed,0.0000000,360.0000000,
1046.000,0.000012,0.000000,0.000000,Landed,0.0000000,360.0000000,
1046.500,0.000004,0.000000,0.000000,Landed,0.0000000,360.0000000,
1047.000,0.000007,0.000000,0.000000,Landed,0.0000000,360.0000000,
1047.500,-0.000009,0.000000,0.000000,Landed,0.0000000,360.0000000,
1048.000,-0.000012,0.000000,0.000000,Landed,0.0000000,360.0000000,
1048.500,-0.000005,0.000000,0.000000,Landed,0.0000000,360.0000000,
1049.000,0.000014,0.000000,0.000000,Landed,0.0000000,360.0000000,
1049.500,0.000014,0.000000,0.000000,Landed,0.0000000,360.0000000,
1050.000,-0.000006,0.000000,0.000000,Landed,0.0000000,360.0000000,
1050.500,-0.000014,0.000000,0.000000,Landed,0.0000000,360.0000000,
1051.000,-0.000010,0.000000,0.000000,Landed,0.0000000,360.0000000,
1051.500,0.000005,0.000000,0.000000,Landed,0.0000000,360.0000000,
1052.000,0.000001,0.000000,0.000000,Landed,0.0000000,360.0000000,
1052.500,0.000008,0.000000,0.000000,Landed,0.0000000,360.0000000,
1053.000,-0.000004,0.000000,0.000000,Landed,0.0000000,360.0000000,
1053.500,-0.000004,0.000000,0.000000,Landed,0.0000000,360.0000000,
1054.000,0.000006,0.000000,0.000000,Landed,0.0000000,360.0000000,
1054.500,-0.000002,0.000000,0.000000,Landed,0.0000000,360.0000000,
1055.000,0.000001,0.000000,0.000000,Landed,0.0000000,360.0000000,
1055.500,-0.000015,0.000000,0.000000,Landed,0.0000000,360.0000000,
1056.000,0.000011,0.000000,0.000000,Landed,0.0000000,360.0000000,
1056.500,-0.000013,0.000000,0.000000,Landed,0.0000000,360.0000000,
1057.000,0.000006,0.000000,0.000000,Landed,0.0000000,360.0000000,
1057.500,0.000005,0.000000,0.000000,Landed,0.0000000,360.0000000,
1058.000,0.000015,0.000000,0.000000,Landed,0.0000000,360.0000000,
1058.500,0.000006,0.000000,0.000000,Landed,0.0000000,360.0000000,
1059.000,0.000008,0.000000,0.000000,Landed,0.0000000,360.0000000,
1059.500,-0.000009,0.000000,0.000000,Landed,0.0000000,360.0000000,
1060.000,-0.000014,0.000000,0.000000,Landed,0.0000000,360.0000000,
1060.500,-0.000008,0.000000,0.000000,Landed,0.0000000,360.0000000,
1061.000,0.000010,0.000000,0.000000,Landed,0.0000000,360.0000000,
1061.500,0.000008,0.000000,0.000000,Landed,0.0000000,360.0000000,
1062.000,-0.000013,0.000000,0.000000,Landed,0.0000000,360.0000000,
1062.500,0.000008,0.000000,0.000000,Landed,0.0000000,360.0000000,
1063.000,0.000009,0.000000,0.000000,Landed,0.0000000,360.0000000,
1063.500,-0.000008,0.000000,0.000000,Landed,0.0000000,360.0000000,
1064.000,-0.000014,0.000000,0.000000,Landed,0.0000000,360.0000000,
1064.500,-0.000009,0.000000,0.000000,Landed,0.0000000,360.0000000,
1065.000,0.000007,0.000000,0.000000,Landed,0.0000000,360.0000000,
1065.500,0.000004,0.000000,0.000000,Landed,0.0000000,360.0000000,
1066.000,0.000013,0.000000,0.000000,Landed,0.0000000,360.0000000,
1066.500,0.000002,0.000000,0.000000,Landed,0.0000000,360.0000000,
1067.000,0.000002,0.000000,0.000000,Landed,0.0000000,360.0000000,
1067.500,0.000014,0.000000,0.000000,Landed,0.0000000,360.0000000,
1068.000,0.000006,0.000000,0.000000,Landed,0.0000000,360.0000000,
1068.500,0.000009,0.000000,0.000000,Landed,0.0000000,360.0000000,
1069.000,-0.000006,0.000000,0.000000,Landed,0.0000000,360.0000000,
1069.500,-0.000010,0.000000,0.000000,Landed,0.0000000,360.0000000,
1070.000,-0.000003,0.000000,0.000000,Landed,0.0000000,360.0000000,
1070.500,-0.000015,0.000000,0.000000,Landed,0.0000000,360.0000000,
1071.000,0.000015,0.000000,0.000000,Landed,0.0000000,360.0000000,
1071.500,-0.000006,0.000000,0.000000,Landed,0.0000000,360.0000000,
1072.000,-0.000015,0.000000,0.000000,Landed,0.0000000,360.0000000,
1072.500,-0.000012,0.000000,0.000000,Landed,0.0000000,360.0000000,
1073.000,0.000002,0.000000,0.000000,Landed,0.0000000,360.0000000,
1073.500,-0.000004,0.000000,0.000000,Landed,0.0000000,360.0000000,
1074.000,0.000001,0.000000,0.000000,Landed,0.0000000,360.0000000,
1074.500,-0.000012,0.000000,0.000000,Landed,0.0000000,360.0000000,
1075.000,-0.000015,0.000000,0.000000,Landed,0.0000000,0.0000000,
1075.500,-0.000006,0.000000,0.000000,Landed,0.0000000,0.0000000,
1076.000,0.000014,0.000000,0.000000,Landed,0.0000000,0.0000000,
1076.500,0.000014,0.000000,0.000000,Landed,0.0000000,0.0000000,
1077.000,-0.000005,0.000000,0.000000,Landed,0.0000000,360.0000000,
1077.500,-0.000013,0.000000,0.000000,Landed,0.0000000,0.0000000,
1078.000,-0.000009,0.000000,0.000000,Landed,0.0000000,0.0000000,
1078.500,0.000006,0.000000,0.000000,Landed,0.0000000,0.0000000,
1079.000,0.000001,0.000000,0.000000,Landed,0.0000000,0.0000000,
1079.500,0.000007,0.000000,0.000000,Landed,0.0000000,0.0000000,
1080.000,-0.000005,0.000000,0.000000,Landed,0.0000000,0.0000000,
1080.500,-0.000007,0.000000,0.000000,Landed,0.0000000,0.0000000,
1081.000,0.000003,0.000000,0.000000,Landed,0.0000000,0.0000000,
1081.500,-0.000007,0.000000,0.000000,Landed,0.0000000,0.0000000,
1082.000,-0.000006,0.000000,0.000000,Landed,0.0000000,0.0000000,
1082.500,0.000007,0.000000,0.000000,Landed,0.0000000,0.0000000,
1083.000,-0.000000,0.000000,0.000000,Landed,0.0000000,0.0000000,
1083.500,0.000004,0.000000,0.000000,Landed,0.0000000,0.0000000,
1084.000,-0.000011,0.000000,0.000000,Landed,0.0000000,0.0000000,
1084.500,-0.000015,0.000000,0.000000,Landed,0.0000000,0.0000000,
1085.000,-0.000008,0.000000,0.000000,Landed,0.0000000,0.0000000,
1085.500,0.000011,0.000000,0.000000,Landed,0.0000000,0.0000000,
1086.000,0.000009,0.000000,0.000000,Landed,0.0000000,0.0000000,
1086.500,-0.000011,0.000000,0.000000,Landed,0.0000000,0.0000000,
1087.000,0.000010,0.000000,0.000000,Landed,0.0000000,0.0000000,
1087.500,0.000011,0.000000,0.000000,Landed,0.0000000,0.0000000,
1088.000,-0.000007,0.000000,0.000000,Landed,0.0000000,0.0000000,
1088.500,-0.000013,0.000000,0.000000,Landed,0.0000000,0.0000000,
1089.000,-0.000008,0.000000,0.000000,Landed,0.0000000,0.0000000,
1089.500,0.000007,0.000000,0.000000,Landed,0.0000000,0.0000000,
1090.000,0.000003,0.000000,0.000000,Landed,0.0000000,0.0000000,
1090.500,0.000010,0.000000,0.000000,Landed,0.0000000,0.0000000,
1091.000,-0.000002,0.000000,0.000000,Landed,0.0000000,0.0000000,
1091.500,-0.000003,0.000000,0.000000,Landed,0.0000000,0.0000000,
1092.000,0.000007,0.000000,0.000000,Landed,0.0000000,0.0000000,
1092.500,-0.000003,0.000000,0.000000,Landed,0.0000000,0.0000000,
1093.000,-0.000001,0.000000,0.000000,Landed,0.0000000,0.0000000,
1093.500,0.000011,0.000000,0.000000,Landed,0.0000000,0.0000000,
1094.000,0.000004,0.000000,0.000000,Landed,0.0000000,0.0000000,
1094.500,0.000008,0.000000,0.000000,Landed,0.0000000,0.0000000,
1095.000,-0.000008,0.000000,0.000000,Landed,0.0000000,0.0000000,
1095.500,-0.000012,0.000000,0.000000,Landed,0.0000000,0.0000000,
1096.000,-0.000005,0.000000,0.000000,Landed,0.0000000,0.0000000,
1096.500,0.000013,0.000000,0.000000,Landed,0.0000000,0.0000000,
1097.000,0.000011,0.000000,0.000000,Landed,0.0000000,0.0000000,
1097.500,-0.000011,0.000000,0.000000,Landed,0.0000000,0.0000000,
1098.000,0.000010,0.000000,0.000000,Landed,0.0000000,0.0000000,
1098.500,0.000010,0.000000,0.000000,Landed,0.0000000,0.0000000,
1099.000,-0.000008,0.000000,0.000000,Landed,0.0000000,0.0000000,
1099.500,0.000014,0.000000,0.000000,Landed,0.0000000,0.0000000,
1100.000,-0.000013,0.000000,0.000000,Landed,0.0000000,0.0000000,
1100.500,0.000001,0.000000,0.000000,Landed,0.0000000,0.0000000,
1101.000,-0.000004,0.000000,0.000000,Landed,0.0000000,0.0000000,
1101.500,0.000002,0.000000,0.000000,Landed,0.0000000,0.0000000,
1102.000,-0.000012,0.000000,0.000000,Landed,0.0000000,0.0000000,
1102.500,-0.000014,0.000000,0.000000,Landed,0.0000000,0.0000000,
1103.000,-0.000006,0.000000,0.000000,Landed,0.0000000,0.0000000,
1103.500,0.000013,0.000000,0.000000,Landed,0.0000000,0.0000000,
1104.000,0.000012,0.000000,0.000000,Landed,0.0000000,0.0000000,
1104.500,-0.000008,0.000000,0.000000,Landed,0.0000000,0.0000000,
1105.000,0.000014,0.000000,0.000000,Landed,0.0000000,0.0000000,
1105.500,-0.000015,0.000000,0.000000,Landed,0.0000000,0.0000000,
1106.000,-0.000002,0.000000,0.000000,Landed,0.0000000,0.0000000,
1106.500,-0.000009,0.000000,0.000000,Landed,0.0000000,0.0000000,
1107.000,-0.000004,0.000000,0.000000,Landed,0.0000000,0.0000000,
1107.500,0.000011,0.000000,0.000000,Landed,0.0000000,0.0000000,
1108.000,0.000006,0.000000,0.000000,Landed,0.0000000,0.0000000,
1108.500,0.000012,0.000000,0.000000,Landed,0.0000000,0.0000000,
1109.000,-0.000001,0.000000,0.000000,Landed,0.0000000,0.0000000,
1109.500,-0.000003,0.000000,0.000000,Landed,0.0000000,0.0000000,
1110.000,0.000006,0.000000,0.000000,Landed,0.0000000,0.0000000,
1110.500,-0.000005,0.000000,0.000000,Landed,0.0000000,0.0000000,
1111.000,-0.000005,0.000000,0.000000,Landed,0.0000000,0.0000000,
1111.500,0.000006,0.000000,0.000000,Landed,0.0000000,0.0000000,
1112.000,-0.000003,0.000000,0.000000,Landed,0.0000000,0.0000000,
1112.500,-0.000001,0.000000,0.000000,Landed,0.0000000,0.0000000,
1113.000,0.000012,0.000000,0.000000,Landed,0.0000000,0.0000000,
1113.500,0.000005,0.000000,0.000000,Landed,0.0000000,0.0000000,
1114.000,0.000009,0.000000,0.000000,Landed,0.0000000,360.0000000,
1114.500,-0.000006,0.000000,0.000000,Landed,0.0000000,360.0000000,
1115.000,-0.000011,0.000000,0.000000,Landed,0.0000000,360.0000000,
1115.500,-0.000004,0.000000,0.000000,Landed,0.0000000,0.0000000,
1116.000,0.000013,0.000000,0.000000,Landed,0.0000000,0.0000000,
1116.500,0.000010,0.000000,0.000000,Landed,0.0000000,360.0000000,
1117.000,-0.000012,0.000000,0.000000,Landed,0.0000000,360.0000000,
1117.500,0.000007,0.000000,0.000000,Landed,0.0000000,360.0000000,
1118.000,0.000007,0.000000,0.000000,Landed,0.0000000,360.0000000,
1118.500,-0.000013,0.000000,0.000000,Landed,0.0000000,360.0000000,
1119.000,0.000008,0.000000,0.000000,Landed,0.0000000,360.0000000,
1119.500,0.000009,0.000000,0.000000,Landed,0.0000000,360.0000000,
1120.000,-0.000009,0.000000,0.000000,Landed,0.0000000,360.0000000,
1120.500,0.000014,0.000000,0.000000,Landed,0.0000000,360.0000000,
1121.000,-0.000013,0.000000,0.000000,Landed,0.0000000,360.0000000,
1121.500,0.000001,0.000000,0.000000,Landed,0.0000000,360.0000000,
1122.000,-0.000004,0.000000,0.000000,Landed,0.0000000,360.0000000,
1122.500,0.000001,0.000000,0.000000,Landed,0.0000000,360.0000000,
1123.000,-0.000013,0.000000,0.000000,Landed,0.0000000,360.0000000,
1123.500,0.000014,0.000000,0.000000,Landed,0.0000000,360.0000000,
1124.000,-0.000009,0.000000,0.000000,Landed,0.0000000,360.0000000,
1124.500,0.000009,0.000000,0.000000,Landed,0.0000000,360.0000000,
1125.000,0.000007,0.000000,0.000000,Landed,0.0000000,360.0000000,
1125.500,-0.000015,0.000000,0.000000,Landed,0.0000000,360.0000000,
1126.000,0.000005,0.000000,0.000000,Landed,0.0000000,360.0000000,
1126.500,0.000005,0.000000,0.000000,Landed,0.0000000,360.0000000,
1127.000,-0.000014,0.000000,0.000000,Landed,0.0000000,360.0000000,
1127.500,0.000007,0.000000,0.000000,Landed,0.0000000,360.0000000,
1128.000,0.000009,0.000000,0.000000,Landed,0.0000000,360.0000000,
1128.500,-0.000009,0.000000,0.000000,Landed,0.0000000,360.0000000,
1129.000,0.000014,0.000000,0.000000,Landed,0.0000000,360.0000000,
1129.500,-0.000013,0.000000,0.000000,Landed,0.0000000,360.0000000,
1130.000,0.000001,0.000000,0.000000,Landed,0.0000000,360.0000000,
1130.500,-0.000004,0.000000,0.000000,Landed,0.0000000,360.0000000,
1131.000,0.000001,0.000000,0.000000,Landed,0.0000000,360.0000000,
1131.500,-0.000014,0.000000,0.000000,Landed,0.0000000,0.0000000,
1132.000,0.000013,0.000000,0.000000,Landed,0.0000000,0.0000000,
1132.500,-0.000011,0.000000,0.000000,Landed,0.0000000,360.0000000,
1133.000,0.000007,0.000000,0.000000,Landed,0.0000000,0.0000000,
1133.500,0.000004,0.000000,0.000000,Landed,0.0000000,360.0000000,
1134.000,0.000012,0.000000,0.000000,Landed,0.0000000,360.0000000,
1134.500,0.000001,0.000000,0.000000,Landed,0.0000000,360.0000000,
1135.000,-0.000000,0.000000,0.000000,Landed,0.0000000,360.0000000,
1135.500,0.000010,0.000000,0.000000,Landed,0.0000000,360.0000000,
1136.000,-0.000000,0.000000,0.000000,Landed,0.0000000,360.0000000,
1136.500,0.000000,0.000000,0.000000,Landed,0.0000000,360.0000000,
1137.000,0.000012,0.000000,0.000000,Landed,0.0000000,360.0000000,
1137.500,0.000003,0.000000,0.000000,Landed,0.0000000,360.0000000,
1138.000,0.000005,0.000000,0.000000,Landed,0.0000000,360.0000000,
1138.500,-0.000013,0.000000,0.000000,Landed,0.0000000,360.0000000,
1139.000,0.000011,0.000000,0.000000,Landed,0.0000000,360.0000000,
1139.500,0.000014,0.000000,0.000000,Landed,0.0000000,360.0000000,
1140.000,-0.000002,0.000000,0.000000,Landed,0.0000000,360.0000000,
1140.500,-0.000008,0.000000,0.000000,Landed,0.0000000,360.0000000,
1141.000,-0.000003,0.000000,0.000000,Landed,0.0000000,360.0000000,
1141.500,0.000013,0.000000,0.000000,Landed,0.0000000,360.0000000,
1142.000,0.000008,0.000000,0.000000,Landed,0.0000000,360.0000000,
1142.500,0.000014,0.000000,0.000000,Landed,0.0000000,360.0000000,
1143.000,0.000001,0.000000,0.000000,Landed,0.0000000,360.0000000,
1143.500,-0.000002,0.000000,0.000000,Landed,0.0000000,360.0000000,
1144.000,0.000005,0.000000,0.000000,Landed,0.0000000,360.0000000,
1144.500,-0.000007,0.000000,0.000000,Landed,0.0000000,360.0000000,
1145.000,-0.000008,0.000000,0.000000,Landed,0.0000000,360.0000000,
1145.500,0.000001,0.000000,0.000000,Landed,0.0000000,360.0000000,
1146.000,-0.000010,0.000000,0.000000,Landed,0.0000000,360.0000000,
1146.500,-0.000010,0.000000,0.000000,Landed,0.0000000,360.0000000,
1147.000,0.000000,0.000000,0.000000,Landed,0.0000000,360.0000000,
1147.500,-0.000009,0.000000,0.000000,Landed,0.0000000,360.0000000,
1148.000,-0.000008,0.000000,0.000000,Landed,0.0000000,360.0000000,
1148.500,0.000003,0.000000,0.000000,Landed,0.0000000,360.0000000,
1149.000,-0.000006,0.000000,0.000000,Landed,0.0000000,360.0000000,
1149.500,-0.000003,0.000000,0.000000,Landed,0.0000000,360.0000000,
1150.000,0.000009,0.000000,0.000000,Landed,0.0000000,360.0000000,
1150.500,0.000001,0.000000,0.000000,Landed,0.0000000,360.0000000,
1151.000,0.000004,0.000000,0.000000,Landed,0.0000000,360.0000000,
1151.500,-0.000013,0.000000,0.000000,Landed,0.0000000,360.0000000,
1152.000,0.000012,0.000000,0.000000,Landed,0.0000000,360.0000000,
1152.500,-0.000015,0.000000,0.000000,Landed,0.0000000,360.0000000,
1153.000,0.000000,0.000000,0.000000,Landed,0.0000000,360.0000000,
1153.500,-0.000005,0.000000,0.000000,Landed,0.0000000,360.0000000,
1154.000,0.000000,0.000000,0.000000,Landed,0.0000000,360.0000000,
1154.500,-0.000015,0.000000,0.000000,Landed,0.0000000,360.0000000,
1155.000,0.000012,0.000000,0.000000,Landed,0.0000000,360.0000000,
1155.500,-0.000013,0.000000,0.000000,Landed,0.0000000,360.0000000,
1156.000,0.000004,0.000000,0.000000,Landed,0.0000000,360.0000000,
1156.500,0.000001,0.000000,0.000000,Landed,0.0000000,360.0000000,
1157.000,0.000008,0.000000,0.000000,Landed,0.0000000,360.0000000,
1157.500,-0.000005,0.000000,0.000000,Landed,0.0000000,360.0000000,
1158.000,-0.000007,0.000000,0.000000,Landed,0.0000000,360.0000000,
1158.500,0.000001,0.000000,0.000000,Landed,0.0000000,360.0000000,
1159.000,-0.000011,0.000000,0.000000,Landed,0.0000000,0.0000000,
1159.500,-0.000012,0.000000,0.000000,Landed,0.0000000,0.0000000,
1160.000,-0.000003,0.000000,0.000000,Landed,0.0000000,0.0000000,
1160.500,-0.000014,0.000000,0.000000,Landed,0.0000000,0.0000000,
1161.000,-0.000014,0.000000,0.000000,Landed,0.0000000,0.0000000,
1161.500,-0.000004,0.000000,0.000000,Landed,0.0000000,0.0000000,
1162.000,-0.000014,0.000000,0.000000,Landed,0.0000000,0.0000000,
1162.500,-0.000014,0.000000,0.000000,Landed,0.0000000,0.0000000,
1163.000,-0.000003,0.000000,0.000000,Landed,0.0000000,0.0000000,
1163.500,-0.000012,0.000000,0.000000,Landed,0.0000000,0.0000000,
1164.000,-0.000011,0.000000,0.000000,Landed,0.0000000,0.0000000,
1164.500,0.000000,0.000000,0.000000,Landed,0.0000000,0.0000000,
1165.000,-0.000009,0.000000,0.000000,Landed,0.0000000,0.0000000,
1165.500,-0.000007,0.000000,0.000000,Landed,0.0000000,0.0000000,
1166.000,0.000005,0.000000,0.000000,Landed,0.0000000,0.0000000,
1166.500,-0.000003,0.000000,0.000000,Landed,0.0000000,0.0000000,
1167.000,-0.000001,0.000000,0.000000,Landed,0.0000000,0.0000000,
1167.500,0.000012,0.000000,0.000000,Landed,0.0000000,0.0000000,
1168.000,0.000004,0.000000,0.000000,Landed,0.0000000,0.0000000,
1168.500,0.000007,0.000000,0.000000,Landed,0.0000000,0.0000000,
1169.000,-0.000011,0.000000,0.000000,Landed,0.0000000,0.0000000,
1169.500,0.000013,0.000000,0.000000,Landed,0.0000000,0.0000000,
1170.000,-0.000014,0.000000,0.000000,Landed,0.0000000,0.0000000,
1170.500,-0.000000,0.000000,0.000000,Landed,0.0000000,0.0000000,
1171.000,-0.000006,0.000000,0.000000,Landed,0.0000000,0.0000000,
1171.500,-0.000002,0.000000,0.000000,Landed,0.0000000,0.0000000,
1172.000,0.000012,0.000000,0.000000,Landed,0.0000000,0.0000000,
1172.500,0.000006,0.000000,0.000000,Landed,0.0000000,0.0000000,
1173.000,0.000010,0.000000,0.000000,Landed,0.0000000,0.0000000,
1173.500,-0.000006,0.000000,0.000000,Landed,0.0000000,0.0000000,
1174.000,-0.000011,0.000000,0.000000,Landed,0.0000000,0.0000000,
1174.500,-0.000006,0.000000,0.000000,Landed,0.0000000,0.0000000,
1175.000,0.000010,0.000000,0.000000,Landed,0.0000000,0.0000000,
1175.500,0.000005,0.000000,0.000000,Landed,0.0000000,0.0000000,
1176.000,0.000010,0.000000,0.000000,Landed,0.0000000,0.0000000,
1176.500,-0.000005,0.000000,0.000000,Landed,0.0000000,0.0000000,
1177.000,-0.000009,0.000000,0.000000,Landed,0.0000000,0.0000000,
1177.500,-0.000003,0.000000,0.000000,Landed,0.0000000,0.0000000,
1178.000,0.000013,0.000000,0.000000,Landed,0.0000000,0.0000000,
1178.500,0.000008,0.000000,0.000000,Landed,0.0000000,0.0000000,
1179.000,0.000014,0.000000,0.000000,Landed,0.0000000,0.0000000,
1179.500,-0.000000,0.000000,0.000000,Landed,0.0000000,0.0000000,
1180.000,-0.000004,0.000000,0.000000,Landed,0.0000000,0.0000000,
1180.500,0.000002,0.000000,0.000000,Landed,0.0000000,0.0000000,
1181.000,-0.000011,0.000000,0.000000,Landed,0.0000000,0.0000000,
1181.500,-0.000014,0.000000,0.000000,Landed,0.0000000,0.0000000,
1182.000,-0.000007,0.000000,0.000000,Landed,0.0000000,0.0000000,
1182.500,0.000010,0.000000,0.000000,Landed,0.0000000,0.0000000,
1183.000,0.000006,0.000000,0.000000,Landed,0.0000000,0.0000000,
1183.500,0.000013,0.000000,0.000000,Landed,0.0000000,0.0000000,
1184.000,-0.000001,0.000000,0.000000,Landed,0.0000000,0.0000000,
1184.500,-0.000004,0.000000,0.000000,Landed,0.0000000,0.0000000,
1185.000,0.000003,0.000000,0.000000,Landed,0.0000000,0.0000000,
1185.500,-0.000010,0.000000,0.000000,Landed,0.0000000,0.0000000,
1186.000,-0.000013,0.000000,0.000000,Landed,0.0000000,0.0000000,
1186.500,-0.000005,0.000000,0.000000,Landed,0.0000000,0.0000000,
1187.000,0.000012,0.000000,0.000000,Landed,0.0000000,0.0000000,
1187.500,0.000009,0.000000,0.000000,Landed,0.0000000,0.0000000,
1188.000,-0.000015,0.000000,0.000000,Landed,0.0000000,0.0000000,
1188.500,0.000003,0.000000,0.000000,Landed,0.0000000,0.0000000,
1189.000,0.000000,0.000000,0.000000,Landed,0.0000000,0.0000000,
1189.500,0.000007,0.000000,0.000000,Landed,0.0000000,0.0000000,
1190.000,-0.000006,0.000000,0.000000,Landed,0.0000000,0.0000000,
1190.500,-0.000008,0.000000,0.000000,Landed,0.0000000,0.0000000,
1191.000,-0.000001,0.000000,0.000000,Landed,0.0000000,0.0000000,
1191.500,-0.000014,0.000000,0.000000,Landed,0.0000000,0.0000000,
1192.000,0.000014,0.000000,0.000000,Landed,0.0000000,0.0000000,
1192.500,-0.000009,0.000000,0.000000,Landed,0.0000000,0.0000000,
1193.000,0.000008,0.000000,0.000000,Landed,0.0000000,0.0000000,
1193.500,0.000005,0.000000,0.000000,Landed,0.0000000,0.0000000,
1194.000,0.000012,0.000000,0.000000,Landed,0.0000000,0.0000000,
1194.500,-0.000001,0.000000,0.000000,Landed,0.0000000,0.0000000,
1195.000,-0.000004,0.000000,0.000000,Landed,0.0000000,0.0000000,
1195.500,0.000003,0.000000,0.000000,Landed,0.0000000,0.0000000,
1196.000,-0.000011,0.000000,0.000000,Landed,0.0000000,0.0000000,
1196.500,-0.000014,0.000000,0.000000,Landed,0.0000000,0.0000000,
1197.000,-0.000006,0.000000,0.000000,Landed,0.0000000,0.0000000,
1197.500,0.000011,0.000000,0.000000,Landed,0.0000000,0.0000000,
1198.000,0.000007,0.000000,0.000000,Landed,0.0000000,0.0000000,
1198.500,0.000013,0.000000,0.000000,Landed,0.0000000,0.0000000,
1199.000,-0.000001,0.000000,0.000000,Landed,0.0000000,0.0000000,
1199.500,-0.000004,0.000000,0.000000,Landed,0.0000000,0.0000000,
1200.000,0.000002,0.000000,0.000000,Landed,0.0000000,0.0000000,
1200.500,-0.000012,0.000000,0.000000,Landed,0.0000000,0.0000000,
1201.000,0.000015,0.000000,0.000000,Landed,0.0000000,0.0000000,
1201.500,-0.000010,0.000000,0.000000,Landed,0.0000000,0.0000000,
1202.000,0.000006,0.000000,0.000000,Landed,0.0000000,0.0000000,
1202.500,0.000002,0.000000,0.000000,Landed,0.0000000,0.0000000,
1203.000,0.000008,0.000000,0.000000,Landed,0.0000000,0.0000000,
1203.500,-0.000007,0.000000,0.000000,Landed,0.0000000,0.0000000,
1204.000,-0.000012,0.000000,0.000000,Landed,0.0000000,0.0000000,
1204.500,-0.000006,0.000000,0.000000,Landed,0.0000000,0.0000000,
1205.000,0.000010,0.000000,0.000000,Landed,0.0000000,0.0000000,
1205.500,0.000004,0.000000,0.000000,Landed,0.0000000,0.0000000,
1206.000,0.000009,0.000000,0.000000,Landed,0.0000000,0.0000000,
1206.500,-0.000007,0.000000,0.000000,Landed,0.0000000,0.0000000,
1207.000,-0.000012,0.000000,0.000000,Landed,0.0000000,0.0000000,
1207.500,-0.000008,0.000000,0.000000,Landed,0.0000000,0.0000000,
1208.000,0.000007,0.000000,0.000000,Landed,0.0000000,0.0000000,
1208.500,0.000001,0.000000,0.000000,Landed,0.0000000,0.0000000,
1209.000,0.000004,0.000000,0.000000,Landed,0.0000000,0.0000000,
1209.500,-0.000012,0.000000,0.000000,Landed,0.0000000,0.0000000,
1210.000,0.000012,0.000000,0.000000,Landed,0.0000000,0.0000000,
1210.500,0.000015,0.000000,0.000000,Landed,0.0000000,0.0000000,
1211.000,-0.000003,0.000000,0.000000,Landed,0.0000000,0.0000000,
1211.500,-0.000010,0.000000,0.000000,Landed,0.0000000,0.0000000,
1212.000,-0.000007,0.000000,0.000000,Landed,0.0000000,0.0000000,
1212.500,0.000006,0.000000,0.000000,Landed,0.0000000,0.0000000,
1213.000,-0.000002,0.000000,0.000000,Landed,0.0000000,0.0000000,
1213.500,0.000000,0.000000,0.000000,Landed,0.0000000,0.0000000,
1214.000,0.000012,0.000000,0.000000,Landed,0.0000000,0.0000000,
1214.500,0.000003,0.000000,0.000000,Landed,0.0000000,0.0000000,
1215.000,0.000004,0.000000,0.000000,Landed,0.0000000,0.0000000,
1215.500,-0.000015,0.000000,0.000000,Landed,0.0000000,0.0000000,
1216.000,0.000007,0.000000,0.000000,Landed,0.0000000,0.0000000,
1216.500,0.000007,0.000000,0.000000,Landed,0.0000000,0.0000000,
1217.000,-0.000013,0.000000,0.000000,Landed,0.0000000,0.0000000,
1217.500,0.000008,0.000000,0.000000,Landed,0.0000000,0.0000000,
1218.000,0.000007,0.000000,0.000000,Landed,0.0000000,0.0000000,
1218.500,-0.000013,0.000000,0.000000,Landed,0.0000000,0.0000000,
1219.000,0.000007,0.000000,0.000000,Landed,0.0000000,0.0000000,
1219.500,0.000005,0.000000,0.000000,Landed,0.0000000,0.0000000,
1220.000,0.000014,0.000000,0.000000,Landed,0.0000000,0.0000000,
1220.500,0.000002,0.000000,0.000000,Landed,0.0000000,0.0000000,
1221.000,0.000000,0.000000,0.000000,Landed,0.0000000,0.0000000,
1221.500,0.000008,0.000000,0.000000,Landed,0.0000000,0.0000000,
1222.000,-0.000005,0.000000,0.000000,Landed,0.0000000,0.0000000,
1222.500,-0.000007,0.000000,0.000000,Landed,0.0000000,0.0000000,
1223.000,0.000000,0.000000,0.000000,Landed,0.0000000,0.0000000,
1223.500,-0.000013,0.000000,0.000000,Landed,0.0000000,0.0000000,
1224.000,0.000014,0.000000,0.000000,Landed,0.0000000,0.0000000,
1224.500,-0.000011,0.000000,0.000000,Landed,0.0000000,0.0000000,
1225.000,0.000005,0.000000,0.000000,Landed,0.0000000,0.0000000,
1225.500,0.000001,0.000000,0.000000,Landed,0.0000000,0.0000000,
1226.000,0.000006,0.000000,0.000000,Landed,0.0000000,0.0000000,
1226.500,-0.000010,0.000000,0.000000,Landed,0.0000000,0.0000000,
1227.000,0.000015,0.000000,0.000000,Landed,0.0000000,0.0000000,
1227.500,-0.000012,0.000000,0.000000,Landed,0.0000000,0.0000000,
1228.000,0.000002,0.000000,0.000000,Landed,0.0000000,0.0000000,
1228.500,-0.000005,0.000000,0.000000,Landed,0.0000000,0.0000000,
1229.000,-0.000001,0.000000,0.000000,Landed,0.0000000,0.0000000,
1229.500,0.000011,0.000000,0.000000,Landed,0.0000000,0.0000000,
1230.000,0.000003,0.000000,0.000000,Landed,0.0000000,0.0000000,
1230.500,0.000005,0.000000,0.000000,Landed,0.0000000,0.0000000,
1231.000,-0.000014,0.000000,0.000000,Landed,0.0000000,0.0000000,
1231.500,0.000007,0.000000,0.000000,Landed,0.0000000,0.0000000,
1232.000,0.000008,0.000000,0.000000,Landed,0.0000000,0.0000000,
1232.500,-0.000012,0.000000,0.000000,Landed,0.0000000,0.0000000,
1233.000,0.000008,0.000000,0.000000,Landed,0.0000000,0.0000000,
1233.500,0.000007,0.000000,0.000000,Landed,0.0000000,0.0000000,
1234.000,-0.000014,0.000000,0.000000,Landed,0.0000000,0.0000000,
1234.500,0.000005,0.000000,0.000000,Landed,0.0000000,0.0000000,
1235.000,0.000003,0.000000,0.000000,Landed,0.0000000,0.0000000,
1235.500,0.000010,0.000000,0.000000,Landed,0.0000000,0.0000000,
1236.000,-0.000003,0.000000,0.000000,Landed,0.0000000,0.0000000,
1236.500,-0.000006,0.000000,0.000000,Landed,0.0000000,0.0000000,
1237.000,0.000001,0.000000,0.000000,Landed,0.0000000,0.0000000,
1237.500,-0.000013,0.000000,0.000000,Landed,0.0000000,0.0000000,
1238.000,0.000013,0.000000,0.000000,Landed,0.0000000,0.0000000,
1238.500,-0.000013,0.000000,0.000000,Landed,0.0000000,0.0000000,
1239.000,0.000002,0.000000,0.000000,Landed,0.0000000,0.0000000,
1239.500,-0.000004,0.000000,0.000000,Landed,0.0000000,0.0000000,
1240.000,0.000000,0.000000,0.000000,Landed,0.0000000,0.0000000,
1240.500,0.000013,0.000000,0.000000,Landed,0.0000000,0.0000000,
1241.000,0.000006,0.000000,0.000000,Landed,0.0000000,0.0000000,
1241.500,0.000008,0.000000,0.000000,Landed,0.0000000,0.0000000,
1242.000,-0.000011,0.000000,0.000000,Landed,0.0000000,0.0000000,
1242.500,0.000011,0.000000,0.000000,Landed,0.0000000,0.0000000,
1243.000,0.000011,0.000000,0.000000,Landed,0.0000000,0.0000000,
1243.500,-0.000009,0.000000,0.000000,Landed,0.0000000,0.0000000,
1244.000,0.000011,0.000000,0.000000,Landed,0.0000000,0.0000000,
1244.500,0.000010,0.000000,0.000000,Landed,0.0000000,0.0000000,
1245.000,-0.000012,0.000000,0.000000,Landed,0.0000000,0.0000000,
1245.500,0.000006,0.000000,0.000000,Landed,0.0000000,0.0000000,
1246.000,0.000004,0.000000,0.000000,Landed,0.0000000,0.0000000,
1246.500,0.000011,0.000000,0.000000,Landed,0.0000000,0.0000000,
1247.000,-0.000003,0.000000,0.000000,Landed,0.0000000,0.0000000,
1247.500,-0.000007,0.000000,0.000000,Landed,0.0000000,0.0000000,
1248.000,-0.000001,0.000000,0.000000,Landed,0.0000000,0.0000000,
1248.500,0.000013,0.000000,0.000000,Landed,0.0000000,0.0000000,
1249.000,0.000007,0.000000,0.000000,Landed,0.0000000,0.0000000,
1249.500,0.000011,0.000000,0.000000,Landed,0.0000000,0.0000000,
1250.000,-0.000007,0.000000,0.000000,Landed,0.0000000,0.0000000,
1250.500,-0.000014,0.000000,0.000000,Landed,0.0000000,0.0000000,
1251.000,-0.000011,0.000000,0.000000,Landed,0.0000000,0.0000000,
1251.500,0.000000,0.000000,0.000000,Landed,0.0000000,0.0000000,
1252.000,-0.000009,0.000000,0.000000,Landed,0.0000000,0.0000000,
1252.500,-0.000008,0.000000,0.000000,Landed,0.0000000,0.0000000,
1253.000,0.000002,0.000000,0.000000,Landed,0.0000000,0.0000000,
1253.500,-0.000009,0.000000,0.000000,Landed,0.0000000,0.0000000,
1254.000,-0.000011,0.000000,0.000000,Landed,0.0000000,0.0000000,
1254.500,-0.000002,0.000000,0.000000,Landed,0.0000000,0.0000000,
1255.000,0.000015,0.000000,0.000000,Landed,0.0000000,0.0000000,
1255.500,0.000011,0.000000,0.000000,Landed,0.0000000,0.0000000,
1256.000,-0.000014,0.000000,0.000000,Landed,0.0000000,0.0000000,
1256.500,0.000002,0.000000,0.000000,Landed,0.0000000,0.0000000,
1257.000,-0.000003,0.000000,0.000000,Landed,0.0000000,0.0000000,
1257.500,0.000001,0.000000,0.000000,Landed,0.0000000,0.0000000,
1258.000,0.000014,0.000000,0.000000,Landed,0.0000000,0.0000000,
1258.500,0.000007,0.000000,0.000000,Landed,0.0000000,0.0000000,
1259.000,0.000008,0.000000,0.000000,Landed,0.0000000,0.0000000,
1259.500,-0.000011,0.000000,0.000000,Landed,0.0000000,0.0000000,
1260.000,0.000011,0.000000,0.000000,Landed,0.0000000,0.0000000,
1260.500,0.000010,0.000000,0.000000,Landed,0.0000000,0.0000000,
1261.000,-0.000011,0.000000,0.000000,Landed,0.0000000,0.0000000,
1261.500,0.000008,0.000000,0.000000,Landed,0.0000000,0.0000000,
1262.000,0.000006,0.000000,0.000000,Landed,0.0000000,0.0000000,
1262.500,0.000013,0.000000,0.000000,Landed,0.0000000,0.0000000,
1263.000,-0.000001,0.000000,0.000000,Landed,0.0000000,0.0000000,
1263.500,-0.000005,0.000000,0.000000,Landed,0.0000000,0.0000000,
1264.000,0.000001,0.000000,0.000000,Landed,0.0000000,0.0000000,
1264.500,0.000015,0.000000,0.000000,Landed,0.0000000,0.0000000,
1265.000,0.000008,0.000000,0.000000,Landed,0.0000000,0.0000000,
1265.500,0.000011,0.000000,0.000000,Landed,0.0000000,360.0000000,
1266.000,-0.000007,0.000000,0.000000,Landed,0.0000000,360.0000000,
1266.500,0.000015,0.000000,0.000000,Landed,0.0000000,360.0000000,
1267.000,-0.000015,0.000000,0.000000,Landed,0.0000000,360.0000000,
1267.500,-0.000004,0.000000,0.000000,Landed,0.0000000,360.0000000,
1268.000,-0.000015,0.000000,0.000000,Landed,0.0000000,0.0000000,
1268.500,0.000014,0.000000,0.000000,Landed,0.0000000,0.0000000,
1269.000,-0.000008,0.000000,0.000000,Landed,0.0000000,0.0000000,
1269.500,0.000009,0.000000,0.000000,Landed,0.0000000,0.0000000,
1270.000,0.000005,0.000000,0.000000,Landed,0.0000000,0.0000000,
1270.500,0.000010,0.000000,0.000000,Landed,0.0000000,360.0000000,
1271.000,-0.000005,0.000000,0.000000,Landed,0.0000000,360.0000000,
1271.500,-0.000011,0.000000,0.000000,Landed,0.0000000,360.0000000,
1272.000,-0.000008,0.000000,0.000000,Landed,0.0000000,0.0000000,
1272.500,0.000005,0.000000,0.000000,Landed,0.0000000,0.0000000,
1273.000,-0.000004,0.000000,0.000000,Landed,0.0000000,0.0000000,
1273.500,-0.000003,0.000000,0.000000,Landed,0.0000000,0.0000000,
1274.000,0.000007,0.000000,0.000000,Landed,0.0000000,0.0000000,
1274.500,-0.000004,0.000000,0.000000,Landed,0.0000000,0.0000000,
1275.000,-0.000005,0.000000,0.000000,Landed,0.0000000,0.0000000,
1275.500,0.000002,0.000000,0.000000,Landed,0.0000000,0.0000000,
1276.000,-0.000011,0.000000,0.000000,Landed,0.0000000,0.0000000,
1276.500,-0.000015,0.000000,0.000000,Landed,0.0000000,0.0000000,
1277.000,-0.000009,0.000000,0.000000,Landed,0.0000000,0.0000000,
1277.500,0.000005,0.000000,0.000000,Landed,0.0000000,0.0000000,
1278.000,-0.000002,0.000000,0.000000,Landed,0.0000000,0.0000000,
1278.500,0.000001,0.000000,0.000000,Landed,0.0000000,0.0000000,
1279.000,0.000012,0.000000,0.000000,Landed,0.0000000,0.0000000,
1279.500,0.000003,0.000000,0.000000,Landed,0.0000000,0.0000000,
1280.000,0.000003,0.000000,0.000000,Landed,0.0000000,0.0000000,
1280.500,0.000012,0.000000,0.000000,Landed,0.0000000,0.0000000,
1281.000,-0.000001,0.000000,0.000000,Landed,0.0000000,0.0000000,
1281.500,-0.000003,0.000000,0.000000,Landed,0.0000000,0.0000000,
1282.000,0.000003,0.000000,0.000000,Landed,0.0000000,0.0000000,
1282.500,-0.000011,0.000000,0.000000,Landed,0.0000000,0.0000000,
1283.000,0.000014,0.000000,0.000000,Landed,0.0000000,0.0000000,
1283.500,-0.000013,0.000000,0.000000,Landed,0.0000000,0.0000000,
1284.000,-0.000000,0.000000,0.000000,Landed,0.0000000,0.0000000,
1284.500,-0.000008,0.000000,0.000000,Landed,0.0000000,0.0000000,
1285.000,-0.000007,0.000000,0.000000,Landed,0.0000000,0.0000000,
1285.500,0.000003,0.000000,0.000000,Landed,0.0000000,0.0000000,
1286.000,-0.000008,0.000000,0.000000,Landed,0.0000000,0.0000000,
1286.500,-0.000009,0.000000,0.000000,Landed,0.0000000,0.0000000,
1287.000,-0.000002,0.000000,0.000000,Landed,0.0000000,0.0000000,
1287.500,0.000015,0.000000,0.000000,Landed,0.0000000,0.0000000,
1288.000,0.000009,0.000000,0.000000,Landed,0.0000000,0.0000000,
1288.500,0.000013,0.000000,0.000000,Landed,0.0000000,0.0000000,
1289.000,-0.000004,0.000000,0.000000,Landed,0.0000000,0.0000000,
1289.500,-0.000011,0.000000,0.000000,Landed,0.0000000,0.0000000,
1290.000,-0.000009,0.000000,0.000000,Landed,0.0000000,0.0000000,
1290.500,0.000001,0.000000,0.000000,Landed,0.0000000,0.0000000,
1291.000,-0.000009,0.000000,0.000000,Landed,0.0000000,0.0000000,
1291.500,-0.000010,0.000000,0.000000,Landed,0.0000000,0.0000000,
1292.000,-0.000002,0.000000,0.000000,Landed,0.0000000,0.0000000,
1292.500,0.000015,0.000000,0.000000,Landed,0.0000000,0.0000000,
1293.000,0.000010,0.000000,0.000000,Landed,0.0000000,0.0000000,
1293.500,0.000014,0.000000,0.000000,Landed,0.0000000,0.0000000,
1294.000,-0.000003,0.000000,0.000000,Landed,0.0000000,0.0000000,
1294.500,-0.000011,0.000000,0.000000,Landed,0.0000000,0.0000000,
1295.000,-0.000009,0.000000,0.000000,Landed,0.0000000,0.0000000,
1295.500,0.000002,0.000000,0.000000,Landed,0.0000000,0.0000000,
1296.000,-0.000009,0.000000,0.000000,Landed,0.0000000,0.0000000,
1296.500,-0.000010,0.000000,0.000000,Landed,0.0000000,0.0000000,
1297.000,-0.000002,0.000000,0.000000,Landed,0.0000000,0.0000000,
1297.500,0.000014,0.000000,0.000000,Landed,0.0000000,0.0000000,
1298.000,0.000009,0.000000,0.000000,Landed,0.0000000,0.0000000,
1298.500,0.000013,0.000000,0.000000,Landed,0.0000000,0.0000000,
1299.000,-0.000004,0.000000,0.000000,Landed,0.0000000,0.0000000,
1299.500,-0.000012,0.000000,0.000000,Landed,0.0000000,0.0000000,
1300.000,-0.000011,0.000000,0.000000,Landed,0.0000000,0.0000000,
1300.500,-0.000000,0.000000,0.000000,Landed,0.0000000,0.0000000,
1301.000,-0.000011,0.000000,0.000000,Landed,0.0000000,0.0000000,
1301.500,-0.000013,0.000000,0.000000,Landed,0.0000000,0.0000000,
1302.000,-0.000006,0.000000,0.000000,Landed,0.0000000,0.0000000,
1302.500,0.000010,0.000000,0.000000,Landed,0.0000000,0.0000000,
1303.000,0.000004,0.000000,0.000000,Landed,0.0000000,0.0000000,
1303.500,0.000007,0.000000,0.000000,Landed,0.0000000,0.0000000,
1304.000,-0.000011,0.000000,0.000000,Landed,0.0000000,0.0000000,
1304.500,0.000011,0.000000,0.000000,Landed,0.0000000,0.0000000,
1305.000,0.000011,0.000000,0.000000,Landed,0.0000000,0.0000000,
1305.500,-0.000011,0.000000,0.000000,Landed,0.0000000,0.0000000,
1306.000,0.000007,0.000000,0.000000,Landed,0.0000000,0.0000000,
1306.500,0.000004,0.000000,0.000000,Landed,0.0000000,0.0000000,
1307.000,0.000009,0.000000,0.000000,Landed,0.0000000,0.0000000,
1307.500,-0.000007,0.000000,0.000000,Landed,0.0000000,0.0000000,
1308.000,-0.000014,0.000000,0.000000,Landed,0.0000000,0.0000000,
1308.500,-0.000011,0.000000,0.000000,Landed,0.0000000,0.0000000,
1309.000,0.000000,0.000000,0.000000,Landed,0.0000000,0.0000000,
1309.500,-0.000010,0.000000,0.000000,Landed,0.0000000,0.0000000,
1310.000,-0.000011,0.000000,0.000000,Landed,0.0000000,0.0000000,
1310.500,-0.000003,0.000000,0.000000,Landed,0.0000000,0.0000000,
1311.000,0.000013,0.000000,0.000000,Landed,0.0000000,0.0000000,
1311.500,0.000008,0.000000,0.000000,Landed,0.0000000,0.0000000,
1312.000,0.000011,0.000000,0.000000,Landed,0.0000000,0.0000000,
1312.500,-0.000007,0.000000,0.000000,Landed,0.0000000,0.0000000,
1313.000,0.000015,0.000000,0.000000,Landed,0.0000000,0.0000000,
1313.500,0.000015,0.000000,0.000000,Landed,0.0000000,0.0000000,
1314.000,-0.000007,0.000000,0.000000,Landed,0.0000000,0.0000000,
1314.500,0.000011,0.000000,0.000000,Landed,0.0000000,0.0000000,
1315.000,0.000007,0.000000,0.000000,Landed,0.0000000,0.0000000,
1315.500,0.000012,0.000000,0.000000,Landed,0.0000000,0.0000000,
1316.000,-0.000004,0.000000,0.000000,Landed,0.0000000,0.0000000,
1316.500,-0.000011,0.000000,0.000000,Landed,0.0000000,0.0000000,
1317.000,-0.000009,0.000000,0.000000,Landed,0.0000000,0.0000000,
1317.500,0.000001,0.000000,0.000000,Landed,0.0000000,0.0000000,
1318.000,-0.000009,0.000000,0.000000,Landed,0.0000000,0.0000000,
1318.500,-0.000011,0.000000,0.000000,Landed,0.0000000,0.0000000,
1319.000,-0.000004,0.000000,0.000000,Landed,0.0000000,0.0000000,
1319.500,0.000011,0.000000,0.000000,Landed,0.0000000,0.0000000,
1320.000,0.000005,0.000000,0.000000,Landed,0.0000000,0.0000000,
1320.500,0.000007,0.000000,0.000000,Landed,0.0000000,0.0000000,
1321.000,-0.000012,0.000000,0.000000,Landed,0.0000000,0.0000000,
1321.500,0.000009,0.000000,0.000000,Landed,0.0000000,0.0000000,
1322.000,0.000008,0.000000,0.000000,Landed,0.0000000,0.0000000,
1322.500,0.000015,0.000000,0.000000,Landed,0.0000000,0.0000000,
1323.000,0.000001,0.000000,0.000000,Landed,0.0000000,0.0000000,
1323.500,-0.000004,0.000000,0.000000,Landed,0.0000000,0.0000000,
1324.000,-0.000001,0.000000,0.000000,Landed,0.0000000,0.0000000,
1324.500,0.000012,0.000000,0.000000,Landed,0.0000000,0.0000000,
1325.000,0.000002,0.000000,0.000000,Landed,0.0000000,0.0000000,
1325.500,0.000002,0.000000,0.000000,Landed,0.0000000,0.0000000,
1326.000,0.000010,0.000000,0.000000,Landed,0.0000000,0.0000000,
1326.500,-0.000003,0.000000,0.000000,Landed,0.0000000,0.0000000,
1327.000,-0.000008,0.000000,0.000000,Landed,0.0000000,0.0000000,
1327.500,-0.000003,0.000000,0.000000,Landed,0.0000000,0.0000000,
1328.000,0.000010,0.000000,0.000000,Landed,0.0000000,0.0000000,
1328.500,0.000001,0.000000,0.000000,Landed,0.0000000,0.0000000,
1329.000,0.000001,0.000000,0.000000,Landed,0.0000000,0.0000000,
1329.500,0.000010,0.000000,0.000000,Landed,0.0000000,0.0000000,
1330.000,-0.000003,0.000000,0.000000,Landed,0.0000000,0.0000000,
1330.500,-0.000007,0.000000,0.000000,Landed,0.0000000,0.0000000,
1331.000,-0.000002,0.000000,0.000000,Landed,0.0000000,0.0000000,
1331.500,0.000011,0.000000,0.000000,Landed,0.0000000,0.0000000,
1332.000,0.000003,0.000000,0.000000,Landed,0.0000000,360.0000000,
1332.500,0.000003,0.000000,0.000000,Landed,0.0000000,360.0000000,
1333.000,0.000012,0.000000,0.000000,Landed,0.0000000,360.0000000,
1333.500,-0.000001,0.000000,0.000000,Landed,0.0000000,360.0000000,
1334.000,-0.000005,0.000000,0.000000,Landed,0.0000000,360.0000000,
1334.500,0.000000,0.000000,0.000000,Landed,0.0000000,360.0000000,
1335.000,0.000014,0.000000,0.000000,Landed,0.0000000,360.0000000,
1335.500,0.000005,0.000000,0.000000,Landed,0.0000000,360.0000000,
1336.000,0.000005,0.000000,0.000000,Landed,0.0000000,360.0000000,
1336.500,0.000014,0.000000,0.000000,Landed,0.0000000,360.0000000,
1337.000,0.000001,0.000000,0.000000,Landed,0.0000000,360.0000000,
1337.500,-0.000003,0.000000,0.000000,Landed,0.0000000,360.0000000,
1338.000,0.000002,0.000000,0.000000,Landed,0.0000000,360.0000000,
1338.500,0.000015,0.000000,0.000000,Landed,0.0000000,360.0000000,
1339.000,0.000006,0.000000,0.000000,Landed,0.0000000,360.0000000,
1339.500,0.000006,0.000000,0.000000,Landed,0.0000000,360.0000000,
1340.000,0.000014,0.000000,0.000000,Landed,0.0000000,360.0000000,
1340.500,0.000001,0.000000,0.000000,Landed,0.0000000,360.0000000,
1341.000,-0.000003,0.000000,0.000000,Landed,0.0000000,360.0000000,
1341.500,0.000001,0.000000,0.000000,Landed,0.0000000,360.0000000,
1342.000,0.000014,0.000000,0.000000,Landed,0.0000000,360.0000000,
1342.500,0.000005,0.000000,0.000000,Landed,0.0000000,360.0000000,
1343.000,0.000004,0.000000,0.000000,Landed,0.0000000,360.0000000,
1343.500,0.000012,0.000000,0.000000,Landed,0.0000000,360.0000000,
1344.000,-0.000002,0.000000,0.000000,Landed,0.0000000,360.0000000,
1344.500,-0.000006,0.000000,0.000000,Landed,0.0000000,360.0000000,
1345.000,-0.000003,0.000000,0.000000,Landed,0.0000000,360.0000000,
1345.500,0.000009,0.000000,0.000000,Landed,0.0000000,360.0000000,
1346.000,-0.000000,0.000000,0.000000,Landed,0.0000000,360.0000000,
1346.500,-0.000001,0.000000,0.000000,Landed,0.0000000,360.0000000,
1347.000,0.000006,0.000000,0.000000,Landed,0.0000000,360.0000000,
1347.500,-0.000008,0.000000,0.000000,Landed,0.0000000,360.0000000,
1348.000,-0.000014,0.000000,0.000000,Landed,0.0000000,360.0000000,
1348.500,-0.000011,0.000000,0.000000,Landed,0.0000000,360.0000000,
1349.000,0.000001,0.000000,0.000000,Landed,0.0000000,360.0000000,
1349.500,-0.000010,0.000000,0.000000,Landed,0.0000000,360.0000000,
1350.000,-0.000011,0.000000,0.000000,Landed,0.0000000,360.0000000,
1350.500,-0.000005,0.000000,0.000000,Landed,0.0000000,360.0000000,
1351.000,0.000010,0.000000,0.000000,Landed,0.0000000,360.0000000,
1351.500,0.000003,0.000000,0.000000,Landed,0.0000000,360.0000000,
1352.000,0.000004,0.000000,0.000000,Landed,0.0000000,360.0000000,
1352.500,0.000014,0.000000,0.000000,Landed,0.0000000,360.0000000,
1353.000,0.000002,0.000000,0.000000,Landed,0.0000000,360.0000000,
1353.500,-0.000002,0.000000,0.000000,Landed,0.0000000,360.0000000,
1354.000,0.000004,0.000000,0.000000,Landed,0.0000000,360.0000000,
1354.500,-0.000013,0.000000,0.000000,Landed,0.0000000,360.0000000,
1355.000,0.000009,0.000000,0.000000,Landed,0.0000000,360.0000000,
1355.500,0.000009,0.000000,0.000000,Landed,0.0000000,360.0000000,
1356.000,-0.000013,0.000000,0.000000,Landed,0.0000000,360.0000000,
1356.500,0.000004,0.000000,0.000000,Landed,0.0000000,360.0000000,
1357.000,-0.000001,0.000000,0.000000,Landed,0.0000000,360.0000000,
1357.500,0.000003,0.000000,0.000000,Landed,0.0000000,360.0000000,
1358.000,0.000014,0.000000,0.000000,Landed,0.0000000,360.0000000,
1358.500,0.000004,0.000000,0.000000,Landed,0.0000000,360.0000000,
1359.000,0.000002,0.000000,0.000000,Landed,0.0000000,360.0000000,
1359.500,0.000009,0.000000,0.000000,Landed,0.0000000,360.0000000,
1360.000,-0.000007,0.000000,0.000000,Landed,0.0000000,360.0000000,
1360.500,-0.000013,0.000000,0.000000,Landed,0.0000000,360.0000000,
1361.000,-0.000011,0.000000,0.000000,Landed,0.0000000,360.0000000,
1361.500,-0.000001,0.000000,0.000000,Landed,0.0000000,360.0000000,
1362.000,-0.000012,0.000000,0.000000,Landed,0.0000000,360.0000000,
1362.500,0.000015,0.000000,0.000000,Landed,0.0000000,360.0000000,
1363.000,-0.000011,0.000000,0.000000,Landed,0.0000000,360.0000000,
1363.500,0.000002,0.000000,0.000000,Landed,0.0000000,360.0000000,
1364.000,-0.000007,0.000000,0.000000,Landed,0.0000000,360.0000000,
1364.500,-0.000007,0.000000,0.000000,Landed,0.0000000,360.0000000,
1365.000,0.000001,0.000000,0.000000,Landed,0.0000000,360.0000000,
1365.500,-0.000013,0.000000,0.000000,Landed,0.0000000,360.0000000,
1366.000,0.000012,0.000000,0.000000,Landed,0.0000000,360.0000000,
1366.500,0.000014,0.000000,0.000000,Landed,0.0000000,360.0000000,
1367.000,-0.000006,0.000000,0.000000,Landed,0.0000000,360.0000000,
1367.500,0.000013,0.000000,0.000000,Landed,0.0000000,360.0000000,
1368.000,0.000010,0.000000,0.000000,Landed,0.0000000,360.0000000,
1368.500,0.000015,0.000000,0.000000,Landed,0.0000000,360.0000000,
1369.000,-0.000002,0.000000,0.000000,Landed,0.0000000,360.0000000,
1369.500,-0.000010,0.000000,0.000000,Landed,0.0000000,360.0000000,
1370.000,-0.000010,0.000000,0.000000,Landed,0.0000000,360.0000000,
1370.500,-0.000002,0.000000,0.000000,Landed,0.0000000,360.0000000,
1371.000,0.000015,0.000000,0.000000,Landed,0.0000000,360.0000000,
1371.500,0.000009,0.000000,0.000000,Landed,0.0000000,360.0000000,
1372.000,0.000011,0.000000,0.000000,Landed,0.0000000,360.0000000,
1372.500,-0.000008,0.000000,0.000000,Landed,0.0000000,360.0000000,
1373.000,0.000011,0.000000,0.000000,Landed,0.0000000,360.0000000,
1373.500,0.000008,0.000000,0.000000,Landed,0.0000000,360.0000000,
1374.000,0.000013,0.000000,0.000000,Landed,0.0000000,360.0000000,
1374.500,-0.000004,0.000000,0.000000,Landed,0.0000000,360.0000000,
1375.000,-0.000012,0.000000,0.000000,Landed,0.0000000,360.0000000,
1375.500,-0.000012,0.000000,0.000000,Landed,0.0000000,360.0000000,
1376.000,-0.000004,0.000000,0.000000,Landed,0.0000000,360.0000000,
1376.500,0.000013,0.000000,0.000000,Landed,0.0000000,360.0000000,
1377.000,0.000006,0.000000,0.000000,Landed,0.0000000,360.0000000,
1377.500,0.000008,0.000000,0.000000,Landed,0.0000000,360.0000000,
1378.000,-0.000012,0.000000,0.000000,Landed,0.0000000,360.0000000,
1378.500,0.000007,0.000000,0.000000,Landed,0.0000000,360.0000000,
1379.000,0.000004,0.000000,0.000000,Landed,0.0000000,360.0000000,
1379.500,0.000008,0.000000,0.000000,Landed,0.0000000,360.0000000,
1380.000,-0.000010,0.000000,0.000000,Landed,0.0000000,360.0000000,
1380.500,0.000012,0.000000,0.000000,Landed,0.0000000,360.0000000,
1381.000,0.000010,0.000000,0.000000,Landed,0.0000000,360.0000000,
1381.500,-0.000013,0.000000,0.000000,Landed,0.0000000,360.0000000,
1382.000,0.000003,0.000000,0.000000,Landed,0.0000000,360.0000000,
1382.500,-0.000004,0.000000,0.000000,Landed,0.0000000,360.0000000,
1383.000,-0.000003,0.000000,0.000000,Landed,0.0000000,360.0000000,
1383.500,0.000006,0.000000,0.000000,Landed,0.0000000,360.0000000,
1384.000,-0.000007,0.000000,0.000000,Landed,0.0000000,360.0000000,
1384.500,-0.000011,0.000000,0.000000,Landed,0.0000000,360.0000000,
1385.000,-0.000007,0.000000,0.000000,Landed,0.0000000,360.0000000,
1385.500,0.000004,0.000000,0.000000,Landed,0.0000000,360.0000000,
1386.000,-0.000006,0.000000,0.000000,Landed,0.0000000,360.0000000,
1386.500,-0.000009,0.000000,0.000000,Landed,0.0000000,360.0000000,
1387.000,-0.000003,0.000000,0.000000,Landed,0.0000000,360.0000000,
1387.500,0.000011,0.000000,0.000000,Landed,0.0000000,360.0000000,
1388.000,0.000002,0.000000,0.000000,Landed,0.0000000,360.0000000,
1388.500,0.000001,0.000000,0.000000,Landed,0.0000000,360.0000000,
1389.000,0.000009,0.000000,0.000000,Landed,0.0000000,360.0000000,
1389.500,-0.000006,0.000000,0.000000,Landed,0.0000000,360.0000000,
1390.000,-0.000013,0.000000,0.000000,Landed,0.0000000,360.0000000,
1390.500,-0.000011,0.000000,0.000000,Landed,0.0000000,360.0000000,
1391.000,-0.000001,0.000000,0.000000,Landed,0.0000000,360.0000000,
1391.500,-0.000013,0.000000,0.000000,Landed,0.0000000,360.0000000,
1392.000,0.000012,0.000000,0.000000,Landed,0.0000000,360.0000000,
1392.500,-0.000015,0.000000,0.000000,Landed,0.0000000,360.0000000,
1393.000,-0.000003,0.000000,0.000000,Landed,0.0000000,360.0000000,
1393.500,-0.000014,0.000000,0.000000,Landed,0.0000000,360.0000000,
1394.000,0.000014,0.000000,0.000000,Landed,0.0000000,360.0000000,
1394.500,-0.000012,0.000000,0.000000,Landed,0.0000000,360.0000000,
1395.000,0.000001,0.000000,0.000000,Landed,0.0000000,360.0000000,
1395.500,-0.000008,0.000000,0.000000,Landed,0.0000000,360.0000000,
1396.000,-0.000009,0.000000,0.000000,Landed,0.0000000,360.0000000,
1396.500,-0.000002,0.000000,0.000000,Landed,0.0000000,360.0000000,
1397.000,0.000013,0.000000,0.000000,Landed,0.0000000,360.0000000,
1397.500,0.000005,0.000000,0.000000,Landed,0.0000000,360.0000000,
1398.000,0.000005,0.000000,0.000000,Landed,0.0000000,360.0000000,
1398.500,0.000013,0.000000,0.000000,Landed,0.0000000,360.0000000,
1399.000,-0.000001,0.000000,0.000000,Landed,0.0000000,360.0000000,
1399.500,-0.000007,0.000000,0.000000,Landed,0.0000000,360.0000000,
1400.000,-0.000005,0.000000,0.000000,Landed,0.0000000,360.0000000,
1400.500,0.000005,0.000000,0.000000,Landed,0.0000000,360.0000000,
1401.000,-0.000008,0.000000,0.000000,Landed,0.0000000,360.0000000,
1401.500,-0.000012,0.000000,0.000000,Landed,0.0000000,360.0000000,
1402.000,-0.000008,0.000000,0.000000,Landed,0.0000000,360.0000000,
1402.500,0.000003,0.000000,0.000000,Landed,0.0000000,360.0000000,
1403.000,-0.000008,0.000000,0.000000,Landed,0.0000000,360.0000000,
1403.500,-0.000011,0.000000,0.000000,Landed,0.0000000,360.0000000,
1404.000,-0.000005,0.000000,0.000000,Landed,0.0000000,360.0000000,
1404.500,0.000007,0.000000,0.000000,Landed,0.0000000,360.0000000,
1405.000,-0.000003,0.000000,0.000000,Landed,0.0000000,360.0000000,
1405.500,-0.000005,0.000000,0.000000,Landed,0.0000000,360.0000000,
1406.000,0.000001,0.000000,0.000000,Landed,0.0000000,360.0000000,
1406.500,0.000015,0.000000,0.000000,Landed,0.0000000,360.0000000,
1407.000,0.000006,0.000000,0.000000,Landed,0.0000000,360.0000000,
1407.500,0.000005,0.000000,0.000000,Landed,0.0000000,360.0000000,
1408.000,0.000012,0.000000,0.000000,Landed,0.0000000,360.0000000,
1408.500,-0.000004,0.000000,0.000000,Landed,0.0000000,360.0000000,
1409.000,-0.000011,0.000000,0.000000,Landed,0.0000000,360.0000000,
1409.500,-0.000010,0.000000,0.000000,Landed,0.0000000,360.0000000,
1410.000,-0.000002,0.000000,0.000000,Landed,0.0000000,360.0000000,
1410.500,0.000014,0.000000,0.000000,Landed,0.0000000,360.0000000,
1411.000,0.000007,0.000000,0.000000,Landed,0.0000000,360.0000000,
1411.500,0.000009,0.000000,0.000000,Landed,0.0000000,360.0000000,
1412.000,-0.000013,0.000000,0.000000,Landed,0.0000000,360.0000000,
1412.500,0.000005,0.000000,0.000000,Landed,0.0000000,360.0000000,
1413.000,-0.000001,0.000000,0.000000,Landed,0.0000000,360.0000000,
1413.500,0.000002,0.000000,0.000000,Landed,0.0000000,360.0000000,
1414.000,0.000011,0.000000,0.000000,Landed,0.0000000,360.0000000,
1414.500,-0.000001,0.000000,0.000000,Landed,0.0000000,360.0000000,
1415.000,-0.000006,0.000000,0.000000,Landed,0.0000000,360.0000000,
1415.500,-0.000002,0.000000,0.000000,Landed,0.0000000,360.0000000,
1416.000,0.000009,0.000000,0.000000,Landed,0.0000000,360.0000000,
1416.500,-0.000003,0.000000,0.000000,Landed,0.0000000,360.0000000,
1417.000,-0.000007,0.000000,0.000000,Landed,0.0000000,360.0000000,
1417.500,-0.000003,0.000000,0.000000,Landed,0.0000000,360.0000000,
1418.000,0.000009,0.000000,0.000000,Landed,0.0000000,360.0000000,
1418.500,-0.000002,0.000000,0.000000,Landed,0.0000000,360.0000000,
1419.000,-0.000005,0.000000,0.000000,Landed,0.0000000,360.0000000,
1419.500,-0.000000,0.000000,0.000000,Landed,0.0000000,360.0000000,
1420.000,0.000012,0.000000,0.000000,Landed,0.0000000,360.0000000,
1420.500,0.000001,0.000000,0.000000,Landed,0.0000000,360.0000000,
1421.000,-0.000001,0.000000,0.000000,Landed,0.0000000,360.0000000,
1421.500,0.000004,0.000000,0.000000,Landed,0.0000000,360.0000000,
1422.000,-0.000014,0.000000,0.000000,Landed,0.0000000,360.0000000,
1422.500,0.000007,0.000000,0.000000,Landed,0.0000000,360.0000000,
1423.000,0.000005,0.000000,0.000000,Landed,0.0000000,360.0000000,
1423.500,0.000010,0.000000,0.000000,Landed,0.0000000,360.0000000,
1424.000,-0.000007,0.000000,0.000000,Landed,0.0000000,360.0000000,
1424.500,0.000014,0.000000,0.000000,Landed,0.0000000,360.0000000,
1425.000,0.000012,0.000000,0.000000,Landed,0.0000000,360.0000000,
1425.500,-0.000013,0.000000,0.000000,Landed,0.0000000,360.0000000,
1426.000,0.000001,0.000000,0.000000,Landed,0.0000000,360.0000000,
1426.500,-0.000007,0.000000,0.000000,Landed,0.0000000,360.0000000,
1427.000,-0.000008,0.000000,0.000000,Landed,0.0000000,360.0000000,
1427.500,-0.000002,0.000000,0.000000,Landed,0.0000000,360.0000000,
1428.000,0.000012,0.000000,0.000000,Landed,0.0000000,360.0000000,
1428.500,0.000003,0.000000,0.000000,Landed,0.0000000,360.0000000,
1429.000,0.000002,0.000000,0.000000,Landed,0.0000000,360.0000000,
1429.500,0.000008,0.000000,0.000000,Landed,0.0000000,360.0000000,
1430.000,-0.000008,0.000000,0.000000,Landed,0.0000000,360.0000000,
1430.500,0.000014,0.000000,0.000000,Landed,0.0000000,360.0000000,
1431.000,0.000012,0.000000,0.000000,Landed,0.0000000,360.0000000,
1431.500,-0.000012,0.000000,0.000000,Landed,0.0000000,360.0000000,
1432.000,0.000003,0.000000,0.000000,Landed,0.0000000,360.0000000,
1432.500,-0.000006,0.000000,0.000000,Landed,0.0000000,360.0000000,
1433.000,-0.000006,0.000000,0.000000,Landed,0.0000000,360.0000000,
1433.500,0.000001,0.000000,0.000000,Landed,0.0000000,360.0000000,
1434.000,0.000014,0.000000,0.000000,Landed,0.0000000,360.0000000,
1434.500,0.000006,0.000000,0.000000,Landed,0.0000000,360.0000000,
1435.000,0.000004,0.000000,0.000000,Landed,0.0000000,360.0000000,
1435.500,0.000011,0.000000,0.000000,Landed,0.0000000,360.0000000,
1436.000,-0.000006,0.000000,0.000000,Landed,0.0000000,360.0000000,
1436.500,-0.000014,0.000000,0.000000,Landed,0.0000000,360.0000000,
1437.000,-0.000014,0.000000,0.000000,Landed,0.0000000,360.0000000,
1437.500,-0.000007,0.000000,0.000000,Landed,0.0000000,360.0000000,
1438.000,0.000007,0.000000,0.000000,Landed,0.0000000,360.0000000,
1438.500,-0.000002,0.000000,0.000000,Landed,0.0000000,360.0000000,
1439.000,-0.000003,0.000000,0.000000,Landed,0.0000000,360.0000000,
1439.500,0.000003,0.000000,0.000000,Landed,0.0000000,360.0000000,
1440.000,-0.000014,0.000000,0.000000,Landed,0.0000000,360.0000000,
1440.500,0.000008,0.000000,0.000000,Landed,0.0000000,360.0000000,
1441.000,0.000006,0.000000,0.000000,Landed,0.0000000,360.0000000,
1441.500,0.000012,0.000000,0.000000,Landed,0.0000000,360.0000000,
1442.000,-0.000006,0.000000,0.000000,Landed,0.0000000,360.0000000,
1442.500,-0.000015,0.000000,0.000000,Landed,0.0000000,360.0000000,
1443.000,0.000014,0.000000,0.000000,Landed,0.0000000,360.0000000,
1443.500,-0.000011,0.000000,0.000000,Landed,0.0000000,360.0000000,
1444.000,0.000002,0.000000,0.000000,Landed,0.0000000,360.0000000,
1444.500,-0.000008,0.000000,0.000000,Landed,0.0000000,360.0000000,
1445.000,-0.000010,0.000000,0.000000,Landed,0.0000000,360.0000000,
1445.500,-0.000005,0.000000,0.000000,Landed,0.0000000,360.0000000,
1446.000,0.000008,0.000000,0.000000,Landed,0.0000000,360.0000000,
1446.500,-0.000003,0.000000,0.000000,Landed,0.0000000,360.0000000,
1447.000,-0.000006,0.000000,0.000000,Landed,0.0000000,360.0000000,
1447.500,-0.000001,0.000000,0.000000,Landed,0.0000000,360.0000000,
1448.000,0.000010,0.000000,0.000000,Landed,0.0000000,360.0000000,
1448.500,-0.000001,0.000000,0.000000,Landed,0.0000000,360.0000000,
1449.000,-0.000005,0.000000,0.000000,Landed,0.0000000,360.0000000,
1449.500,-0.000001,0.000000,0.000000,Landed,0.0000000,360.0000000,
1450.000,0.000010,0.000000,0.000000,Landed,0.0000000,360.0000000,
1450.500,-0.000002,0.000000,0.000000,Landed,0.0000000,360.0000000,
1451.000,-0.000006,0.000000,0.000000,Landed,0.0000000,360.0000000,
1451.500,-0.000003,0.000000,0.000000,Landed,0.0000000,360.0000000,
1452.000,0.000007,0.000000,0.000000,Landed,0.0000000,360.0000000,
1452.500,-0.000006,0.000000,0.000000,Landed,0.0000000,360.0000000,
1453.000,-0.000011,0.000000,0.000000,Landed,0.0000000,360.0000000,
1453.500,-0.000008,0.000000,0.000000,Landed,0.0000000,360.0000000,
1454.000,0.000001,0.000000,0.000000,Landed,0.0000000,360.0000000,
1454.500,-0.000012,0.000000,0.000000,Landed,0.0000000,360.0000000,
1455.000,0.000012,0.000000,0.000000,Landed,0.0000000,360.0000000,
1455.500,0.000013,0.000000,0.000000,Landed,0.0000000,360.0000000,
1456.000,-0.000010,0.000000,0.000000,Landed,0.0000000,360.0000000,
1456.500,0.000006,0.000000,0.000000,Landed,0.0000000,360.0000000,
1457.000,-0.000001,0.000000,0.000000,Landed,0.0000000,360.0000000,
1457.500,-0.000001,0.000000,0.000000,Landed,0.0000000,360.0000000,
1458.000,0.000006,0.000000,0.000000,Landed,0.0000000,360.0000000,
1458.500,-0.000010,0.000000,0.000000,Landed,0.0000000,360.0000000,
1459.000,0.000012,0.000000,0.000000,Landed,0.0000000,360.0000000,
1459.500,0.000010,0.000000,0.000000,Landed,0.0000000,360.0000000,
1460.000,-0.000014,0.000000,0.000000,Landed,0.0000000,360.0000000,
1460.500,-0.000000,0.000000,0.000000,Landed,0.0000000,360.0000000,
1461.000,-0.000010,0.000000,0.000000,Landed,0.0000000,360.0000000,
1461.500,-0.000012,0.000000,0.000000,Landed,0.0000000,360.0000000,
1462.000,-0.000007,0.000000,0.000000,Landed,0.0000000,360.0000000,
1462.500,0.000005,0.000000,0.000000,Landed,0.0000000,360.0000000,
1463.000,-0.000006,0.000000,0.000000,Landed,0.0000000,360.0000000,
1463.500,-0.000009,0.000000,0.000000,Landed,0.0000000,360.0000000,
1464.000,-0.000005,0.000000,0.000000,Landed,0.0000000,360.0000000,
1464.500,0.000005,0.000000,0.000000,Landed,0.0000000,360.0000000,
1465.000,-0.000007,0.000000,0.000000,Landed,0.0000000,360.0000000,
1465.500,-0.000012,0.000000,0.000000,Landed,0.0000000,360.0000000,
1466.000,-0.000010,0.000000,0.000000,Landed,0.0000000,360.0000000,
1466.500,-0.000000,0.000000,0.000000,Landed,0.0000000,360.0000000,
1467.000,-0.000014,0.000000,0.000000,Landed,0.0000000,360.0000000,
1467.500,0.000010,0.000000,0.000000,Landed,0.0000000,360.0000000,
1468.000,0.000010,0.000000,0.000000,Landed,0.0000000,360.0000000,
1468.500,-0.000013,0.000000,0.000000,Landed,0.0000000,360.0000000,
1469.000,0.000002,0.000000,0.000000,Landed,0.0000000,360.0000000,
1469.500,-0.000006,0.000000,0.000000,Landed,0.0000000,360.0000000,
1470.000,-0.000007,0.000000,0.000000,Landed,0.0000000,360.0000000,
1470.500,-0.000001,0.000000,0.000000,Landed,0.0000000,360.0000000,
1471.000,0.000012,0.000000,0.000000,Landed,0.0000000,360.0000000,
1471.500,0.000001,0.000000,0.000000,Landed,0.0000000,360.0000000,
1472.000,-0.000002,0.000000,0.000000,Landed,0.0000000,360.0000000,
1472.500,0.000002,0.000000,0.000000,Landed,0.0000000,360.0000000,
1473.000,0.000013,0.000000,0.000000,Landed,0.0000000,360.0000000,
1473.500,0.000001,0.000000,0.000000,Landed,0.0000000,360.0000000,
1474.000,-0.000004,0.000000,0.000000,Landed,0.0000000,360.0000000,
1474.500,-0.000001,0.000000,0.000000,Landed,0.0000000,360.0000000,
1475.000,0.000008,0.000000,0.000000,Landed,0.0000000,360.0000000,
1475.500,-0.000006,0.000000,0.000000,Landed,0.0000000,360.0000000,
1476.000,-0.000012,0.000000,0.000000,Landed,0.0000000,360.0000000,
1476.500,-0.000011,0.000000,0.000000,Landed,0.0000000,360.0000000,
1477.000,-0.000004,0.000000,0.000000,Landed,0.0000000,360.0000000,
1477.500,0.000011,0.000000,0.000000,Landed,0.0000000,360.0000000,
1478.000,0.000002,0.000000,0.000000,Landed,0.0000000,360.0000000,
1478.500,-0.000000,0.000000,0.000000,Landed,0.0000000,360.0000000,
1479.000,0.000005,0.000000,0.000000,Landed,0.0000000,360.0000000,
1479.500,-0.000013,0.000000,0.000000,Landed,0.0000000,360.0000000,
1480.000,0.000007,0.000000,0.000000,Landed,0.0000000,360.0000000,
1480.500,0.000003,0.000000,0.000000,Landed,0.0000000,360.0000000,
1481.000,0.000006,0.000000,0.000000,Landed,0.0000000,360.0000000,
1481.500,-0.000014,0.000000,0.000000,Landed,0.0000000,360.0000000,
1482.000,0.000003,0.000000,0.000000,Landed,0.0000000,360.0000000,
1482.500,-0.000003,0.000000,0.000000,Landed,0.0000000,360.0000000,
1483.000,-0.000002,0.000000,0.000000,Landed,0.0000000,360.0000000,
1483.500,0.000006,0.000000,0.000000,Landed,0.0000000,360.0000000,
1484.000,-0.000009,0.000000,0.000000,Landed,0.0000000,360.0000000,
1484.500,0.000013,0.000000,0.000000,Landed,0.0000000,360.0000000,
1485.000,0.000011,0.000000,0.000000,Landed,0.0000000,360.0000000,
1485.500,-0.000014,0.000000,0.000000,Landed,0.0000000,360.0000000,
1486.000,-0.000001,0.000000,0.000000,Landed,0.0000000,360.0000000,
1486.500,-0.000012,0.000000,0.000000,Landed,0.0000000,360.0000000,
1487.000,0.000015,0.000000,0.000000,Landed,0.0000000,360.0000000,
1487.500,-0.000013,0.000000,0.000000,Landed,0.0000000,360.0000000,
1488.000,-0.000002,0.000000,0.000000,Landed,0.0000000,360.0000000,
1488.500,0.000015,0.000000,0.000000,Landed,0.0000000,360.0000000,
1489.000,0.000008,0.000000,0.000000,Landed,0.0000000,360.0000000,
1489.500,0.000008,0.000000,0.000000,Landed,0.0000000,360.0000000,
1490.000,0.000015,0.000000,0.000000,Landed,0.0000000,360.0000000,
1490.500,-0.000002,0.000000,0.000000,Landed,0.0000000,360.0000000,
1491.000,-0.000011,0.000000,0.000000,Landed,0.0000000,360.0000000,
1491.500,-0.000012,0.000000,0.000000,Landed,0.0000000,360.0000000,
1492.000,-0.000007,0.000000,0.000000,Landed,0.0000000,360.0000000,
1492.500,0.000005,0.000000,0.000000,Landed,0.0000000,360.0000000,
1493.000,-0.000007,0.000000,0.000000,Landed,0.0000000,360.0000000,
1493.500,-0.000011,0.000000,0.000000,Landed,0.0000000,360.0000000,
1494.000,-0.000009,0.000000,0.000000,Landed,0.0000000,360.0000000,
1494.500,0.000000,0.000000,0.000000,Landed,0.0000000,360.0000000,
1495.000,-0.000014,0.000000,0.000000,Landed,0.0000000,0.0000000,
1495.500,0.000009,0.000000,0.000000,Landed,0.0000000,0.0000000,
1496.000,0.000008,0.000000,0.000000,Landed,0.0000000,360.0000000,
1496.500,0.000013,0.000000,0.000000,Landed,0.0000000,360.0000000,
1497.000,-0.000005,0.000000,0.000000,Landed,0.0000000,360.0000000,
1497.500,0.000015,0.000000,0.000000,Landed,0.0000000,360.0000000,
1498.000,0.000010,0.000000,0.000000,Landed,0.0000000,360.0000000,
1498.500,0.000013,0.000000,0.000000,Landed,0.0000000,360.0000000,
1499.000,-0.000008,0.000000,0.000000,Landed,0.0000000,360.0000000,
1499.500,0.000009,0.000000,0.000000,Landed,0.0000000,360.0000000,
1500.000,0.000002,0.000000,0.000000,Landed,0.0000000,360.0000000,
1500.500,0.000001,0.000000,0.000000,Landed,0.0000000,360.0000000,
1501.000,0.000008,0.000000,0.000000,Landed,0.0000000,360.0000000,
1501.500,-0.000009,0.000000,0.000000,Landed,0.0000000,360.0000000,
1502.000,0.000011,0.000000,0.000000,Landed,0.0000000,360.0000000,
1502.500,0.000008,0.000000,0.000000,Landed,0.0000000,360.0000000,
1503.000,0.000011,0.000000,0.000000,Landed,0.0000000,360.0000000,
1503.500,-0.000010,0.000000,0.000000,Landed,0.0000000,360.0000000,
1504.000,0.000008,0.000000,0.000000,Landed,0.0000000,360.0000000,
1504.500,0.000001,0.000000,0.000000,Landed,0.0000000,360.0000000,
1505.000,0.000001,0.000000,0.000000,Landed,0.0000000,360.0000000,
1505.500,0.000008,0.000000,0.000000,Landed,0.0000000,360.0000000,
1506.000,-0.000009,0.000000,0.000000,Landed,0.0000000,360.0000000,
1506.500,0.000012,0.000000,0.000000,Landed,0.0000000,360.0000000,
1507.000,0.000008,0.000000,0.000000,Landed,0.0000000,360.0000000,
1507.500,0.000011,0.000000,0.000000,Landed,0.0000000,360.0000000,
1508.000,-0.000010,0.000000,0.000000,Landed,0.0000000,360.0000000,
1508.500,0.000008,0.000000,0.000000,Landed,0.0000000,360.0000000,
1509.000,0.000001,0.000000,0.000000,Landed,0.0000000,360.0000000,
1509.500,0.000001,0.000000,0.000000,Landed,0.0000000,360.0000000,
1510.000,0.000007,0.000000,0.000000,Landed,0.0000000,360.0000000,
1510.500,-0.000010,0.000000,0.000000,Landed,0.0000000,360.0000000,
1511.000,0.000011,0.000000,0.000000,Landed,0.0000000,360.0000000,
1511.500,0.000006,0.000000,0.000000,Landed,0.0000000,360.0000000,
1512.000,0.000009,0.000000,0.000000,Landed,0.0000000,360.0000000,
1512.500,-0.000012,0.000000,0.000000,Landed,0.0000000,360.0000000,
1513.000,0.000005,0.000000,0.000000,Landed,0.0000000,360.0000000,
1513.500,-0.000002,0.000000,0.000000,Landed,0.0000000,360.0000000,
1514.000,-0.000003,0.000000,0.000000,Landed,0.0000000,360.0000000,
1514.500,0.000003,0.000000,0.000000,Landed,0.0000000,360.0000000,
1515.000,-0.000015,0.000000,0.000000,Landed,0.0000000,360.0000000,
1515.500,0.000005,0.000000,0.000000,Landed,0.0000000,360.0000000,
1516.000,0.000001,0.000000,0.000000,Landed,0.0000000,360.0000000,
1516.500,0.000003,0.000000,0.000000,Landed,0.0000000,360.0000000,
1517.000,0.000011,0.000000,0.000000,Landed,0.0000000,360.0000000,
1517.500,-0.000004,0.000000,0.000000,Landed,0.0000000,360.0000000,
1518.000,-0.000012,0.000000,0.000000,Landed,0.0000000,360.0000000,
1518.500,-0.000013,0.000000,0.000000,Landed,0.0000000,360.0000000,
1519.000,-0.000008,0.000000,0.000000,Landed,0.0000000,360.0000000,
1519.500,0.000003,0.000000,0.000000,Landed,0.0000000,360.0000000,
1520.000,-0.000009,0.000000,0.000000,Landed,0.0000000,360.0000000,
1520.500,-0.000014,0.000000,0.000000,Landed,0.0000000,360.0000000,
1521.000,-0.000013,0.000000,0.000000,Landed,0.0000000,360.0000000,
1521.500,-0.000005,0.000000,0.000000,Landed,0.0000000,360.0000000,
1522.000,0.000009,0.000000,0.000000,Landed,0.0000000,360.0000000,
1522.500,-0.000002,0.000000,0.000000,Landed,0.0000000,360.0000000,
1523.000,-0.000005,0.000000,0.000000,Landed,0.0000000,360.0000000,
1523.500,-0.000002,0.000000,0.000000,Landed,0.0000000,360.0000000,
1524.000,0.000008,0.000000,0.000000,Landed,0.0000000,360.0000000,
1524.500,-0.000007,0.000000,0.000000,Landed,0.0000000,360.0000000,
1525.000,-0.000014,0.000000,0.000000,Landed,0.0000000,360.0000000,
1525.500,-0.000014,0.000000,0.000000,Landed,0.0000000,360.0000000,
1526.000,-0.000008,0.000000,0.000000,Landed,0.0000000,360.0000000,
1526.500,0.000003,0.000000,0.000000,Landed,0.0000000,360.0000000,
1527.000,-0.000009,0.000000,0.000000,Landed,0.0000000,360.0000000,
1527.500,-0.000014,0.000000,0.000000,Landed,0.0000000,360.0000000,
1528.000,-0.000012,0.000000,0.000000,Landed,0.0000000,0.0000000,
1528.500,-0.000004,0.000000,0.000000,Landed,0.0000000,0.0000000,
1529.000,0.000009,0.000000,0.000000,Landed,0.0000000,0.0000000,
1529.500,-0.000001,0.000000,0.000000,Landed,0.0000000,0.0000000,
1530.000,-0.000004,0.000000,0.000000,Landed,0.0000000,0.0000000,
1530.500,-0.000001,0.000000,0.000000,Landed,0.0000000,0.0000000,
1531.000,0.000008,0.000000,0.000000,Landed,0.0000000,0.0000000,
1531.500,-0.000007,0.000000,0.000000,Landed,0.0000000,0.0000000,
1532.000,-0.000015,0.000000,0.000000,Landed,0.0000000,0.0000000,
1532.500,0.000014,0.000000,0.000000,Landed,0.0000000,0.0000000,
1533.000,-0.000012,0.000000,0.000000,Landed,0.0000000,0.0000000,
1533.500,-0.000001,0.000000,0.000000,Landed,0.0000000,0.0000000,
1534.000,-0.000013,0.000000,0.000000,Landed,0.0000000,0.0000000,
1534.500,0.000011,0.000000,0.000000,Landed,0.0000000,0.0000000,
1535.000,0.000010,0.000000,0.000000,Landed,0.0000000,0.0000000,
1535.500,-0.000014,0.000000,0.000000,Landed,0.0000000,0.0000000,
1536.000,-0.000001,0.000000,0.000000,Landed,0.0000000,0.0000000,
1536.500,-0.000012,0.000000,0.000000,Landed,0.0000000,0.0000000,
1537.000,0.000014,0.000000,0.000000,Landed,0.0000000,0.0000000,
1537.500,0.000014,0.000000,0.000000,Landed,0.0000000,0.0000000,
1538.000,-0.000009,0.000000,0.000000,Landed,0.0000000,0.0000000,
1538.500,0.000005,0.000000,0.000000,Landed,0.0000000,0.0000000,
1539.000,-0.000005,0.000000,0.000000,Landed,0.0000000,0.0000000,
1539.500,-0.000008,0.000000,0.000000,Landed,0.0000000,0.0000000,
1540.000,-0.000005,0.000000,0.000000,Landed,0.0000000,0.0000000,
1540.500,0.000004,0.000000,0.000000,Landed,0.0000000,0.0000000,
1541.000,-0.000010,0.000000,0.000000,Landed,0.0000000,0.0000000,
1541.500,0.000012,0.000000,0.000000,Landed,0.0000000,0.0000000,
1542.000,0.000009,0.000000,0.000000,Landed,0.0000000,0.0000000,
1542.500,0.000012,0.000000,0.000000,Landed,0.0000000,0.0000000,
1543.000,-0.000008,0.000000,0.000000,Landed,0.0000000,0.0000000,
1543.500,0.000008,0.000000,0.000000,Landed,0.0000000,0.0000000,
1544.000,0.000001,0.000000,0.000000,Landed,0.0000000,0.0000000,
1544.500,-0.000001,0.000000,0.000000,Landed,0.0000000,0.0000000,
1545.000,0.000004,0.000000,0.000000,Landed,0.0000000,0.0000000,
1545.500,-0.000015,0.000000,0.000000,Landed,0.0000000,0.0000000,
1546.000,0.000003,0.000000,0.000000,Landed,0.0000000,0.0000000,
1546.500,-0.000003,0.000000,0.000000,Landed,0.0000000,0.0000000,
1547.000,-0.000003,0.000000,0.000000,Landed,0.0000000,0.0000000,
1547.500,0.000003,0.000000,0.000000,Landed,0.0000000,0.0000000,
1548.000,0.000014,0.000000,0.000000,Landed,0.0000000,0.0000000,
1548.500,0.000002,0.000000,0.000000,Landed,0.0000000,0.0000000,
1549.000,-0.000004,0.000000,0.000000,Landed,0.0000000,0.0000000,
1549.500,-0.000003,0.000000,0.000000,Landed,0.0000000,0.0000000,
1550.000,0.000004,0.000000,0.000000,Landed,0.0000000,0.0000000,
1550.500,-0.000014,0.000000,0.000000,Landed,0.0000000,0.0000000,
1551.000,0.000006,0.000000,0.000000,Landed,0.0000000,0.0000000,
1551.500,0.000000,0.000000,0.000000,Landed,0.0000000,0.0000000,
1552.000,0.000002,0.000000,0.000000,Landed,0.0000000,0.0000000,
1552.500,0.000009,0.000000,0.000000,Landed,0.0000000,0.0000000,
1553.000,-0.000009,0.000000,0.000000,Landed,0.0000000,0.0000000,
1553.500,0.000011,0.000000,0.000000,Landed,0.0000000,0.0000000,
1554.000,0.000006,0.000000,0.000000,Landed,0.0000000,0.0000000,
1554.500,0.000007,0.000000,0.000000,Landed,0.0000000,360.0000000,
1555.000,0.000015,0.000000,0.000000,Landed,0.0000000,360.0000000,
1555.500,-0.000003,0.000000,0.000000,Landed,0.0000000,360.0000000,
1556.000,-0.000013,0.000000,0.000000,Landed,0.0000000,360.0000000,
1556.500,0.000014,0.000000,0.000000,Landed,0.0000000,360.0000000,
1557.000,-0.000015,0.000000,0.000000,Landed,0.0000000,360.0000000,
1557.500,-0.000006,0.000000,0.000000,Landed,0.0000000,360.0000000,
1558.000,0.000008,0.000000,0.000000,Landed,0.0000000,360.0000000,
1558.500,-0.000003,0.000000,0.000000,Landed,0.0000000,360.0000000,
1559.000,-0.000006,0.000000,0.000000,Landed,0.0000000,360.0000000,
1559.500,-0.000004,0.000000,0.000000,Landed,0.0000000,0.0000000,
1560.000,0.000004,0.000000,0.000000,Landed,0.0000000,0.0000000,
1560.500,-0.000012,0.000000,0.000000,Landed,0.0000000,0.0000000,
1561.000,0.000009,0.000000,0.000000,Landed,0.0000000,0.0000000,
1561.500,0.000004,0.000000,0.000000,Landed,0.0000000,360.0000000,
1562.000,0.000006,0.000000,0.000000,Landed,0.0000000,360.0000000,
1562.500,0.000014,0.000000,0.000000,Landed,0.0000000,360.0000000,
1563.000,-0.000003,0.000000,0.000000,Landed,0.0000000,360.0000000,
1563.500,-0.000013,0.000000,0.000000,Landed,0.0000000,360.0000000,
1564.000,0.000014,0.000000,0.000000,Landed,0.0000000,360.0000000,
1564.500,-0.000015,0.000000,0.000000,Landed,0.0000000,360.0000000,
1565.000,-0.000006,0.000000,0.000000,Landed,0.0000000,360.0000000,
1565.500,0.000008,0.000000,0.000000,Landed,0.0000000,360.0000000,
1566.000,-0.000003,0.000000,0.000000,Landed,0.0000000,360.0000000,
1566.500,-0.000007,0.000000,0.000000,Landed,0.0000000,360.0000000,
1567.000,-0.000005,0.000000,0.000000,Landed,0.0000000,0.0000000,
1567.500,0.000003,0.000000,0.000000,Landed,0.0000000,360.0000000,
1568.000,-0.000014,0.000000,0.000000,Landed,0.0000000,0.0000000,
1568.500,0.000006,0.000000,0.000000,Landed,0.0000000,0.0000000,
1569.000,0.000001,0.000000,0.000000,Landed,0.0000000,0.0000000,
1569.500,0.000002,0.000000,0.000000,Landed,0.0000000,0.0000000,
1570.000,0.000009,0.000000,0.000000,Landed,0.0000000,360.0000000,
1570.500,-0.000009,0.000000,0.000000,Landed,0.0000000,360.0000000,
1571.000,0.000011,0.000000,0.000000,Landed,0.0000000,360.0000000,
1571.500,0.000005,0.000000,0.000000,Landed,0.0000000,360.0000000,
1572.000,0.000005,0.000000,0.000000,Landed,0.0000000,360.0000000,
1572.500,0.000011,0.000000,0.000000,Landed,0.0000000,360.0000000,
1573.000,-0.000007,0.000000,0.000000,Landed,0.0000000,360.0000000,
1573.500,0.000012,0.000000,0.000000,Landed,0.0000000,360.0000000,
1574.000,0.000005,0.000000,0.000000,Landed,0.0000000,360.0000000,
1574.500,0.000005,0.000000,0.000000,Landed,0.0000000,360.0000000,
1575.000,0.000010,0.000000,0.000000,Landed,0.0000000,360.0000000,
1575.500,-0.000009,0.000000,0.000000,Landed,0.0000000,360.0000000,
1576.000,0.000009,0.000000,0.000000,Landed,0.0000000,360.0000000,
1576.500,0.000002,0.000000,0.000000,Landed,0.0000000,360.0000000,
1577.000,0.000000,0.000000,0.000000,Landed,0.0000000,360.0000000,
1577.500,0.000005,0.000000,0.000000,Landed,0.0000000,360.0000000,
1578.000,-0.000015,0.000000,0.000000,Landed,0.0000000,360.0000000,
1578.500,0.000002,0.000000,0.000000,Landed,0.0000000,360.0000000,
1579.000,-0.000006,0.000000,0.000000,Landed,0.0000000,360.0000000,
1579.500,-0.000007,0.000000,0.000000,Landed,0.0000000,360.0000000,
1580.000,-0.000003,0.000000,0.000000,Landed,0.0000000,360.0000000,
1580.500,0.000006,0.000000,0.000000,Landed,0.0000000,360.0000000,
1581.000,-0.000009,0.000000,0.000000,Landed,0.0000000,360.0000000,
1581.500,0.000012,0.000000,0.000000,Landed,0.0000000,360.0000000,
1582.000,0.000009,0.000000,0.000000,Landed,0.0000000,360.0000000,
1582.500,0.000010,0.000000,0.000000,Landed,0.0000000,360.0000000,
1583.000,-0.000012,0.000000,0.000000,Landed,0.0000000,360.0000000,
1583.500,0.000002,0.000000,0.000000,Landed,0.0000000,360.0000000,
1584.000,-0.000008,0.000000,0.000000,Landed,0.0000000,360.0000000,
1584.500,-0.000012,0.000000,0.000000,Landed,0.0000000,360.0000000,
1585.000,-0.000011,0.000000,0.000000,Landed,0.0000000,360.0000000,
1585.500,-0.000004,0.000000,0.000000,Landed,0.0000000,360.0000000,
1586.000,0.000009,0.000000,0.000000,Landed,0.0000000,360.0000000,
1586.500,-0.000004,0.000000,0.000000,Landed,0.0000000,360.0000000,
1587.000,-0.000010,0.000000,0.000000,Landed,0.0000000,360.0000000,
1587.500,-0.000010,0.000000,0.000000,Landed,0.0000000,360.0000000,
1588.000,-0.000004,0.000000,0.000000,Landed,0.0000000,0.0000000,
1588.500,0.000007,0.000000,0.000000,Landed,0.0000000,360.0000000,
1589.000,-0.000007,0.000000,0.000000,Landed,0.0000000,0.0000000,
1589.500,-0.000014,0.000000,0.000000,Landed,0.0000000,0.0000000,
1590.000,0.000014,0.000000,0.000000,Landed,0.0000000,0.0000000,
1590.500,-0.000013,0.000000,0.000000,Landed,0.0000000,0.0000000,
1591.000,-0.000004,0.000000,0.000000,Landed,0.0000000,0.0000000,
1591.500,0.000011,0.000000,0.000000,Landed,0.0000000,0.0000000,
1592.000,0.000000,0.000000,0.000000,Landed,0.0000000,0.0000000,
1592.500,-0.000004,0.000000,0.000000,Landed,0.0000000,0.0000000,
1593.000,-0.000002,0.000000,0.000000,Landed,0.0000000,0.0000000,
1593.500,0.000005,0.000000,0.000000,Landed,0.0000000,0.0000000,
1594.000,-0.000013,0.000000,0.000000,Landed,0.0000000,0.0000000,
1594.500,0.000006,0.000000,0.000000,Landed,0.0000000,0.0000000,
1595.000,-0.000000,0.000000,0.000000,Landed,0.0000000,0.0000000,
1595.500,-0.000001,0.000000,0.000000,Landed,0.0000000,0.0000000,
1596.000,0.000004,0.000000,0.000000,Landed,0.0000000,0.0000000,
1596.500,0.000014,0.000000,0.000000,Landed,0.0000000,0.0000000,
1597.000,-0.000000,0.000000,0.000000,Landed,0.0000000,0.0000000,
1597.500,-0.000008,0.000000,0.000000,Landed,0.0000000,0.0000000,
1598.000,-0.000011,0.000000,0.000000,Landed,0.0000000,0.0000000,
1598.500,-0.000008,0.000000,0.000000,Landed,0.0000000,0.0000000,
1599.000,0.000001,0.000000,0.000000,Landed,0.0000000,0.0000000,
1599.500,0.000014,0.000000,0.000000,Landed,0.0000000,0.0000000,
1600.000,0.000003,0.000000,0.000000,Landed,0.0000000,0.0000000,
1600.500,-0.000002,0.000000,0.000000,Landed,0.0000000,0.0000000,
1601.000,-0.000002,0.000000,0.000000,Landed,0.0000000,0.0000000,
1601.500,0.000004,0.000000,0.000000,Landed,0.0000000,0.0000000,
1602.000,0.000015,0.000000,0.000000,Landed,0.0000000,360.0000000,
1602.500,0.000001,0.000000,0.000000,Landed,0.0000000,360.0000000,
1603.000,-0.000006,0.000000,0.000000,Landed,0.0000000,360.0000000,
1603.500,-0.000008,0.000000,0.000000,Landed,0.0000000,0.0000000,
1604.000,-0.000005,0.000000,0.000000,Landed,0.0000000,0.0000000,
1604.500,0.000004,0.000000,0.000000,Landed,0.0000000,0.0000000,
1605.000,-0.000012,0.000000,0.000000,Landed,0.0000000,0.0000000,
1605.500,0.000008,0.000000,0.000000,Landed,0.0000000,0.0000000,
1606.000,0.000003,0.000000,0.000000,Landed,0.0000000,0.0000000,
1606.500,0.000003,0.000000,0.000000,Landed,0.0000000,0.0000000,
1607.000,0.000009,0.000000,0.000000,Landed,0.0000000,360.0000000,
1607.500,-0.000010,0.000000,0.000000,Landed,0.0000000,360.0000000,
1608.000,0.000007,0.000000,0.000000,Landed,0.0000000,0.0000000,
1608.500,-0.000001,0.000000,0.000000,Landed,0.0000000,0.0000000,
1609.000,-0.000003,0.000000,0.000000,Landed,0.0000000,0.0000000,
1609.500,-0.000000,0.000000,0.000000,Landed,0.0000000,0.0000000,
1610.000,0.000008,0.000000,0.000000,Landed,0.0000000,0.0000000,
1610.500,-0.000009,0.000000,0.000000,Landed,0.0000000,360.0000000,
1611.000,0.000011,0.000000,0.000000,Landed,0.0000000,360.0000000,
1611.500,0.000005,0.000000,0.000000,Landed,0.0000000,360.0000000,
1612.000,0.000004,0.000000,0.000000,Landed,0.0000000,360.0000000,
1612.500,0.000009,0.000000,0.000000,Landed,0.0000000,360.0000000,
1613.000,-0.000011,0.000000,0.000000,Landed,0.0000000,360.0000000,
1613.500,0.000006,0.000000,0.000000,Landed,0.0000000,360.0000000,
1614.000,-0.000003,0.000000,0.000000,Landed,0.0000000,360.0000000,
1614.500,-0.000006,0.000000,0.000000,Landed,0.0000000,360.0000000,
1615.000,-0.000004,0.000000,0.000000,Landed,0.0000000,360.0000000,
1615.500,0.000003,0.000000,0.000000,Landed,0.0000000,360.0000000,
1616.000,-0.000014,0.000000,0.000000,Landed,0.0000000,360.0000000,
1616.500,0.000005,0.000000,0.000000,Landed,0.0000000,0.0000000,
1617.000,-0.000002,0.000000,0.000000,Landed,0.0000000,0.0000000,
1617.500,-0.000004,0.000000,0.000000,Landed,0.0000000,0.0000000,
1618.000,0.000000,0.000000,0.000000,Landed,0.0000000,0.0000000,
1618.500,0.000009,0.000000,0.000000,Landed,0.0000000,0.0000000,
1619.000,-0.000007,0.000000,0.000000,Landed,0.0000000,360.0000000,
1619.500,0.000013,0.000000,0.000000,Landed,0.0000000,360.0000000,
1620.000,0.000007,0.000000,0.000000,Landed,0.0000000,360.0000000,
1620.500,0.000007,0.000000,0.000000,Landed,0.0000000,360.0000000,
1621.000,0.000012,0.000000,0.000000,Landed,0.0000000,360.0000000,
1621.500,-0.000008,0.000000,0.000000,Landed,0.0000000,360.0000000,
1622.000,0.000008,0.000000,0.000000,Landed,0.0000000,360.0000000,
1622.500,-0.000001,0.000000,0.000000,Landed,0.0000000,360.0000000,
1623.000,-0.000004,0.000000,0.000000,Landed,0.0000000,360.0000000,
1623.500,-0.000002,0.000000,0.000000,Landed,0.0000000,360.0000000,
1624.000,0.000004,0.000000,0.000000,Landed,0.0000000,360.0000000,
1624.500,-0.000014,0.000000,0.000000,Landed,0.0000000,360.0000000,
1625.000,0.000004,0.000000,0.000000,Landed,0.0000000,360.0000000,
1625.500,-0.000003,0.000000,0.000000,Landed,0.0000000,360.0000000,
1626.000,-0.000006,0.000000,0.000000,Landed,0.0000000,360.0000000,
1626.500,-0.000003,0.000000,0.000000,Landed,0.0000000,360.0000000,
1627.000,0.000005,0.000000,0.000000,Landed,0.0000000,360.0000000,
1627.500,-0.000012,0.000000,0.000000,Landed,0.0000000,360.0000000,
1628.000,0.000007,0.000000,0.000000,Landed,0.0000000,360.0000000,
1628.500,0.000000,0.000000,0.000000,Landed,0.0000000,360.0000000,
1629.000,-0.000001,0.000000,0.000000,Landed,0.0000000,360.0000000,
1629.500,0.000003,0.000000,0.000000,Landed,0.0000000,360.0000000,
1630.000,0.000011,0.000000,0.000000,Landed,0.0000000,360.0000000,
1630.500,-0.000005,0.000000,0.000000,Landed,0.0000000,360.0000000,
1631.000,0.000014,0.000000,0.000000,Landed,0.0000000,360.0000000,
1631.500,0.000008,0.000000,0.000000,Landed,0.0000000,360.0000000,
1632.000,0.000007,0.000000,0.000000,Landed,0.0000000,360.0000000,
1632.500,0.000011,0.000000,0.000000,Landed,0.0000000,360.0000000,
1633.000,-0.000010,0.000000,0.000000,Landed,0.0000000,360.0000000,
1633.500,0.000005,0.000000,0.000000,Landed,0.0000000,360.0000000,
1634.000,-0.000005,0.000000,0.000000,Landed,0.0000000,360.0000000,
1634.500,-0.000010,0.000000,0.000000,Landed,0.0000000,360.0000000,
1635.000,-0.000010,0.000000,0.000000,Landed,0.0000000,360.0000000,
1635.500,-0.000004,0.000000,0.000000,Landed,0.0000000,360.0000000,
1636.000,0.000006,0.000000,0.000000,Landed,0.0000000,360.0000000,
1636.500,-0.000009,0.000000,0.000000,Landed,0.0000000,360.0000000,
1637.000,0.000012,0.000000,0.000000,Landed,0.0000000,360.0000000,
1637.500,0.000007,0.000000,0.000000,Landed,0.0000000,360.0000000,
1638.000,0.000006,0.000000,0.000000,Landed,0.0000000,360.0000000,
1638.500,0.000011,0.000000,0.000000,Landed,0.0000000,360.0000000,
1639.000,-0.000009,0.000000,0.000000,Landed,0.0000000,360.0000000,
1639.500,0.000007,0.000000,0.000000,Landed,0.0000000,360.0000000,
1640.000,-0.000003,0.000000,0.000000,Landed,0.0000000,360.0000000,
1640.500,-0.000007,0.000000,0.000000,Landed,0.0000000,360.0000000,
1641.000,-0.000006,0.000000,0.000000,Landed,0.0000000,360.0000000,
1641.500,-0.000001,0.000000,0.000000,Landed,0.0000000,360.0000000,
1642.000,0.000009,0.000000,0.000000,Landed,0.0000000,360.0000000,
1642.500,-0.000006,0.000000,0.000000,Landed,0.0000000,360.0000000,
1643.000,-0.000015,0.000000,0.000000,Landed,0.0000000,360.0000000,
1643.500,0.000011,0.000000,0.000000,Landed,0.0000000,360.0000000,
1644.000,0.000011,0.000000,0.000000,Landed,0.0000000,360.0000000,
1644.500,-0.000014,0.000000,0.000000,Landed,0.0000000,360.0000000,
1645.000,-0.000004,0.000000,0.000000,Landed,0.0000000,360.0000000,
1645.500,0.000012,0.000000,0.000000,Landed,0.0000000,360.0000000,
1646.000,0.000001,0.000000,0.000000,Landed,0.0000000,360.0000000,
1646.500,-0.000004,0.000000,0.000000,Landed,0.0000000,360.0000000,
1647.000,-0.000004,0.000000,0.000000,Landed,0.0000000,360.0000000,
1647.500,0.000001,0.000000,0.000000,Landed,0.0000000,360.0000000,
1648.000,0.000011,0.000000,0.000000,Landed,0.0000000,360.0000000,
1648.500,-0.000005,0.000000,0.000000,Landed,0.0000000,360.0000000,
1649.000,0.000014,0.000000,0.000000,Landed,0.0000000,360.0000000,
1649.500,0.000008,0.000000,0.000000,Landed,0.0000000,360.0000000,
1650.000,0.000007,0.000000,0.000000,Landed,0.0000000,360.0000000,
1650.500,0.000011,0.000000,0.000000,Landed,0.0000000,360.0000000,
1651.000,-0.000011,0.000000,0.000000,Landed,0.0000000,360.0000000,
1651.500,0.000003,0.000000,0.000000,Landed,0.0000000,360.0000000,
1652.000,-0.000008,0.000000,0.000000,Landed,0.0000000,360.0000000,
1652.500,-0.000014,0.000000,0.000000,Landed,0.0000000,360.0000000,
1653.000,-0.000015,0.000000,0.000000,Landed,0.0000000,360.0000000,
1653.500,-0.000011,0.000000,0.000000,Landed,0.0000000,360.0000000,
1654.000,-0.000002,0.000000,0.000000,Landed,0.0000000,360.0000000,
1654.500,0.000011,0.000000,0.000000,Landed,0.0000000,360.0000000,
1655.000,-0.000002,0.000000,0.000000,Landed,0.0000000,360.0000000,
1655.500,-0.000009,0.000000,0.000000,Landed,0.0000000,360.0000000,
1656.000,-0.000011,0.000000,0.000000,Landed,0.0000000,360.0000000,
1656.500,-0.000008,0.000000,0.000000,Landed,0.0000000,360.0000000,
1657.000,-0.000001,0.000000,0.000000,Landed,0.0000000,360.0000000,
1657.500,0.000010,0.000000,0.000000,Landed,0.0000000,360.0000000,
1658.000,-0.000003,0.000000,0.000000,Landed,0.0000000,360.0000000,
1658.500,-0.000012,0.000000,0.000000,Landed,0.0000000,360.0000000,
1659.000,0.000015,0.000000,0.000000,Landed,0.0000000,360.0000000,
1659.500,0.000015,0.000000,0.000000,Landed,0.0000000,360.0000000,
1660.000,-0.000010,0.000000,0.000000,Landed,0.0000000,360.0000000,
1660.500,0.000000,0.000000,0.000000,Landed,0.0000000,360.0000000,
1661.000,-0.000014,0.000000,0.000000,Landed,0.0000000,360.0000000,
1661.500,0.000006,0.000000,0.000000,Landed,0.0000000,360.0000000,
1662.000,0.000001,0.000000,0.000000,Landed,0.0000000,360.0000000,
1662.500,-0.000000,0.000000,0.000000,Landed,0.0000000,360.0000000,
1663.000,0.000004,0.000000,0.000000,Landed,0.0000000,360.0000000,
1663.500,0.000012,0.000000,0.000000,Landed,0.0000000,360.0000000,
1664.000,-0.000006,0.000000,0.000000,Landed,0.0000000,360.0000000,
1664.500,0.000013,0.000000,0.000000,Landed,0.0000000,360.0000000,
1665.000,0.000005,0.000000,0.000000,Landed,0.0000000,360.0000000,
1665.500,0.000002,0.000000,0.000000,Landed,0.0000000,360.0000000,
1666.000,0.000004,0.000000,0.000000,Landed,0.0000000,360.0000000,
1666.500,0.000011,0.000000,0.000000,Landed,0.0000000,360.0000000,
1667.000,-0.000009,0.000000,0.000000,Landed,0.0000000,360.0000000,
1667.500,0.000008,0.000000,0.000000,Landed,0.0000000,360.0000000,
1668.000,-0.000002,0.000000,0.000000,Landed,0.0000000,360.0000000,
1668.500,-0.000006,0.000000,0.000000,Landed,0.0000000,360.0000000,
1669.000,-0.000006,0.000000,0.000000,Landed,0.0000000,360.0000000,
1669.500,-0.000001,0.000000,0.000000,Landed,0.0000000,360.0000000,
1670.000,0.000008,0.000000,0.000000,Landed,0.0000000,360.0000000,
1670.500,-0.000008,0.000000,0.000000,Landed,0.0000000,360.0000000,
1671.000,0.000011,0.000000,0.000000,Landed,0.0000000,360.0000000,
1671.500,0.000003,0.000000,0.000000,Landed,0.0000000,360.0000000,
1672.000,0.000001,0.000000,0.000000,Landed,0.0000000,360.0000000,
1672.500,0.000003,0.000000,0.000000,Landed,0.0000000,360.0000000,
1673.000,0.000010,0.000000,0.000000,Landed,0.0000000,360.0000000,
1673.500,-0.000010,0.000000,0.000000,Landed,0.0000000,360.0000000,
1674.000,0.000007,0.000000,0.000000,Landed,0.0000000,360.0000000,
1674.500,-0.000003,0.000000,0.000000,Landed,0.0000000,360.0000000,
1675.000,-0.000007,0.000000,0.000000,Landed,0.0000000,360.0000000,
1675.500,-0.000007,0.000000,0.000000,Landed,0.0000000,360.0000000,
1676.000,-0.000003,0.000000,0.000000,Landed,0.0000000,360.0000000,
1676.500,0.000006,0.000000,0.000000,Landed,0.0000000,360.0000000,
1677.000,-0.000011,0.000000,0.000000,Landed,0.0000000,360.0000000,
1677.500,0.000008,0.000000,0.000000,Landed,0.0000000,360.0000000,
1678.000,-0.000000,0.000000,0.000000,Landed,0.0000000,360.0000000,
1678.500,-0.000003,0.000000,0.000000,Landed,0.0000000,360.0000000,
1679.000,-0.000002,0.000000,0.000000,Landed,0.0000000,360.0000000,
1679.500,0.000004,0.000000,0.000000,Landed,0.0000000,360.0000000,
1680.000,0.000014,0.000000,0.000000,Landed,0.0000000,360.0000000,
1680.500,-0.000002,0.000000,0.000000,Landed,0.0000000,360.0000000,
1681.000,-0.000013,0.000000,0.000000,Landed,0.0000000,360.0000000,
1681.500,0.000012,0.000000,0.000000,Landed,0.0000000,360.0000000,
1682.000,0.000009,0.000000,0.000000,Landed,0.0000000,360.0000000,
1682.500,0.000012,0.000000,0.000000,Landed,0.0000000,360.0000000,
1683.000,-0.000012,0.000000,0.000000,Landed,0.0000000,360.0000000,
1683.500,0.000000,0.000000,0.000000,Landed,0.0000000,360.0000000,
1684.000,-0.000014,0.000000,0.000000,Landed,0.0000000,360.0000000,
1684.500,0.000008,0.000000,0.000000,Landed,0.0000000,360.0000000,
1685.000,0.000002,0.000000,0.000000,Landed,0.0000000,360.0000000,
1685.500,0.000001,0.000000,0.000000,Landed,0.0000000,360.0000000,
1686.000,0.000005,0.000000,0.000000,Landed,0.0000000,360.0000000,
1686.500,0.000013,0.000000,0.000000,Landed,0.0000000,360.0000000,
1687.000,-0.000006,0.000000,0.000000,Landed,0.0000000,360.0000000,
1687.500,0.000012,0.000000,0.000000,Landed,0.0000000,360.0000000,
1688.000,0.000003,0.000000,0.000000,Landed,0.0000000,360.0000000,
1688.500,-0.000002,0.000000,0.000000,Landed,0.0000000,360.0000000,
1689.000,-0.000002,0.000000,0.000000,Landed,0.0000000,360.0000000,
1689.500,0.000003,0.000000,0.000000,Landed,0.0000000,360.0000000,
1690.000,0.000011,0.000000,0.000000,Landed,0.0000000,360.0000000,
1690.500,-0.000006,0.000000,0.000000,Landed,0.0000000,360.0000000,
1691.000,0.000012,0.000000,0.000000,Landed,0.0000000,360.0000000,
1691.500,0.000003,0.000000,0.000000,Landed,0.0000000,360.0000000,
1692.000,-0.000001,0.000000,0.000000,Landed,0.0000000,360.0000000,
1692.500,-0.000000,0.000000,0.000000,Landed,0.0000000,360.0000000,
1693.000,0.000004,0.000000,0.000000,Landed,0.0000000,360.0000000,
1693.500,0.000013,0.000000,0.000000,Landed,0.0000000,360.0000000,
1694.000,-0.000005,0.000000,0.000000,Landed,0.0000000,360.0000000,
1694.500,0.000014,0.000000,0.000000,Landed,0.0000000,360.0000000,
1695.000,0.000005,0.000000,0.000000,Landed,0.0000000,360.0000000,
1695.500,0.000001,0.000000,0.000000,Landed,0.0000000,360.0000000,
1696.000,0.000002,0.000000,0.000000,Landed,0.0000000,360.0000000,
1696.500,0.000006,0.000000,0.000000,Landed,0.0000000,360.0000000,
1697.000,0.000015,0.000000,0.000000,Landed,0.0000000,360.0000000,
1697.500,-0.000003,0.000000,0.000000,Landed,0.0000000,360.0000000,
1698.000,-0.000015,0.000000,0.000000,Landed,0.0000000,360.0000000,
1698.500,0.000008,0.000000,0.000000,Landed,0.0000000,360.0000000,
1699.000,0.000004,0.000000,0.000000,Landed,0.0000000,360.0000000,
1699.500,0.000004,0.000000,0.000000,Landed,0.0000000,360.0000000,
1700.000,0.000008,0.000000,0.000000,Landed,0.0000000,360.0000000,
1700.500,-0.000014,0.000000,0.000000,Landed,0.0000000,360.0000000,
1701.000,0.000000,0.000000,0.000000,Landed,0.0000000,360.0000000,
1701.500,-0.000012,0.000000,0.000000,Landed,0.0000000,360.0000000,
1702.000,0.000010,0.000000,0.000000,Landed,0.0000000,360.0000000,
1702.500,0.000005,0.000000,0.000000,Landed,0.0000000,360.0000000,
1703.000,0.000004,0.000000,0.000000,Landed,0.0000000,360.0000000,
1703.500,0.000008,0.000000,0.000000,Landed,0.0000000,360.0000000,
1704.000,-0.000014,0.000000,0.000000,Landed,0.0000000,360.0000000,
1704.500,-0.000001,0.000000,0.000000,Landed,0.0000000,360.0000000,
1705.000,-0.000014,0.000000,0.000000,Landed,0.0000000,360.0000000,
1705.500,0.000007,0.000000,0.000000,Landed,0.0000000,360.0000000,
1706.000,0.000002,0.000000,0.000000,Landed,0.0000000,360.0000000,
1706.500,0.000000,0.000000,0.000000,Landed,0.0000000,360.0000000,
1707.000,0.000003,0.000000,0.000000,Landed,0.0000000,360.0000000,
1707.500,0.000010,0.000000,0.000000,Landed,0.0000000,360.0000000,
1708.000,-0.000009,0.000000,0.000000,Landed,0.0000000,360.0000000,
1708.500,0.000007,0.000000,0.000000,Landed,0.0000000,360.0000000,
1709.000,-0.000004,0.000000,0.000000,Landed,0.0000000,360.0000000,
1709.500,-0.000010,0.000000,0.000000,Landed,0.0000000,360.0000000,
1710.000,-0.000011,0.000000,0.000000,Landed,0.0000000,360.0000000,
1710.500,-0.000009,0.000000,0.000000,Landed,0.0000000,360.0000000,
1711.000,-0.000003,0.000000,0.000000,Landed,0.0000000,360.0000000,
1711.500,0.000007,0.000000,0.000000,Landed,0.0000000,360.0000000,
1712.000,-0.000009,0.000000,0.000000,Landed,0.0000000,360.0000000,
1712.500,0.000010,0.000000,0.000000,Landed,0.0000000,360.0000000,
1713.000,0.000001,0.000000,0.000000,Landed,0.0000000,360.0000000,
1713.500,-0.000003,0.000000,0.000000,Landed,0.0000000,360.0000000,
1714.000,-0.000002,0.000000,0.000000,Landed,0.0000000,360.0000000,
1714.500,0.000002,0.000000,0.000000,Landed,0.0000000,360.0000000,
1715.000,0.000010,0.000000,0.000000,Landed,0.0000000,360.0000000,
1715.500,-0.000008,0.000000,0.000000,Landed,0.0000000,360.0000000,
1716.000,0.000009,0.000000,0.000000,Landed,0.0000000,360.0000000,
1716.500,-0.000001,0.000000,0.000000,Landed,0.0000000,360.0000000,
1717.000,-0.000007,0.000000,0.000000,Landed,0.0000000,360.0000000,
1717.500,-0.000008,0.000000,0.000000,Landed,0.0000000,360.0000000,
1718.000,-0.000005,0.000000,0.000000,Landed,0.0000000,360.0000000,
1718.500,0.000001,0.000000,0.000000,Landed,0.0000000,360.0000000,
1719.000,0.000011,0.000000,0.000000,Landed,0.0000000,360.0000000,
1719.500,-0.000005,0.000000,0.000000,Landed,0.0000000,360.0000000,
1720.000,0.000013,0.000000,0.000000,Landed,0.0000000,360.0000000,
1720.500,0.000005,0.000000,0.000000,Landed,0.0000000,360.0000000,
1721.000,0.000001,0.000000,0.000000,Landed,0.0000000,360.0000000,
1721.500,0.000001,0.000000,0.000000,Landed,0.0000000,360.0000000,
1722.000,0.000004,0.000000,0.000000,Landed,0.0000000,360.0000000,
1722.500,0.000012,0.000000,0.000000,Landed,0.0000000,360.0000000,
1723.000,-0.000007,0.000000,0.000000,Landed,0.0000000,360.0000000,
1723.500,0.000009,0.000000,0.000000,Landed,0.0000000,360.0000000,
1724.000,-0.000002,0.000000,0.000000,Landed,0.0000000,360.0000000,
1724.500,-0.000008,0.000000,0.000000,Landed,0.0000000,360.0000000,
1725.000,-0.000010,0.000000,0.000000,Landed,0.0000000,360.0000000,
1725.500,-0.000008,0.000000,0.000000,Landed,0.0000000,360.0000000,
1726.000,-0.000003,0.000000,0.000000,Landed,0.0000000,360.0000000,
1726.500,0.000006,0.000000,0.000000,Landed,0.0000000,360.0000000,
1727.000,-0.000011,0.000000,0.000000,Landed,0.0000000,360.0000000,
1727.500,0.000006,0.000000,0.000000,Landed,0.0000000,360.0000000,
1728.000,-0.000003,0.000000,0.000000,Landed,0.0000000,360.0000000,
1728.500,-0.000008,0.000000,0.000000,Landed,0.0000000,360.0000000,
1729.000,-0.000010,0.000000,0.000000,Landed,0.0000000,360.0000000,
1729.500,-0.000007,0.000000,0.000000,Landed,0.0000000,360.0000000,
1730.000,-0.000001,0.000000,0.000000,Landed,0.0000000,360.0000000,
1730.500,0.000009,0.000000,0.000000,Landed,0.0000000,360.0000000,
1731.000,-0.000008,0.000000,0.000000,Landed,0.0000000,360.0000000,
1731.500,0.000010,0.000000,0.000000,Landed,0.0000000,360.0000000,
1732.000,0.000001,0.000000,0.000000,Landed,0.0000000,360.0000000,
1732.500,-0.000004,0.000000,0.000000,Landed,0.0000000,360.0000000,
1733.000,-0.000005,0.000000,0.000000,Landed,0.0000000,360.0000000,
1733.500,-0.000003,0.000000,0.000000,Landed,0.0000000,360.0000000,
1734.000,0.000004,0.000000,0.000000,Landed,0.0000000,360.0000000,
1734.500,0.000013,0.000000,0.000000,Landed,0.0000000,360.0000000,
1735.000,-0.000004,0.000000,0.000000,Landed,0.0000000,360.0000000,
1735.500,0.000014,0.000000,0.000000,Landed,0.0000000,360.0000000,
1736.000,0.000005,0.000000,0.000000,Landed,0.0000000,360.0000000,
1736.500,-0.000000,0.000000,0.000000,Landed,0.0000000,360.0000000,
1737.000,-0.000002,0.000000,0.000000,Landed,0.0000000,360.0000000,
1737.500,0.000001,0.000000,0.000000,Landed,0.0000000,360.0000000,
1738.000,0.000007,0.000000,0.000000,Landed,0.0000000,360.0000000,
1738.500,-0.000014,0.000000,0.000000,Landed,0.0000000,360.0000000,
1739.000,0.000001,0.000000,0.000000,Landed,0.0000000,360.0000000,
1739.500,-0.000012,0.000000,0.000000,Landed,0.0000000,360.0000000,
1740.000,0.000010,0.000000,0.000000,Landed,0.0000000,360.0000000,
1740.500,0.000004,0.000000,0.000000,Landed,0.0000000,360.0000000,
1741.000,0.000002,0.000000,0.000000,Landed,0.0000000,360.0000000,
1741.500,0.000004,0.000000,0.000000,Landed,0.0000000,360.0000000,
1742.000,0.000009,0.000000,0.000000,Landed,0.0000000,360.0000000,
1742.500,-0.000012,0.000000,0.000000,Landed,0.0000000,360.0000000,
1743.000,0.000002,0.000000,0.000000,Landed,0.0000000,360.0000000,
1743.500,-0.000012,0.000000,0.000000,Landed,0.0000000,360.0000000,
1744.000,0.000009,0.000000,0.000000,Landed,0.0000000,360.0000000,
1744.500,0.000003,0.000000,0.000000,Landed,0.0000000,360.0000000,
1745.000,0.000000,0.000000,0.000000,Landed,0.0000000,360.0000000,
1745.500,0.000001,0.000000,0.000000,Landed,0.0000000,360.0000000,
1746.000,0.000006,0.000000,0.000000,Landed,0.0000000,360.0000000,
1746.500,0.000014,0.000000,0.000000,Landed,0.0000000,360.0000000,
1747.000,-0.000005,0.000000,0.000000,Landed,0.0000000,360.0000000,
1747.500,0.000011,0.000000,0.000000,Landed,0.0000000,360.0000000,
1748.000,-0.000001,0.000000,0.000000,Landed,0.0000000,360.0000000,
1748.500,-0.000008,0.000000,0.000000,Landed,0.0000000,360.0000000,
1749.000,-0.000011,0.000000,0.000000,Landed,0.0000000,360.0000000,
1749.500,-0.000011,0.000000,0.000000,Landed,0.0000000,360.0000000,
1750.000,-0.000007,0.000000,0.000000,Landed,0.0000000,360.0000000,
1750.500,0.000000,0.000000,0.000000,Landed,0.0000000,360.0000000,
1751.000,0.000011,0.000000,0.000000,Landed,0.0000000,360.0000000,
1751.500,-0.000006,0.000000,0.000000,Landed,0.0000000,360.0000000,
1752.000,0.000012,0.000000,0.000000,Landed,0.0000000,360.0000000,
1752.500,0.000002,0.000000,0.000000,Landed,0.0000000,360.0000000,
1753.000,-0.000003,0.000000,0.000000,Landed,0.0000000,360.0000000,
1753.500,-0.000005,0.000000,0.000000,Landed,0.0000000,360.0000000,
1754.000,-0.000003,0.000000,0.000000,Landed,0.0000000,360.0000000,
1754.500,0.000002,0.000000,0.000000,Landed,0.0000000,360.0000000,
1755.000,0.000010,0.000000,0.000000,Landed,0.0000000,360.0000000,
1755.500,-0.000009,0.000000,0.000000,Landed,0.0000000,360.0000000,
1756.000,0.000007,0.000000,0.000000,Landed,0.0000000,360.0000000,
1756.500,-0.000004,0.000000,0.000000,Landed,0.0000000,360.0000000,
1757.000,-0.000011,0.000000,0.000000,Landed,0.0000000,360.0000000,
1757.500,-0.000015,0.000000,0.000000,Landed,0.0000000,360.0000000,
1758.000,-0.000015,0.000000,0.000000,Landed,0.0000000,360.0000000,
1758.500,-0.000011,0.000000,0.000000,Landed,0.0000000,360.0000000,
1759.000,-0.000004,0.000000,0.000000,Landed,0.0000000,360.0000000,
1759.500,0.000005,0.000000,0.000000,Landed,0.0000000,360.0000000,
1760.000,-0.000012,0.000000,0.000000,Landed,0.0000000,360.0000000,
1760.500,0.000005,0.000000,0.000000,Landed,0.0000000,360.0000000,
1761.000,-0.000006,0.000000,0.000000,Landed,0.0000000,360.0000000,
1761.500,-0.000012,0.000000,0.000000,Landed,0.0000000,360.0000000,
1762.000,-0.000015,0.000000,0.000000,Landed,0.0000000,360.0000000,
1762.500,-0.000014,0.000000,0.000000,Landed,0.0000000,360.0000000,
1763.000,-0.000010,0.000000,0.000000,Landed,0.0000000,360.0000000,
1763.500,-0.000003,0.000000,0.000000,Landed,0.0000000,360.0000000,
1764.000,0.000007,0.000000,0.000000,Landed,0.0000000,360.0000000,
1764.500,-0.000010,0.000000,0.000000,Landed,0.0000000,360.0000000,
1765.000,0.000007,0.000000,0.000000,Landed,0.0000000,360.0000000,
1765.500,-0.000003,0.000000,0.000000,Landed,0.0000000,360.0000000,
1766.000,-0.000009,0.000000,0.000000,Landed,0.0000000,360.0000000,
1766.500,-0.000012,0.000000,0.000000,Landed,0.0000000,0.0000000,
1767.000,-0.000011,0.000000,0.000000,Landed,0.0000000,0.0000000,
1767.500,-0.000007,0.000000,0.000000,Landed,0.0000000,0.0000000,
1768.000,-0.000000,0.000000,0.000000,Landed,0.0000000,0.0000000,
1768.500,0.000009,0.000000,0.000000,Landed,0.0000000,0.0000000,
1769.000,-0.000008,0.000000,0.000000,Landed,0.0000000,0.0000000,
1769.500,0.000009,0.000000,0.000000,Landed,0.0000000,0.0000000,
1770.000,-0.000002,0.000000,0.000000,Landed,0.0000000,0.0000000,
1770.500,-0.000008,0.000000,0.000000,Landed,0.0000000,0.0000000,
1771.000,-0.000011,0.000000,0.000000,Landed,0.0000000,0.0000000,
1771.500,-0.000011,0.000000,0.000000,Landed,0.0000000,0.0000000,
1772.000,-0.000008,0.000000,0.000000,Landed,0.0000000,0.0000000,
1772.500,-0.000001,0.000000,0.000000,Landed,0.0000000,0.0000000,
1773.000,0.000008,0.000000,0.000000,Landed,0.0000000,0.0000000,
1773.500,-0.000010,0.000000,0.000000,Landed,0.0000000,0.0000000,
1774.000,0.000006,0.000000,0.000000,Landed,0.0000000,0.0000000,
1774.500,-0.000005,0.000000,0.000000,Landed,0.0000000,0.0000000,
1775.000,-0.000013,0.000000,0.000000,Landed,0.0000000,0.0000000,
1775.500,0.000013,0.000000,0.000000,Landed,0.0000000,0.0000000,
1776.000,0.000011,0.000000,0.000000,Landed,0.0000000,0.0000000,
1776.500,0.000012,0.000000,0.000000,Landed,0.0000000,0.0000000,
1777.000,-0.000014,0.000000,0.000000,Landed,0.0000000,0.0000000,
1777.500,-0.000005,0.000000,0.000000,Landed,0.0000000,0.0000000,
1778.000,0.000006,0.000000,0.000000,Landed,0.0000000,0.0000000,
1778.500,-0.000010,0.000000,0.000000,Landed,0.0000000,0.0000000,
1779.000,0.000008,0.000000,0.000000,Landed,0.0000000,0.0000000,
1779.500,-0.000001,0.000000,0.000000,Landed,0.0000000,0.0000000,
1780.000,-0.000007,0.000000,0.000000,Landed,0.0000000,0.0000000,
1780.500,-0.000010,0.000000,0.000000,Landed,0.0000000,0.0000000,
1781.000,-0.000009,0.000000,0.000000,Landed,0.0000000,0.0000000,
1781.500,-0.000006,0.000000,0.000000,Landed,0.0000000,0.0000000,
1782.000,0.000001,0.000000,0.000000,Landed,0.0000000,0.0000000,
1782.500,0.000010,0.000000,0.000000,Landed,0.0000000,0.0000000,
1783.000,-0.000008,0.000000,0.000000,Landed,0.0000000,0.0000000,
1783.500,0.000008,0.000000,0.000000,Landed,0.0000000,0.0000000,
1784.000,-0.000004,0.000000,0.000000,Landed,0.0000000,0.0000000,
1784.500,-0.000012,0.000000,0.000000,Landed,0.0000000,0.0000000,
1785.000,0.000014,0.000000,0.000000,Landed,0.0000000,0.0000000,
1785.500,0.000011,0.000000,0.000000,Landed,0.0000000,0.0000000,
1786.000,0.000011,0.000000,0.000000,Landed,0.0000000,0.0000000,
1786.500,0.000014,0.000000,0.000000,Landed,0.0000000,0.0000000,
1787.000,-0.000010,0.000000,0.000000,Landed,0.0000000,0.0000000,
1787.500,0.000001,0.000000,0.000000,Landed,0.0000000,0.0000000,
1788.000,0.000013,0.000000,0.000000,Landed,0.0000000,0.0000000,
1788.500,-0.000001,0.000000,0.000000,Landed,0.0000000,0.0000000,
1789.000,-0.000012,0.000000,0.000000,Landed,0.0000000,0.0000000,
1789.500,0.000011,0.000000,0.000000,Landed,0.0000000,0.0000000,
1790.000,0.000005,0.000000,0.000000,Landed,0.0000000,0.0000000,
1790.500,0.000003,0.000000,0.000000,Landed,0.0000000,0.0000000,
1791.000,0.000004,0.000000,0.000000,Landed,0.0000000,0.0000000,
1791.500,0.000008,0.000000,0.000000,Landed,0.0000000,0.0000000,
1792.000,0.000014,0.000000,0.000000,Landed,0.0000000,0.0000000,
1792.500,-0.000007,0.000000,0.000000,Landed,0.0000000,0.0000000,
1793.000,0.000006,0.000000,0.000000,Landed,0.0000000,0.0000000,
1793.500,-0.000008,0.000000,0.000000,Landed,0.0000000,0.0000000,
1794.000,0.000011,0.000000,0.000000,Landed,0.0000000,0.0000000,
1794.500,0.000002,0.000000,0.000000,Landed,0.0000000,0.0000000,
1795.000,-0.000003,0.000000,0.000000,Landed,0.0000000,0.0000000,
1795.500,-0.000005,0.000000,0.000000,Landed,0.0000000,0.0000000,
1796.000,-0.000005,0.000000,0.000000,Landed,0.0000000,0.0000000,
1796.500,-0.000001,0.000000,0.000000,Landed,0.0000000,0.0000000,
1797.000,0.000005,0.000000,0.000000,Landed,0.0000000,0.0000000,
1797.500,0.000014,0.000000,0.000000,Landed,0.0000000,0.0000000,
1798.000,-0.000005,0.000000,0.000000,Landed,0.0000000,360.0000000,
1798.500,0.000010,0.000000,0.000000,Landed,0.0000000,360.0000000,
1799.000,-0.000003,0.000000,0.000000,Landed,0.0000000,360.0000000,
1799.500,-0.000012,0.000000,0.000000,Landed,0.0000000,0.0000000,
1800.000,0.000012,0.000000,0.000000,Landed,0.0000000,0.0000000,
1800.500,0.000008,0.000000,0.000000,Landed,0.0000000,360.0000000,
1801.000,0.000007,0.000000,0.000000,Landed,0.0000000,360.0000000,
1801.500,0.000008,0.000000,0.000000,Landed,0.0000000,360.0000000,
1802.000,0.000013,0.000000,0.000000,Landed,0.0000000,360.0000000,
1802.500,-0.000011,0.000000,0.000000,Landed,0.0000000,360.0000000,
1803.000,0.000000,0.000000,0.000000,Landed,0.0000000,360.0000000,
1803.500,0.000013,0.000000,0.000000,Landed,0.0000000,360.0000000,
1804.000,-0.000001,0.000000,0.000000,Landed,0.0000000,360.0000000,
1804.500,-0.000012,0.000000,0.000000,Landed,0.0000000,360.0000000,
1805.000,0.000011,0.000000,0.000000,Landed,0.0000000,360.0000000,
1805.500,0.000004,0.000000,0.000000,Landed,0.0000000,360.0000000,
1806.000,0.000001,0.000000,0.000000,Landed,0.0000000,360.0000000,
1806.500,0.000001,0.000000,0.000000,Landed,0.0000000,360.0000000,
1807.000,0.000004,0.000000,0.000000,Landed,0.0000000,360.0000000,
1807.500,0.000009,0.000000,0.000000,Landed,0.0000000,360.0000000,
1808.000,-0.000013,0.000000,0.000000,Landed,0.0000000,360.0000000,
1808.500,-0.000002,0.000000,0.000000,Landed,0.0000000,360.0000000,
1809.000,0.000012,0.000000,0.000000,Landed,0.0000000,360.0000000,
1809.500,-0.000002,0.000000,0.000000,Landed,0.0000000,360.0000000,
1810.000,-0.000013,0.000000,0.000000,Landed,0.0000000,360.0000000,
1810.500,0.000010,0.000000,0.000000,Landed,0.0000000,360.0000000,
1811.000,0.000004,0.000000,0.000000,Landed,0.0000000,360.0000000,
1811.500,0.000001,0.000000,0.000000,Landed,0.0000000,360.0000000,
1812.000,0.000001,0.000000,0.000000,Landed,0.0000000,360.0000000,
1812.500,0.000003,0.000000,0.000000,Landed,0.0000000,360.0000000,
1813.000,0.000008,0.000000,0.000000,Landed,0.0000000,360.0000000,
1813.500,-0.000014,0.000000,0.000000,Landed,0.0000000,360.0000000,
1814.000,-0.000003,0.000000,0.000000,Landed,0.0000000,360.0000000,
1814.500,0.000010,0.000000,0.000000,Landed,0.0000000,360.0000000,
1815.000,-0.000004,0.000000,0.000000,Landed,0.0000000,360.0000000,
1815.500,0.000015,0.000000,0.000000,Landed,0.0000000,360.0000000,
1816.000,0.000005,0.000000,0.000000,Landed,0.0000000,360.0000000,
1816.500,-0.000001,0.000000,0.000000,Landed,0.0000000,360.0000000,
1817.000,-0.000005,0.000000,0.000000,Landed,0.0000000,360.0000000,
1817.500,-0.000005,0.000000,0.000000,Landed,0.0000000,360.0000000,
1818.000,-0.000003,0.000000,0.000000,Landed,0.0000000,360.0000000,
1818.500,0.000001,0.000000,0.000000,Landed,0.0000000,360.0000000,
1819.000,0.000007,0.000000,0.000000,Landed,0.0000000,360.0000000,
1819.500,-0.000014,0.000000,0.000000,Landed,0.0000000,360.0000000,
1820.000,-0.000001,0.000000,0.000000,Landed,0.0000000,360.0000000,
1820.500,0.000013,0.000000,0.000000,Landed,0.0000000,360.0000000,
1821.000,-0.000000,0.000000,0.000000,Landed,0.0000000,360.0000000,
1821.500,-0.000010,0.000000,0.000000,Landed,0.0000000,360.0000000,
1822.000,0.000012,0.000000,0.000000,Landed,0.0000000,360.0000000,
1822.500,0.000006,0.000000,0.000000,Landed,0.0000000,360.0000000,
1823.000,0.000003,0.000000,0.000000,Landed,0.0000000,360.0000000,
1823.500,0.000003,0.000000,0.000000,Landed,0.0000000,360.0000000,
1824.000,0.000005,0.000000,0.000000,Landed,0.0000000,360.0000000,
1824.500,0.000009,0.000000,0.000000,Landed,0.0000000,360.0000000,
1825.000,-0.000014,0.000000,0.000000,Landed,0.0000000,360.0000000,
1825.500,-0.000004,0.000000,0.000000,Landed,0.0000000,360.0000000,
1826.000,0.000009,0.000000,0.000000,Landed,0.0000000,360.0000000,
1826.500,-0.000007,0.000000,0.000000,Landed,0.0000000,360.0000000,
1827.000,0.000010,0.000000,0.000000,Landed,0.0000000,360.0000000,
1827.500,-0.000000,0.000000,0.000000,Landed,0.0000000,360.0000000,
1828.000,-0.000008,0.000000,0.000000,Landed,0.0000000,360.0000000,
1828.500,-0.000013,0.000000,0.000000,Landed,0.0000000,360.0000000,
1829.000,-0.000015,0.000000,0.000000,Landed,0.0000000,360.0000000,
1829.500,-0.000014,0.000000,0.000000,Landed,0.0000000,360.0000000,
1830.000,-0.000011,0.000000,0.000000,Landed,0.0000000,360.0000000,
1830.500,-0.000006,0.000000,0.000000,Landed,0.0000000,360.0000000,
1831.000,0.000001,0.000000,0.000000,Landed,0.0000000,360.0000000,
1831.500,0.000009,0.000000,0.000000,Landed,0.0000000,360.0000000,
1832.000,-0.000010,0.000000,0.000000,Landed,0.0000000,360.0000000,
1832.500,0.000005,0.000000,0.000000,Landed,0.0000000,360.0000000,
1833.000,-0.000009,0.000000,0.000000,Landed,0.0000000,360.0000000,
1833.500,0.000010,0.000000,0.000000,Landed,0.0000000,360.0000000,
1834.000,0.000001,0.000000,0.000000,Landed,0.0000000,360.0000000,
1834.500,-0.000006,0.000000,0.000000,Landed,0.0000000,360.0000000,
1835.000,-0.000009,0.000000,0.000000,Landed,0.0000000,360.0000000,
1835.500,-0.000010,0.000000,0.000000,Landed,0.0000000,360.0000000,
1836.000,-0.000009,0.000000,0.000000,Landed,0.0000000,360.0000000,
1836.500,-0.000006,0.000000,0.000000,Landed,0.0000000,0.0000000,
1837.000,-0.000000,0.000000,0.000000,Landed,0.0000000,0.0000000,
1837.500,0.000007,0.000000,0.000000,Landed,0.0000000,360.0000000,
1838.000,-0.000014,0.000000,0.000000,Landed,0.0000000,0.0000000,
1838.500,-0.000001,0.000000,0.000000,Landed,0.0000000,0.0000000,
1839.000,0.000013,0.000000,0.000000,Landed,0.0000000,360.0000000,
1839.500,-0.000001,0.000000,0.000000,Landed,0.0000000,360.0000000,
1840.000,-0.000011,0.000000,0.000000,Landed,0.0000000,0.0000000,
1840.500,0.000011,0.000000,0.000000,Landed,0.0000000,0.0000000,
1841.000,0.000004,0.000000,0.000000,Landed,0.0000000,360.0000000,
1841.500,-0.000001,0.000000,0.000000,Landed,0.0000000,360.0000000,
1842.000,-0.000003,0.000000,0.000000,Landed,0.0000000,0.0000000,
1842.500,-0.000002,0.000000,0.000000,Landed,0.0000000,0.0000000,
1843.000,0.000001,0.000000,0.000000,Landed,0.0000000,0.0000000,
1843.500,0.000005,0.000000,0.000000,Landed,0.0000000,360.0000000,
1844.000,0.000012,0.000000,0.000000,Landed,0.0000000,360.0000000,
1844.500,-0.000010,0.000000,0.000000,Landed,0.0000000,360.0000000,
1845.000,0.000002,0.000000,0.000000,Landed,0.0000000,360.0000000,
1845.500,-0.000015,0.000000,0.000000,Landed,0.0000000,360.0000000,
1846.000,0.000002,0.000000,0.000000,Landed,0.0000000,360.0000000,
1846.500,-0.000009,0.000000,0.000000,Landed,0.0000000,0.0000000,
1847.000,0.000011,0.000000,0.000000,Landed,0.0000000,0.0000000,
1847.500,0.000003,0.000000,0.000000,Landed,0.0000000,0.0000000,
1848.000,-0.000002,0.000000,0.000000,Landed,0.0000000,0.0000000,
1848.500,-0.000005,0.000000,0.000000,Landed,0.0000000,0.0000000,
1849.000,-0.000006,0.000000,0.000000,Landed,0.0000000,0.0000000,
1849.500,-0.000004,0.000000,0.000000,Landed,0.0000000,0.0000000,
1850.000,-0.000001,0.000000,0.000000,Landed,0.0000000,0.0000000,
1850.500,0.000004,0.000000,0.000000,Landed,0.0000000,0.0000000,
1851.000,0.000011,0.000000,0.000000,Landed,0.0000000,0.0000000,
1851.500,-0.000010,0.000000,0.000000,Landed,0.0000000,0.0000000,
1852.000,0.000002,0.000000,0.000000,Landed,0.0000000,0.0000000,
1852.500,-0.000014,0.000000,0.000000,Landed,0.0000000,0.0000000,
1853.000,0.000003,0.000000,0.000000,Landed,0.0000000,0.0000000,
1853.500,-0.000009,0.000000,0.000000,Landed,0.0000000,0.0000000,
1854.000,0.000011,0.000000,0.000000,Landed,0.0000000,0.0000000,
1854.500,0.000003,0.000000,0.000000,Landed,0.0000000,0.0000000,
1855.000,-0.000003,0.000000,0.000000,Landed,0.0000000,0.0000000,
1855.500,-0.000006,0.000000,0.000000,Landed,0.0000000,0.0000000,
1856.000,-0.000007,0.000000,0.000000,Landed,0.0000000,0.0000000,
1856.500,-0.000007,0.000000,0.000000,Landed,0.0000000,0.0000000,
1857.000,-0.000004,0.000000,0.000000,Landed,0.0000000,0.0000000,
1857.500,0.000001,0.000000,0.000000,Landed,0.0000000,0.0000000,
1858.000,0.000007,0.000000,0.000000,Landed,0.0000000,0.0000000,
1858.500,0.000015,0.000000,0.000000,Landed,0.0000000,0.0000000,
1859.000,-0.000006,0.000000,0.000000,Landed,0.0000000,0.0000000,
1859.500,0.000007,0.000000,0.000000,Landed,0.0000000,0.0000000,
1860.000,-0.000009,0.000000,0.000000,Landed,0.0000000,0.0000000,
1860.500,0.000008,0.000000,0.000000,Landed,0.0000000,0.0000000,
1861.000,-0.000004,0.000000,0.000000,Landed,0.0000000,0.0000000,
1861.500,-0.000013,0.000000,0.000000,Landed,0.0000000,0.0000000,
1862.000,0.000010,0.000000,0.000000,Landed,0.0000000,0.0000000,
1862.500,0.000004,0.000000,0.000000,Landed,0.0000000,0.0000000,
1863.000,0.000000,0.000000,0.000000,Landed,0.0000000,0.0000000,
1863.500,-0.000001,0.000000,0.000000,Landed,0.0000000,0.0000000,
1864.000,-0.000001,0.000000,0.000000,Landed,0.0000000,0.0000000,
1864.500,0.000001,0.000000,0.000000,Landed,0.0000000,0.0000000,
1865.000,0.000005,0.000000,0.000000,Landed,0.0000000,0.0000000,
1865.500,0.000010,0.000000,0.000000,Landed,0.0000000,0.0000000,
1866.000,-0.000012,0.000000,0.000000,Landed,0.0000000,0.0000000,
1866.500,-0.000002,0.000000,0.000000,Landed,0.0000000,0.0000000,
1867.000,0.000010,0.000000,0.000000,Landed,0.0000000,0.0000000,
1867.500,-0.000008,0.000000,0.000000,Landed,0.0000000,0.0000000,
1868.000,0.000008,0.000000,0.000000,Landed,0.0000000,0.0000000,
1868.500,-0.000004,0.000000,0.000000,Landed,0.0000000,0.0000000,
1869.000,-0.000015,0.000000,0.000000,Landed,0.0000000,0.0000000,
1869.500,0.000007,0.000000,0.000000,Landed,0.0000000,0.0000000,
1870.000,-0.000000,0.000000,0.000000,Landed,0.0000000,0.0000000,
1870.500,-0.000005,0.000000,0.000000,Landed,0.0000000,0.0000000,
1871.000,-0.000008,0.000000,0.000000,Landed,0.0000000,0.0000000,
1871.500,-0.000009,0.000000,0.000000,Landed,0.0000000,0.0000000,
1872.000,-0.000008,0.000000,0.000000,Landed,0.0000000,0.0000000,
1872.500,-0.000006,0.000000,0.000000,Landed,0.0000000,0.0000000,
1873.000,-0.000001,0.000000,0.000000,Landed,0.0000000,0.0000000,
1873.500,0.000004,0.000000,0.000000,Landed,0.0000000,0.0000000,
1874.000,0.000011,0.000000,0.000000,Landed,0.0000000,0.0000000,
1874.500,-0.000010,0.000000,0.000000,Landed,0.0000000,0.0000000,
1875.000,0.000001,0.000000,0.000000,Landed,0.0000000,0.0000000,
1875.500,0.000013,0.000000,0.000000,Landed,0.0000000,0.0000000,
1876.000,-0.000003,0.000000,0.000000,Landed,0.0000000,0.0000000,
1876.500,0.000013,0.000000,0.000000,Landed,0.0000000,0.0000000,
1877.000,0.000001,0.000000,0.000000,Landed,0.0000000,0.0000000,
1877.500,-0.000009,0.000000,0.000000,Landed,0.0000000,0.0000000,
1878.000,0.000013,0.000000,0.000000,Landed,0.0000000,0.0000000,
1878.500,0.000005,0.000000,0.000000,Landed,0.0000000,0.0000000,
1879.000,0.000000,0.000000,0.000000,Landed,0.0000000,0.0000000,
1879.500,-0.000003,0.000000,0.000000,Landed,0.0000000,0.0000000,
1880.000,-0.000005,0.000000,0.000000,Landed,0.0000000,0.0000000,
1880.500,-0.000004,0.000000,0.000000,Landed,0.0000000,0.0000000,
1881.000,-0.000002,0.000000,0.000000,Landed,0.0000000,0.0000000,
1881.500,0.000001,0.000000,0.000000,Landed,0.0000000,0.0000000,
1882.000,0.000006,0.000000,0.000000,Landed,0.0000000,0.0000000,
1882.500,0.000012,0.000000,0.000000,Landed,0.0000000,0.0000000,
1883.000,-0.000010,0.000000,0.000000,Landed,0.0000000,0.0000000,
1883.500,0.000000,0.000000,0.000000,Landed,0.0000000,0.0000000,
1884.000,0.000012,0.000000,0.000000,Landed,0.0000000,0.0000000,
1884.500,-0.000006,0.000000,0.000000,Landed,0.0000000,0.0000000,
1885.000,0.000009,0.000000,0.000000,Landed,0.0000000,360.0000000,
1885.500,-0.000004,0.000000,0.000000,Landed,0.0000000,0.0000000,
1886.000,0.000014,0.000000,0.000000,Landed,0.0000000,360.0000000,
1886.500,0.000003,0.000000,0.000000,Landed,0.0000000,360.0000000,
1887.000,-0.000005,0.000000,0.000000,Landed,0.0000000,360.0000000,
1887.500,-0.000012,0.000000,0.000000,Landed,0.0000000,0.0000000,
1888.000,0.000014,0.000000,0.000000,Landed,0.0000000,0.0000000,
1888.500,0.000009,0.000000,0.000000,Landed,0.0000000,360.0000000,
1889.000,0.000006,0.000000,0.000000,Landed,0.0000000,360.0000000,
1889.500,0.000005,0.000000,0.000000,Landed,0.0000000,360.0000000,
1890.000,0.000005,0.000000,0.000000,Landed,0.0000000,360.0000000,
1890.500,0.000007,0.000000,0.000000,Landed,0.0000000,360.0000000,
1891.000,0.000011,0.000000,0.000000,Landed,0.0000000,360.0000000,
1891.500,-0.000014,0.000000,0.000000,Landed,0.0000000,360.0000000,
1892.000,-0.000007,0.000000,0.000000,Landed,0.0000000,360.0000000,
1892.500,0.000002,0.000000,0.000000,Landed,0.0000000,360.0000000,
1893.000,0.000012,0.000000,0.000000,Landed,0.0000000,360.0000000,
1893.500,-0.000007,0.000000,0.000000,Landed,0.0000000,360.0000000,
1894.000,0.000006,0.000000,0.000000,Landed,0.0000000,360.0000000,
1894.500,-0.000010,0.000000,0.000000,Landed,0.0000000,360.0000000,
1895.000,0.000007,0.000000,0.000000,Landed,0.0000000,360.0000000,
1895.500,-0.000006,0.000000,0.000000,Landed,0.0000000,360.0000000,
1896.000,0.000013,0.000000,0.000000,Landed,0.0000000,360.0000000,
1896.500,0.000003,0.000000,0.000000,Landed,0.0000000,360.0000000,
1897.000,-0.000005,0.000000,0.000000,Landed,0.0000000,360.0000000,
1897.500,-0.000011,0.000000,0.000000,Landed,0.0000000,360.0000000,
1898.000,0.000014,0.000000,0.000000,Landed,0.0000000,360.0000000,
1898.500,0.000010,0.000000,0.000000,Landed,0.0000000,360.0000000,
1899.000,0.000007,0.000000,0.000000,Landed,0.0000000,360.0000000,
1899.500,0.000005,0.000000,0.000000,Landed,0.0000000,360.0000000,
1900.000,0.000005,0.000000,0.000000,Landed,0.0000000,360.0000000,
1900.500,0.000007,0.000000,0.000000,Landed,0.0000000,360.0000000,
1901.000,0.000009,0.000000,0.000000,Landed,0.0000000,360.0000000,
1901.500,0.000013,0.000000,0.000000,Landed,0.0000000,360.0000000,
1902.000,-0.000012,0.000000,0.000000,Landed,0.0000000,360.0000000,
1902.500,-0.000004,0.000000,0.000000,Landed,0.0000000,360.0000000,
1903.000,0.000005,0.000000,0.000000,Landed,0.0000000,360.0000000,
1903.500,0.000014,0.000000,0.000000,Landed,0.0000000,360.0000000,
1904.000,-0.000005,0.000000,0.000000,Landed,0.0000000,360.0000000,
1904.500,0.000008,0.000000,0.000000,Landed,0.0000000,360.0000000,
1905.000,-0.000009,0.000000,0.000000,Landed,0.0000000,360.0000000,
1905.500,0.000007,0.000000,0.000000,Landed,0.0000000,360.0000000,
1906.000,-0.000006,0.000000,0.000000,Landed,0.0000000,360.0000000,
1906.500,0.000012,0.000000,0.000000,Landed,0.0000000,360.0000000,
1907.000,0.000001,0.000000,0.000000,Landed,0.0000000,360.0000000,
1907.500,-0.000008,0.000000,0.000000,Landed,0.0000000,360.0000000,
1908.000,0.000014,0.000000,0.000000,Landed,0.0000000,360.0000000,
1908.500,0.000007,0.000000,0.000000,Landed,0.0000000,360.0000000,
1909.000,0.000001,0.000000,0.000000,Landed,0.0000000,360.0000000,
1909.500,-0.000003,0.000000,0.000000,Landed,0.0000000,360.0000000,
1910.000,-0.000006,0.000000,0.000000,Landed,0.0000000,360.0000000,
1910.500,-0.000007,0.000000,0.000000,Landed,0.0000000,360.0000000,
1911.000,-0.000007,0.000000,0.000000,Landed,0.0000000,360.0000000,
1911.500,-0.000006,0.000000,0.000000,Landed,0.0000000,360.0000000,
1912.000,-0.000003,0.000000,0.000000,Landed,0.0000000,360.0000000,
1912.500,-0.000000,0.000000,0.000000,Landed,0.0000000,360.0000000,
1913.000,0.000004,0.000000,0.000000,Landed,0.0000000,360.0000000,
1913.500,0.000009,0.000000,0.000000,Landed,0.0000000,360.0000000,
1914.000,-0.000014,0.000000,0.000000,Landed,0.0000000,360.0000000,
1914.500,-0.000006,0.000000,0.000000,Landed,0.0000000,360.0000000,
1915.000,0.000004,0.000000,0.000000,Landed,0.0000000,360.0000000,
1915.500,0.000014,0.000000,0.000000,Landed,0.0000000,360.0000000,
1916.000,-0.000006,0.000000,0.000000,Landed,0.0000000,360.0000000,
1916.500,0.000007,0.000000,0.000000,Landed,0.0000000,360.0000000,
1917.000,-0.000010,0.000000,0.000000,Landed,0.0000000,360.0000000,
1917.500,0.000005,0.000000,0.000000,Landed,0.0000000,360.0000000,
1918.000,-0.000008,0.000000,0.000000,Landed,0.0000000,360.0000000,
1918.500,0.000009,0.000000,0.000000,Landed,0.0000000,360.0000000,
1919.000,-0.000002,0.000000,0.000000,Landed,0.0000000,360.0000000,
1919.500,-0.000012,0.000000,0.000000,Landed,0.0000000,360.0000000,
1920.000,0.000009,0.000000,0.000000,Landed,0.0000000,360.0000000,
1920.500,0.000000,0.000000,0.000000,Landed,0.0000000,360.0000000,
1921.000,-0.000007,0.000000,0.000000,Landed,0.0000000,360.0000000,
1921.500,-0.000012,0.000000,0.000000,Landed,0.0000000,360.0000000,
1922.000,0.000014,0.000000,0.000000,Landed,0.0000000,360.0000000,
1922.500,0.000009,0.000000,0.000000,Landed,0.0000000,360.0000000,
1923.000,0.000005,0.000000,0.000000,Landed,0.0000000,360.0000000,
1923.500,0.000003,0.000000,0.000000,Landed,0.0000000,360.0000000,
1924.000,0.000002,0.000000,0.000000,Landed,0.0000000,360.0000000,
1924.500,0.000002,0.000000,0.000000,Landed,0.0000000,360.0000000,
1925.000,0.000003,0.000000,0.000000,Landed,0.0000000,360.0000000,
1925.500,0.000005,0.000000,0.000000,Landed,0.0000000,360.0000000,
1926.000,0.000008,0.000000,0.000000,Landed,0.0000000,360.0000000,
1926.500,0.000012,0.000000,0.000000,Landed,0.0000000,360.0000000,
1927.000,-0.000014,0.000000,0.000000,Landed,0.0000000,360.0000000,
1927.500,-0.000006,0.000000,0.000000,Landed,0.0000000,360.0000000,
1928.000,0.000001,0.000000,0.000000,Landed,0.0000000,360.0000000,
1928.500,0.000009,0.000000,0.000000,Landed,0.0000000,360.0000000,
1929.000,-0.000012,0.000000,0.000000,Landed,0.0000000,360.0000000,
1929.500,-0.000001,0.000000,0.000000,Landed,0.0000000,360.0000000,
1930.000,0.000010,0.000000,0.000000,Landed,0.0000000,360.0000000,
1930.500,-0.000009,0.000000,0.000000,Landed,0.0000000,360.0000000,
1931.000,0.000004,0.000000,0.000000,Landed,0.0000000,360.0000000,
1931.500,-0.000012,0.000000,0.000000,Landed,0.0000000,360.0000000,
1932.000,0.000003,0.000000,0.000000,Landed,0.0000000,360.0000000,
1932.500,-0.000011,0.000000,0.000000,Landed,0.0000000,360.0000000,
1933.000,0.000007,0.000000,0.000000,Landed,0.0000000,360.0000000,
1933.500,-0.000005,0.000000,0.000000,Landed,0.0000000,360.0000000,
1934.000,0.000014,0.000000,0.000000,Landed,0.0000000,360.0000000,
1934.500,0.000002,0.000000,0.000000,Landed,0.0000000,360.0000000,
1935.000,-0.000007,0.000000,0.000000,Landed,0.0000000,360.0000000,
1935.500,0.000015,0.000000,0.000000,Landed,0.0000000,360.0000000,
1936.000,0.000006,0.000000,0.000000,Landed,0.0000000,360.0000000,
1936.500,-0.000001,0.000000,0.000000,Landed,0.0000000,360.0000000,
1937.000,-0.000007,0.000000,0.000000,Landed,0.0000000,360.0000000,
1937.500,-0.000012,0.000000,0.000000,Landed,0.0000000,360.0000000,
1938.000,0.000014,0.000000,0.000000,Landed,0.0000000,360.0000000,
1938.500,0.000010,0.000000,0.000000,Landed,0.0000000,360.0000000,
1939.000,0.000006,0.000000,0.000000,Landed,0.0000000,360.0000000,
1939.500,0.000004,0.000000,0.000000,Landed,0.0000000,360.0000000,
1940.000,0.000002,0.000000,0.000000,Landed,0.0000000,360.0000000,
1940.500,0.000002,0.000000,0.000000,Landed,0.0000000,360.0000000,
1941.000,0.000002,0.000000,0.000000,Landed,0.0000000,360.0000000,
1941.500,0.000003,0.000000,0.000000,Landed,0.0000000,360.0000000,
1942.000,0.000004,0.000000,0.000000,Landed,0.0000000,360.0000000,
1942.500,0.000007,0.000000,0.000000,Landed,0.0000000,360.0000000,
1943.000,0.000010,0.000000,0.000000,Landed,0.0000000,360.0000000,
1943.500,0.000013,0.000000,0.000000,Landed,0.0000000,360.0000000,
1944.000,-0.000013,0.000000,0.000000,Landed,0.0000000,360.0000000,
1944.500,-0.000006,0.000000,0.000000,Landed,0.0000000,360.0000000,
1945.000,0.000000,0.000000,0.000000,Landed,0.0000000,360.0000000,
1945.500,0.000007,0.000000,0.000000,Landed,0.0000000,360.0000000,
1946.000,0.000014,0.000000,0.000000,Landed,0.0000000,360.0000000,
1946.500,-0.000008,0.000000,0.000000,Landed,0.0000000,360.0000000,
1947.000,0.000001,0.000000,0.000000,Landed,0.0000000,360.0000000,
1947.500,0.000011,0.000000,0.000000,Landed,0.0000000,360.0000000,
1948.000,-0.000009,0.000000,0.000000,Landed,0.0000000,360.0000000,
1948.500,0.000002,0.000000,0.000000,Landed,0.0000000,360.0000000,
1949.000,0.000014,0.000000,0.000000,Landed,0.0000000,360.0000000,
1949.500,-0.000005,0.000000,0.000000,Landed,0.0000000,360.0000000,
1950.000,0.000009,0.000000,0.000000,Landed,0.0000000,360.0000000,
1950.500,-0.000008,0.000000,0.000000,Landed,0.0000000,360.0000000,
1951.000,0.000006,0.000000,0.000000,Landed,0.0000000,360.0000000,
1951.500,-0.000008,0.000000,0.000000,Landed,0.0000000,360.0000000,
1952.000,0.000008,0.000000,0.000000,Landed,0.0000000,360.0000000,
1952.500,-0.000006,0.000000,0.000000,Landed,0.0000000,360.0000000,
1953.000,0.000012,0.000000,0.000000,Landed,0.0000000,360.0000000,
1953.500,-0.000001,0.000000,0.000000,Landed,0.0000000,360.0000000,
1954.000,-0.000012,0.000000,0.000000,Landed,0.0000000,360.0000000,
1954.500,0.000008,0.000000,0.000000,Landed,0.0000000,360.0000000,
1955.000,-0.000003,0.000000,0.000000,Landed,0.0000000,360.0000000,
1955.500,-0.000013,0.000000,0.000000,Landed,0.0000000,360.0000000,
1956.000,0.000009,0.000000,0.000000,Landed,0.0000000,360.0000000,
1956.500,-0.000001,0.000000,0.000000,Landed,0.0000000,360.0000000,
1957.000,-0.000009,0.000000,0.000000,Landed,0.0000000,360.0000000,
1957.500,0.000014,0.000000,0.000000,Landed,0.0000000,360.0000000,
1958.000,0.000006,0.000000,0.000000,Landed,0.0000000,360.0000000,
1958.500,-0.000001,0.000000,0.000000,Landed,0.0000000,360.0000000,
1959.000,-0.000007,0.000000,0.000000,Landed,0.0000000,360.0000000,
1959.500,-0.000012,0.000000,0.000000,Landed,0.0000000,360.0000000,
1960.000,0.000014,0.000000,0.000000,Landed,0.0000000,360.0000000,
1960.500,0.000008,0.000000,0.000000,Landed,0.0000000,360.0000000,
1961.000,0.000003,0.000000,0.000000,Landed,0.0000000,360.0000000,
1961.500,-0.000001,0.000000,0.000000,Landed,0.0000000,360.0000000,
1962.000,-0.000004,0.000000,0.000000,Landed,0.0000000,360.0000000,
1962.500,-0.000006,0.000000,0.000000,Landed,0.0000000,360.0000000,
1963.000,-0.000008,0.000000,0.000000,Landed,0.0000000,360.0000000,
1963.500,-0.000009,0.000000,0.000000,Landed,0.0000000,360.0000000,
1964.000,-0.000010,0.000000,0.000000,Landed,0.0000000,360.0000000,
1964.500,-0.000010,0.000000,0.000000,Landed,0.0000000,360.0000000,
1965.000,-0.000010,0.000000,0.000000,Landed,0.0000000,360.0000000,
1965.500,-0.000010,0.000000,0.000000,Landed,0.0000000,360.0000000,
1966.000,-0.000009,0.000000,0.000000,Landed,0.0000000,360.0000000,
1966.500,-0.000007,0.000000,0.000000,Landed,0.0000000,360.0000000,
1967.000,-0.000006,0.000000,0.000000,Landed,0.0000000,360.0000000,
1967.500,-0.000004,0.000000,0.000000,Landed,0.0000000,360.0000000,
1968.000,-0.000002,0.000000,0.000000,Landed,0.0000000,360.0000000,
1968.500,0.000000,0.000000,0.000000,Landed,0.0000000,360.0000000,
1969.000,0.000003,0.000000,0.000000,Landed,0.0000000,360.0000000,
1969.500,0.000005,0.000000,0.000000,Landed,0.0000000,360.0000000,
1970.000,0.000008,0.000000,0.000000,Landed,0.0000000,360.0000000,
1970.500,0.000010,0.000000,0.000000,Landed,0.0000000,360.0000000,
1971.000,0.000013,0.000000,0.000000,Landed,0.0000000,360.0000000,
1971.500,-0.000013,0.000000,0.000000,Landed,0.0000000,360.0000000,
1972.000,-0.000008,0.000000,0.000000,Landed,0.0000000,360.0000000,
1972.500,-0.000003,0.000000,0.000000,Landed,0.0000000,360.0000000,
1973.000,0.000003,0.000000,0.000000,Landed,0.0000000,360.0000000,
1973.500,0.000008,0.000000,0.000000,Landed,0.0000000,360.0000000,
1974.000,0.000012,0.000000,0.000000,Landed,0.0000000,360.0000000,
1974.500,-0.000012,0.000000,0.000000,Landed,0.0000000,360.0000000,
1975.000,-0.000005,0.000000,0.000000,Landed,0.0000000,360.0000000,
1975.500,0.000001,0.000000,0.000000,Landed,0.0000000,360.0000000,
1976.000,0.000008,0.000000,0.000000,Landed,0.0000000,360.0000000,
1976.500,0.000014,0.000000,0.000000,Landed,0.0000000,360.0000000,
1977.000,-0.000010,0.000000,0.000000,Landed,0.0000000,360.0000000,
1977.500,-0.000002,0.000000,0.000000,Landed,0.0000000,360.0000000,
1978.000,0.000006,0.000000,0.000000,Landed,0.0000000,360.0000000,
1978.500,0.000013,0.000000,0.000000,Landed,0.0000000,360.0000000,
1979.000,-0.000010,0.000000,0.000000,Landed,0.0000000,360.0000000,
1979.500,-0.000001,0.000000,0.000000,Landed,0.0000000,360.0000000,
1980.000,0.000007,0.000000,0.000000,Landed,0.0000000,360.0000000,
1980.500,-0.000015,0.000000,0.000000,Landed,0.0000000,360.0000000,
1981.000,-0.000005,0.000000,0.000000,Landed,0.0000000,360.0000000,
1981.500,0.000004,0.000000,0.000000,Landed,0.0000000,360.0000000,
1982.000,0.000013,0.000000,0.000000,Landed,0.0000000,360.0000000,
1982.500,-0.000009,0.000000,0.000000,Landed,0.0000000,360.0000000,
1983.000,0.000001,0.000000,0.000000,Landed,0.0000000,360.0000000,
1983.500,0.000010,0.000000,0.000000,Landed,0.0000000,360.0000000,
1984.000,-0.000011,0.000000,0.000000,Landed,0.0000000,360.0000000,
1984.500,-0.000000,0.000000,0.000000,Landed,0.0000000,360.0000000,
1985.000,0.000009,0.000000,0.000000,Landed,0.0000000,360.0000000,
1985.500,-0.000011,0.000000,0.000000,Landed,0.0000000,360.0000000,
1986.000,-0.000001,0.000000,0.000000,Landed,0.0000000,360.0000000,
1986.500,0.000009,0.000000,0.000000,Landed,0.0000000,360.0000000,
1987.000,-0.000011,0.000000,0.000000,Landed,0.0000000,360.0000000,
1987.500,0.000000,0.000000,0.000000,Landed,0.0000000,360.0000000,
1988.000,0.000010,0.000000,0.000000,Landed,0.0000000,360.0000000,
1988.500,-0.000010,0.000000,0.000000,Landed,0.0000000,360.0000000,
1989.000,0.000001,0.000000,0.000000,Landed,0.0000000,360.0000000,
1989.500,0.000011,0.000000,0.000000,Landed,0.0000000,360.0000000,
1990.000,-0.000009,0.000000,0.000000,Landed,0.0000000,360.0000000,
1990.500,0.000002,0.000000,0.000000,Landed,0.0000000,360.0000000,
1991.000,0.000012,0.000000,0.000000,Landed,0.0000000,360.0000000,
1991.500,-0.000008,0.000000,0.000000,Landed,0.0000000,360.0000000,
1992.000,0.000003,0.000000,0.000000,Landed,0.0000000,360.0000000,
1992.500,0.000013,0.000000,0.000000,Landed,0.0000000,360.0000000,
1993.000,-0.000007,0.000000,0.000000,Landed,0.0000000,360.0000000,
1993.500,0.000004,0.000000,0.000000,Landed,0.0000000,360.0000000,
1994.000,0.000014,0.000000,0.000000,Landed,0.0000000,360.0000000,
1994.500,-0.000006,0.000000,0.000000,Landed,0.0000000,360.0000000,
1995.000,0.000005,0.000000,0.000000,Landed,0.0000000,360.0000000,
1995.500,0.000014,0.000000,0.000000,Landed,0.0000000,360.0000000,
1996.000,-0.000006,0.000000,0.000000,Landed,0.0000000,360.0000000,
1996.500,0.000004,0.000000,0.000000,Landed,0.0000000,360.0000000,
1997.000,0.000014,0.000000,0.000000,Landed,0.0000000,360.0000000,
1997.500,-0.000007,0.000000,0.000000,Landed,0.0000000,360.0000000,
1998.000,0.000004,0.000000,0.000000,Landed,0.0000000,360.0000000,
1998.500,0.000013,0.000000,0.000000,Landed,0.0000000,360.0000000,
1999.000,-0.000008,0.000000,0.000000,Landed,0.0000000,360.0000000,
1999.500,0.000003,0.000000,0.000000,Landed,0.0000000,360.0000000,
2000.000,0.000012,0.000000,0.000000,Landed,0.0000000,360.0000000,
2000.500,-0.000009,0.000000,0.000000,Landed,0.0000000,360.0000000,
2001.000,0.000001,0.000000,0.000000,Landed,0.0000000,360.0000000,
2001.500,0.000010,0.000000,0.000000,Landed,0.0000000,360.0000000,
2002.000,-0.000012,0.000000,0.000000,Landed,0.0000000,360.0000000,
2002.500,-0.000002,0.000000,0.000000,Landed,0.0000000,360.0000000,
2003.000,0.000007,0.000000,0.000000,Landed,0.0000000,360.0000000,
2003.500,0.000015,0.000000,0.000000,Landed,0.0000000,360.0000000,
2004.000,-0.000008,0.000000,0.000000,Landed,0.0000000,360.0000000,
2004.500,0.000001,0.000000,0.000000,Landed,0.0000000,360.0000000,
2005.000,0.000009,0.000000,0.000000,Landed,0.0000000,360.0000000,
2005.500,-0.000014,0.000000,0.000000,Landed,0.0000000,360.0000000,
2006.000,-0.000005,0.000000,0.000000,Landed,0.0000000,360.0000000,
2006.500,0.000003,0.000000,0.000000,Landed,0.0000000,360.0000000,
2007.000,0.000009,0.000000,0.000000,Landed,0.0000000,360.0000000,
2007.500,-0.000014,0.000000,0.000000,Landed,0.0000000,360.0000000,
2008.000,-0.000006,0.000000,0.000000,Landed,0.0000000,360.0000000,
2008.500,0.000001,0.000000,0.000000,Landed,0.0000000,360.0000000,
2009.000,0.000007,0.000000,0.000000,Landed,0.0000000,360.0000000,
2009.500,0.000012,0.000000,0.000000,Landed,0.0000000,360.0000000,
2010.000,-0.000013,0.000000,0.000000,Landed,0.0000000,360.0000000,
2010.500,-0.000007,0.000000,0.000000,Landed,0.0000000,360.0000000,
2011.000,-0.000001,0.000000,0.000000,Landed,0.0000000,360.0000000,
2011.500,0.000004,0.000000,0.000000,Landed,0.0000000,360.0000000,
2012.000,0.000008,0.000000,0.000000,Landed,0.0000000,360.0000000,
2012.500,0.000011,0.000000,0.000000,Landed,0.0000000,360.0000000,
2013.000,0.000014,0.000000,0.000000,Landed,0.0000000,360.0000000,
2013.500,-0.000013,0.000000,0.000000,Landed,0.0000000,360.0000000,
2014.000,-0.000009,0.000000,0.000000,Landed,0.0000000,360.0000000,
2014.500,-0.000005,0.000000,0.000000,Landed,0.0000000,360.0000000,
2015.000,-0.000002,0.000000,0.000000,Landed,0.0000000,360.0000000,
2015.500,0.000000,0.000000,0.000000,Landed,0.0000000,360.0000000,
2016.000,0.000002,0.000000,0.000000,Landed,0.0000000,360.0000000,
2016.500,0.000003,0.000000,0.000000,Landed,0.0000000,360.0000000,
2017.000,0.000004,0.000000,0.000000,Landed,0.0000000,360.0000000,
2017.500,0.000004,0.000000,0.000000,Landed,0.0000000,360.0000000,
2018.000,0.000004,0.000000,0.000000,Landed,0.0000000,360.0000000,
2018.500,0.000004,0.000000,0.000000,Landed,0.0000000,360.0000000,
2019.000,0.000003,0.000000,0.000000,Landed,0.0000000,360.0000000,
2019.500,0.000002,0.000000,0.000000,Landed,0.0000000,360.0000000,
2020.000,0.000000,0.000000,0.000000,Landed,0.0000000,360.0000000,
2020.500,-0.000001,0.000000,0.000000,Landed,0.0000000,360.0000000,
2021.000,-0.000004,0.000000,0.000000,Landed,0.0000000,360.0000000,
2021.500,-0.000006,0.000000,0.000000,Landed,0.0000000,360.0000000,
2022.000,-0.000008,0.000000,0.000000,Landed,0.0000000,360.0000000,
2022.500,-0.000011,0.000000,0.000000,Landed,0.0000000,360.0000000,
2023.000,-0.000014,0.000000,0.000000,Landed,0.0000000,360.0000000,
2023.500,0.000012,0.000000,0.000000,Landed,0.0000000,360.0000000,
2024.000,0.000006,0.000000,0.000000,Landed,0.0000000,360.0000000,
2024.500,0.000000,0.000000,0.000000,Landed,0.0000000,360.0000000,
2025.000,-0.000006,0.000000,0.000000,Landed,0.0000000,360.0000000,
2025.500,-0.000012,0.000000,0.000000,Landed,0.0000000,360.0000000,
2026.000,0.000012,0.000000,0.000000,Landed,0.0000000,360.0000000,
2026.500,0.000003,0.000000,0.000000,Landed,0.0000000,360.0000000,
2027.000,-0.000005,0.000000,0.000000,Landed,0.0000000,360.0000000,
2027.500,-0.000013,0.000000,0.000000,Landed,0.0000000,360.0000000,
2028.000,0.000009,0.000000,0.000000,Landed,0.0000000,360.0000000,
2028.500,-0.000002,0.000000,0.000000,Landed,0.0000000,360.0000000,
2029.000,-0.000012,0.000000,0.000000,Landed,0.0000000,360.0000000,
2029.500,0.000008,0.000000,0.000000,Landed,0.0000000,360.0000000,
2030.000,-0.000004,0.000000,0.000000,Landed,0.0000000,360.0000000,
2030.500,0.000014,0.000000,0.000000,Landed,0.0000000,360.0000000,
2031.000,0.000000,0.000000,0.000000,Landed,0.0000000,360.0000000,
2031.500,-0.000013,0.000000,0.000000,Landed,0.0000000,360.0000000,
2032.000,0.000004,0.000000,0.000000,Landed,0.0000000,360.0000000,
2032.500,-0.000010,0.000000,0.000000,Landed,0.0000000,360.0000000,
2033.000,0.000005,0.000000,0.000000,Landed,0.0000000,360.0000000,
2033.500,-0.000012,0.000000,0.000000,Landed,0.0000000,360.0000000,
2034.000,0.000002,0.000000,0.000000,Landed,0.0000000,360.0000000,
2034.500,0.000014,0.000000,0.000000,Landed,0.0000000,360.0000000,
2035.000,-0.000005,0.000000,0.000000,Landed,0.0000000,360.0000000,
2035.500,0.000006,0.000000,0.000000,Landed,0.0000000,360.0000000,
2036.000,-0.000014,0.000000,0.000000,Landed,0.0000000,360.0000000,
2036.500,-0.000003,0.000000,0.000000,Landed,0.0000000,360.0000000,
2037.000,0.000006,0.000000,0.000000,Landed,0.0000000,360.0000000,
2037.500,0.000013,0.000000,0.000000,Landed,0.0000000,360.0000000,
2038.000,-0.000010,0.000000,0.000000,Landed,0.0000000,360.0000000,
2038.500,-0.000002,0.000000,0.000000,Landed,0.0000000,360.0000000,
2039.000,0.000004,0.000000,0.000000,Landed,0.0000000,360.0000000,
2039.500,0.000009,0.000000,0.000000,Landed,0.0000000,360.0000000,
2040.000,0.000013,0.000000,0.000000,Landed,0.0000000,360.0000000,
2040.500,-0.000014,0.000000,0.000000,Landed,0.0000000,360.0000000,
2041.000,-0.000010,0.000000,0.000000,Landed,0.0000000,360.0000000,
2041.500,-0.000006,0.000000,0.000000,Landed,0.0000000,360.0000000,
2042.000,-0.000004,0.000000,0.000000,Landed,0.0000000,360.0000000,
2042.500,-0.000003,0.000000,0.000000,Landed,0.0000000,360.0000000,
2043.000,-0.000003,0.000000,0.000000,Landed,0.0000000,360.0000000,
2043.500,-0.000003,0.000000,0.000000,Landed,0.0000000,360.0000000,
2044.000,-0.000004,0.000000,0.000000,Landed,0.0000000,360.0000000,
2044.500,-0.000006,0.000000,0.000000,Landed,0.0000000,360.0000000,
2045.000,-0.000009,0.000000,0.000000,Landed,0.0000000,360.0000000,
2045.500,-0.000012,0.000000,0.000000,Landed,0.0000000,360.0000000,
2046.000,0.000014,0.000000,0.000000,Landed,0.0000000,360.0000000,
2046.500,0.000007,0.000000,0.000000,Landed,0.0000000,360.0000000,
2047.000,0.000000,0.000000,0.000000,Landed,0.0000000,360.0000000,
2047.500,-0.000007,0.000000,0.000000,Landed,0.0000000,360.0000000,
2048.000,-0.000014,0.000000,0.000000,Landed,0.0000000,360.0000000,
2048.500,0.000007,0.000000,0.000000,Landed,0.0000000,360.0000000,
2049.000,-0.000003,0.000000,0.000000,Landed,0.0000000,360.0000000,
2049.500,-0.000013,0.000000,0.000000,Landed,0.0000000,360.0000000,
2050.000,0.000006,0.000000,0.000000,Landed,0.0000000,360.0000000,
2050.500,-0.000007,0.000000,0.000000,Landed,0.0000000,360.0000000,
2051.000,0.000010,0.000000,0.000000,Landed,0.0000000,360.0000000,
2051.500,-0.000005,0.000000,0.000000,Landed,0.0000000,360.0000000,
2052.000,0.000009,0.000000,0.000000,Landed,0.0000000,360.0000000,
2052.500,-0.000008,0.000000,0.000000,Landed,0.0000000,360.0000000,
2053.000,0.000004,0.000000,0.000000,Landed,0.0000000,360.0000000,
2053.500,-0.000015,0.000000,0.000000,Landed,0.0000000,360.0000000,
2054.000,-0.000003,0.000000,0.000000,Landed,0.0000000,360.0000000,
2054.500,0.000006,0.000000,0.000000,Landed,0.0000000,360.0000000,
2055.000,0.000014,0.000000,0.000000,Landed,0.0000000,360.0000000,
2055.500,-0.000010,0.000000,0.000000,Landed,0.0000000,360.0000000,
2056.000,-0.000003,0.000000,0.000000,Landed,0.0000000,360.0000000,
2056.500,0.000003,0.000000,0.000000,Landed,0.0000000,360.0000000,
2057.000,0.000007,0.000000,0.000000,Landed,0.0000000,360.0000000,
2057.500,0.000010,0.000000,0.000000,Landed,0.0000000,360.0000000,
2058.000,0.000011,0.000000,0.000000,Landed,0.0000000,360.0000000,
2058.500,0.000011,0.000000,0.000000,Landed,0.0000000,360.0000000,
2059.000,0.000011,0.000000,0.000000,Landed,0.0000000,360.0000000,
2059.500,0.000009,0.000000,0.000000,Landed,0.0000000,360.0000000,
2060.000,0.000007,0.000000,0.000000,Landed,0.0000000,360.0000000,
2060.500,0.000003,0.000000,0.000000,Landed,0.0000000,360.0000000,
2061.000,-0.000001,0.000000,0.000000,Landed,0.0000000,360.0000000,
2061.500,-0.000006,0.000000,0.000000,Landed,0.0000000,360.0000000,
2062.000,-0.000011,0.000000,0.000000,Landed,0.0000000,360.0000000,
2062.500,0.000012,0.000000,0.000000,Landed,0.0000000,360.0000000,
2063.000,0.000003,0.000000,0.000000,Landed,0.0000000,360.0000000,
2063.500,-0.000007,0.000000,0.000000,Landed,0.0000000,360.0000000,
2064.000,0.000013,0.000000,0.000000,Landed,0.0000000,360.0000000,
2064.500,0.000001,0.000000,0.000000,Landed,0.0000000,360.0000000,
2065.000,-0.000012,0.000000,0.000000,Landed,0.0000000,360.0000000,
2065.500,0.000005,0.000000,0.000000,Landed,0.0000000,360.0000000,
2066.000,-0.000011,0.000000,0.000000,Landed,0.0000000,360.0000000,
2066.500,0.000003,0.000000,0.000000,Landed,0.0000000,360.0000000,
2067.000,0.000015,0.000000,0.000000,Landed,0.0000000,360.0000000,
2067.500,-0.000006,0.000000,0.000000,Landed,0.0000000,360.0000000,
2068.000,0.000004,0.000000,0.000000,Landed,0.0000000,360.0000000,
2068.500,0.000012,0.000000,0.000000,Landed,0.0000000,360.0000000,
2069.000,-0.000011,0.000000,0.000000,Landed,0.0000000,360.0000000,
2069.500,-0.000004,0.000000,0.000000,Landed,0.0000000,360.0000000,
2070.000,0.000001,0.000000,0.000000,Landed,0.0000000,360.0000000,
2070.500,0.000005,0.000000,0.000000,Landed,0.0000000,360.0000000,
2071.000,0.000007,0.000000,0.000000,Landed,0.0000000,360.0000000,
2071.500,0.000007,0.000000,0.000000,Landed,0.0000000,360.0000000,
2072.000,0.000007,0.000000,0.000000,Landed,0.0000000,360.0000000,
2072.500,0.000005,0.000000,0.000000,Landed,0.0000000,360.0000000,
2073.000,0.000002,0.000000,0.000000,Landed,0.0000000,360.0000000,
2073.500,-0.000002,0.000000,0.000000,Landed,0.0000000,360.0000000,
2074.000,-0.000007,0.000000,0.000000,Landed,0.0000000,360.0000000,
2074.500,-0.000012,0.000000,0.000000,Landed,0.0000000,360.0000000,
2075.000,0.000011,0.000000,0.000000,Landed,0.0000000,360.0000000,
2075.500,0.000001,0.000000,0.000000,Landed,0.0000000,360.0000000,
2076.000,-0.000009,0.000000,0.000000,Landed,0.0000000,360.0000000,
2076.500,0.000010,0.000000,0.000000,Landed,0.0000000,360.0000000,
2077.000,-0.000004,0.000000,0.000000,Landed,0.0000000,360.0000000,
2077.500,0.000012,0.000000,0.000000,Landed,0.0000000,360.0000000,
2078.000,-0.000005,0.000000,0.000000,Landed,0.0000000,360.0000000,
2078.500,0.000008,0.000000,0.000000,Landed,0.0000000,360.0000000,
2079.000,-0.000011,0.000000,0.000000,Landed,0.0000000,360.0000000,
2079.500,-0.000001,0.000000,0.000000,Landed,0.0000000,360.0000000,
2080.000,0.000008,0.000000,0.000000,Landed,0.0000000,360.0000000,
2080.500,0.000014,0.000000,0.000000,Landed,0.0000000,360.0000000,
2081.000,-0.000011,0.000000,0.000000,Landed,0.0000000,360.0000000,
2081.500,-0.000006,0.000000,0.000000,Landed,0.0000000,360.0000000,
2082.000,-0.000003,0.000000,0.000000,Landed,0.0000000,360.0000000,
2082.500,-0.000001,0.000000,0.000000,Landed,0.0000000,360.0000000,
2083.000,-0.000001,0.000000,0.000000,Landed,0.0000000,360.0000000,
2083.500,-0.000002,0.000000,0.000000,Landed,0.0000000,360.0000000,
2084.000,-0.000005,0.000000,0.000000,Landed,0.0000000,360.0000000,
2084.500,-0.000008,0.000000,0.000000,Landed,0.0000000,360.0000000,
2085.000,-0.000013,0.000000,0.000000,Landed,0.0000000,360.0000000,
2085.500,0.000011,0.000000,0.000000,Landed,0.0000000,360.0000000,
2086.000,0.000001,0.000000,0.000000,Landed,0.0000000,360.0000000,
2086.500,-0.000009,0.000000,0.000000,Landed,0.0000000,360.0000000,
2087.000,0.000010,0.000000,0.000000,Landed,0.0000000,360.0000000,
2087.500,-0.000003,0.000000,0.000000,Landed,0.0000000,360.0000000,
2088.000,0.000012,0.000000,0.000000,Landed,0.0000000,360.0000000,
2088.500,-0.000005,0.000000,0.000000,Landed,0.0000000,360.0000000,
2089.000,0.000007,0.000000,0.000000,Landed,0.0000000,360.0000000,
2089.500,-0.000013,0.000000,0.000000,Landed,0.0000000,360.0000000,
2090.000,-0.000003,0.000000,0.000000,Landed,0.0000000,360.0000000,
2090.500,0.000004,0.000000,0.000000,Landed,0.0000000,360.0000000,
2091.000,0.000009,0.000000,0.000000,Landed,0.0000000,360.0000000,
2091.500,0.000013,0.000000,0.000000,Landed,0.0000000,360.0000000,
2092.000,0.000014,0.000000,0.000000,Landed,0.0000000,360.0000000,
2092.500,0.000014,0.000000,0.000000,Landed,0.0000000,360.0000000,
2093.000,0.000012,0.000000,0.000000,Landed,0.0000000,360.0000000,
2093.500,0.000009,0.000000,0.000000,Landed,0.0000000,360.0000000,
2094.000,0.000004,0.000000,0.000000,Landed,0.0000000,360.0000000,
2094.500,-0.000001,0.000000,0.000000,Landed,0.0000000,360.0000000,
2095.000,-0.000008,0.000000,0.000000,Landed,0.0000000,360.0000000,
2095.500,0.000014,0.000000,0.000000,Landed,0.0000000,360.0000000,
2096.000,0.000003,0.000000,0.000000,Landed,0.0000000,360.0000000,
2096.500,-0.000009,0.000000,0.000000,Landed,0.0000000,360.0000000,
2097.000,0.000008,0.000000,0.000000,Landed,0.0000000,360.0000000,
2097.500,-0.000008,0.000000,0.000000,Landed,0.0000000,360.0000000,
2098.000,0.000005,0.000000,0.000000,Landed,0.0000000,360.0000000,
2098.500,-0.000014,0.000000,0.000000,Landed,0.0000000,360.0000000,
2099.000,-0.000004,0.000000,0.000000,Landed,0.0000000,360.0000000,
2099.500,0.000004,0.000000,0.000000,Landed,0.0000000,360.0000000,
2100.000,0.000010,0.000000,0.000000,Landed,0.0000000,360.0000000,
2100.500,0.000013,0.000000,0.000000,Landed,0.0000000,360.0000000,
2101.000,0.000014,0.000000,0.000000,Landed,0.0000000,360.0000000,
2101.500,0.000014,0.000000,0.000000,Landed,0.0000000,360.0000000,
2102.000,0.000012,0.000000,0.000000,Landed,0.0000000,360.0000000,
2102.500,0.000008,0.000000,0.000000,Landed,0.0000000,360.0000000,
2103.000,0.000003,0.000000,0.000000,Landed,0.0000000,360.0000000,
2103.500,-0.000003,0.000000,0.000000,Landed,0.0000000,360.0000000,
2104.000,-0.000010,0.000000,0.000000,Landed,0.0000000,360.0000000,
2104.500,0.000011,0.000000,0.000000,Landed,0.0000000,360.0000000,
2105.000,-0.000002,0.000000,0.000000,Landed,0.0000000,360.0000000,
2105.500,-0.000014,0.000000,0.000000,Landed,0.0000000,360.0000000,
2106.000,0.000001,0.000000,0.000000,Landed,0.0000000,360.0000000,
2106.500,0.000013,0.000000,0.000000,Landed,0.0000000,360.0000000,
2107.000,-0.000007,0.000000,0.000000,Landed,0.0000000,360.0000000,
2107.500,0.000003,0.000000,0.000000,Landed,0.0000000,360.0000000,
2108.000,0.000010,0.000000,0.000000,Landed,0.0000000,360.0000000,
2108.500,0.000014,0.000000,0.000000,Landed,0.0000000,360.0000000,
2109.000,-0.000013,0.000000,0.000000,Landed,0.0000000,360.0000000,
2109.500,-0.000010,0.000000,0.000000,Landed,0.0000000,360.0000000,
2110.000,-0.000009,0.000000,0.000000,Landed,0.0000000,360.0000000,
2110.500,-0.000010,0.000000,0.000000,Landed,0.0000000,360.0000000,
2111.000,-0.000013,0.000000,0.000000,Landed,0.0000000,360.0000000,
2111.500,0.000012,0.000000,0.000000,Landed,0.0000000,360.0000000,
2112.000,0.000003,0.000000,0.000000,Landed,0.0000000,360.0000000,
2112.500,-0.000006,0.000000,0.000000,Landed,0.0000000,360.0000000,
2113.000,0.000013,0.000000,0.000000,Landed,0.0000000,360.0000000,
2113.500,-0.000001,0.000000,0.000000,Landed,0.0000000,360.0000000,
2114.000,0.000013,0.000000,0.000000,Landed,0.0000000,360.0000000,
2114.500,-0.000006,0.000000,0.000000,Landed,0.0000000,360.0000000,
2115.000,0.000005,0.000000,0.000000,Landed,0.0000000,360.0000000,
2115.500,0.000012,0.000000,0.000000,Landed,0.0000000,360.0000000,
2116.000,-0.000012,0.000000,0.000000,Landed,0.0000000,360.0000000,
2116.500,-0.000006,0.000000,0.000000,Landed,0.0000000,360.0000000,
2117.000,-0.000003,0.000000,0.000000,Landed,0.0000000,360.0000000,
2117.500,-0.000002,0.000000,0.000000,Landed,0.0000000,360.0000000,
2118.000,-0.000004,0.000000,0.000000,Landed,0.0000000,360.0000000,
2118.500,-0.000007,0.000000,0.000000,Landed,0.0000000,360.0000000,
2119.000,-0.000011,0.000000,0.000000,Landed,0.0000000,360.0000000,
2119.500,0.000012,0.000000,0.000000,Landed,0.0000000,360.0000000,
2120.000,0.000002,0.000000,0.000000,Landed,0.0000000,360.0000000,
2120.500,-0.000010,0.000000,0.000000,Landed,0.0000000,360.0000000,
2121.000,0.000008,0.000000,0.000000,Landed,0.0000000,360.0000000,
2121.500,-0.000009,0.000000,0.000000,Landed,0.0000000,360.0000000,
2122.000,0.000003,0.000000,0.000000,Landed,0.0000000,360.0000000,
2122.500,0.000013,0.000000,0.000000,Landed,0.0000000,360.0000000,
2123.000,-0.000010,0.000000,0.000000,Landed,0.0000000,360.0000000,
2123.500,-0.000004,0.000000,0.000000,Landed,0.0000000,360.0000000,
2124.000,0.000000,0.000000,0.000000,Landed,0.0000000,360.0000000,
2124.500,0.000001,0.000000,0.000000,Landed,0.0000000,360.0000000,
2125.000,0.000001,0.000000,0.000000,Landed,0.0000000,360.0000000,
2125.500,-0.000002,0.000000,0.000000,Landed,0.0000000,360.0000000,
2126.000,-0.000006,0.000000,0.000000,Landed,0.0000000,360.0000000,
2126.500,-0.000013,0.000000,0.000000,Landed,0.0000000,360.0000000,
2127.000,0.000009,0.000000,0.000000,Landed,0.0000000,360.0000000,
2127.500,-0.000003,0.000000,0.000000,Landed,0.0000000,360.0000000,
2128.000,0.000014,0.000000,0.000000,Landed,0.0000000,360.0000000,
2128.500,-0.000003,0.000000,0.000000,Landed,0.0000000,360.0000000,
2129.000,0.000009,0.000000,0.000000,Landed,0.0000000,360.0000000,
2129.500,-0.000012,0.000000,0.000000,Landed,0.0000000,360.0000000,
2130.000,-0.000004,0.000000,0.000000,Landed,0.0000000,360.0000000,
2130.500,0.000002,0.000000,0.000000,Landed,0.0000000,360.0000000,
2131.000,0.000005,0.000000,0.000000,Landed,0.0000000,360.0000000,
2131.500,0.000005,0.000000,0.000000,Landed,0.0000000,360.0000000,
2132.000,0.000003,0.000000,0.000000,Landed,0.0000000,360.0000000,
2132.500,-0.000001,0.000000,0.000000,Landed,0.0000000,360.0000000,
2133.000,-0.000006,0.000000,0.000000,Landed,0.0000000,360.0000000,
2133.500,-0.000013,0.000000,0.000000,Landed,0.0000000,360.0000000,
2134.000,0.000007,0.000000,0.000000,Landed,0.0000000,360.0000000,
2134.500,-0.000006,0.000000,0.000000,Landed,0.0000000,360.0000000,
2135.000,0.000009,0.000000,0.000000,Landed,0.0000000,360.0000000,
2135.500,-0.000009,0.000000,0.000000,Landed,0.0000000,360.0000000,
2136.000,0.000002,0.000000,0.000000,Landed,0.0000000,360.0000000,
2136.500,0.000009,0.000000,0.000000,Landed,0.0000000,360.0000000,
2137.000,0.000014,0.000000,0.000000,Landed,0.0000000,360.0000000,
2137.500,-0.000014,0.000000,0.000000,Landed,0.0000000,360.0000000,
2138.000,-0.000012,0.000000,0.000000,Landed,0.0000000,360.0000000,
2138.500,-0.000012,0.000000,0.000000,Landed,0.0000000,360.0000000,
2139.000,-0.000014,0.000000,0.000000,Landed,0.0000000,360.0000000,
2139.500,0.000010,0.000000,0.000000,Landed,0.0000000,360.0000000,
2140.000,0.000001,0.000000,0.000000,Landed,0.0000000,360.0000000,
2140.500,-0.000009,0.000000,0.000000,Landed,0.0000000,360.0000000,
2141.000,0.000008,0.000000,0.000000,Landed,0.0000000,360.0000000,
2141.500,-0.000008,0.000000,0.000000,Landed,0.0000000,360.0000000,
2142.000,0.000004,0.000000,0.000000,Landed,0.0000000,360.0000000,
2142.500,0.000012,0.000000,0.000000,Landed,0.0000000,360.0000000,
2143.000,-0.000012,0.000000,0.000000,Landed,0.0000000,360.0000000,
2143.500,-0.000006,0.000000,0.000000,Landed,0.0000000,360.0000000,
2144.000,-0.000004,0.000000,0.000000,Landed,0.0000000,360.0000000,
2144.500,-0.000004,0.000000,0.000000,Landed,0.0000000,360.0000000,
2145.000,-0.000006,0.000000,0.000000,Landed,0.0000000,360.0000000,
2145.500,-0.000011,0.000000,0.000000,Landed,0.0000000,360.0000000,
2146.000,0.000012,0.000000,0.000000,Landed,0.0000000,360.0000000,
2146.500,0.000001,0.000000,0.000000,Landed,0.0000000,360.0000000,
2147.000,-0.000011,0.000000,0.000000,Landed,0.0000000,360.0000000,
2147.500,0.000004,0.000000,0.000000,Landed,0.0000000,360.0000000,
2148.000,-0.000014,0.000000,0.000000,Landed,0.0000000,360.0000000,
2148.500,-0.000004,0.000000,0.000000,Landed,0.0000000,360.0000000,
2149.000,0.000003,0.000000,0.000000,Landed,0.0000000,360.0000000,
2149.500,0.000007,0.000000,0.000000,Landed,0.0000000,360.0000000,
2150.000,0.000008,0.000000,0.000000,Landed,0.0000000,360.0000000,
2150.500,0.000007,0.000000,0.000000,Landed,0.0000000,360.0000000,
2151.000,0.000003,0.000000,0.000000,Landed,0.0000000,360.0000000,
2151.500,-0.000002,0.000000,0.000000,Landed,0.0000000,360.0000000,
2152.000,-0.000010,0.000000,0.000000,Landed,0.0000000,360.0000000,
2152.500,0.000010,0.000000,0.000000,Landed,0.0000000,360.0000000,
2153.000,-0.000004,0.000000,0.000000,Landed,0.0000000,360.0000000,
2153.500,0.000009,0.000000,0.000000,Landed,0.0000000,360.0000000,
2154.000,-0.000010,0.000000,0.000000,Landed,0.0000000,360.0000000,
2154.500,-0.000001,0.000000,0.000000,Landed,0.0000000,360.0000000,
2155.000,0.000005,0.000000,0.000000,Landed,0.0000000,360.0000000,
2155.500,0.000007,0.000000,0.000000,Landed,0.0000000,360.0000000,
2156.000,0.000007,0.000000,0.000000,Landed,0.0000000,360.0000000,
2156.500,0.000005,0.000000,0.000000,Landed,0.0000000,360.0000000,
2157.000,-0.000000,0.000000,0.000000,Landed,0.0000000,360.0000000,
2157.500,-0.000007,0.000000,0.000000,Landed,0.0000000,360.0000000,
2158.000,0.000013,0.000000,0.000000,Landed,0.0000000,360.0000000,
2158.500,-0.000000,0.000000,0.000000,Landed,0.0000000,360.0000000,
2159.000,0.000014,0.000000,0.000000,Landed,0.0000000,360.0000000,
2159.500,-0.000006,0.000000,0.000000,Landed,0.0000000,360.0000000,
2160.000,0.000004,0.000000,0.000000,Landed,0.0000000,360.0000000,
2160.500,0.000009,0.000000,0.000000,Landed,0.0000000,360.0000000,
2161.000,0.000012,0.000000,0.000000,Landed,0.0000000,360.0000000,
2161.500,0.000012,0.000000,0.000000,Landed,0.0000000,360.0000000,
2162.000,0.000009,0.000000,0.000000,Landed,0.0000000,360.0000000,
2162.500,0.000003,0.000000,0.000000,Landed,0.0000000,360.0000000,
2163.000,-0.000004,0.000000,0.000000,Landed,0.0000000,360.0000000,
2163.500,-0.000013,0.000000,0.000000,Landed,0.0000000,360.0000000,
2164.000,0.000005,0.000000,0.000000,Landed,0.0000000,360.0000000,
2164.500,-0.000011,0.000000,0.000000,Landed,0.0000000,360.0000000,
2165.000,0.000001,0.000000,0.000000,Landed,0.0000000,360.0000000,
2165.500,0.000009,0.000000,0.000000,Landed,0.0000000,360.0000000,
2166.000,0.000013,0.000000,0.000000,Landed,0.0000000,360.0000000,
2166.500,-0.000015,0.000000,0.000000,Landed,0.0000000,360.0000000,
2167.000,-0.000013,0.000000,0.000000,Landed,0.0000000,360.0000000,
2167.500,-0.000014,0.000000,0.000000,Landed,0.0000000,360.0000000,
2168.000,0.000011,0.000000,0.000000,Landed,0.0000000,360.0000000,
2168.500,0.000002,0.000000,0.000000,Landed,0.0000000,360.0000000,
2169.000,-0.000009,0.000000,0.000000,Landed,0.0000000,360.0000000,
2169.500,0.000007,0.000000,0.000000,Landed,0.0000000,360.0000000,
2170.000,-0.000010,0.000000,0.000000,Landed,0.0000000,360.0000000,
2170.500,0.000000,0.000000,0.000000,Landed,0.0000000,360.0000000,
2171.000,0.000007,0.000000,0.000000,Landed,0.0000000,360.0000000,
2171.500,0.000010,0.000000,0.000000,Landed,0.0000000,360.0000000,
2172.000,0.000010,0.000000,0.000000,Landed,0.0000000,360.0000000,
2172.500,0.000008,0.000000,0.000000,Landed,0.0000000,360.0000000,
2173.000,0.000002,0.000000,0.000000,Landed,0.0000000,360.0000000,
2173.500,-0.000005,0.000000,0.000000,Landed,0.0000000,360.0000000,
2174.000,0.000015,0.000000,0.000000,Landed,0.0000000,360.0000000,
2174.500,0.000000,0.000000,0.000000,Landed,0.0000000,360.0000000,
2175.000,0.000013,0.000000,0.000000,Landed,0.0000000,360.0000000,
2175.500,-0.000007,0.000000,0.000000,Landed,0.0000000,360.0000000,
2176.000,0.000000,0.000000,0.000000,Landed,0.0000000,360.0000000,
2176.500,0.000005,0.000000,0.000000,Landed,0.0000000,360.0000000,
2177.000,0.000006,0.000000,0.000000,Landed,0.0000000,360.0000000,
2177.500,0.000004,0.000000,0.000000,Landed,0.0000000,360.0000000,
2178.000,-0.000001,0.000000,0.000000,Landed,0.0000000,360.0000000,
2178.500,-0.000008,0.000000,0.000000,Landed,0.0000000,360.0000000,
2179.000,0.000012,0.000000,0.000000,Landed,0.0000000,360.0000000,
2179.500,-0.000003,0.000000,0.000000,Landed,0.0000000,360.0000000,
2180.000,0.000010,0.000000,0.000000,Landed,0.0000000,360.0000000,
2180.500,-0.000010,0.000000,0.000000,Landed,0.0000000,360.0000000,
2181.000,-0.000003,0.000000,0.000000,Landed,0.0000000,360.0000000,
2181.500,0.000001,0.000000,0.000000,Landed,0.0000000,360.0000000,
2182.000,0.000002,0.000000,0.000000,Landed,0.0000000,360.0000000,
2182.500,-0.000000,0.000000,0.000000,Landed,0.0000000,360.0000000,
2183.000,-0.000005,0.000000,0.000000,Landed,0.0000000,360.0000000,
2183.500,-0.000013,0.000000,0.000000,Landed,0.0000000,360.0000000,
2184.000,0.000007,0.000000,0.000000,Landed,0.0000000,360.0000000,
2184.500,-0.000008,0.000000,0.000000,Landed,0.0000000,360.0000000,
2185.000,0.000004,0.000000,0.000000,Landed,0.0000000,360.0000000,
2185.500,0.000013,0.000000,0.000000,Landed,0.0000000,360.0000000,
2186.000,-0.000013,0.000000,0.000000,Landed,0.0000000,360.0000000,
2186.500,-0.000009,0.000000,0.000000,Landed,0.0000000,360.0000000,
2187.000,-0.000008,0.000000,0.000000,Landed,0.0000000,360.0000000,
2187.500,-0.000011,0.000000,0.000000,Landed,0.0000000,360.0000000,
2188.000,0.000013,0.000000,0.000000,Landed,0.0000000,360.0000000,
2188.500,0.000002,0.000000,0.000000,Landed,0.0000000,360.0000000,
2189.000,-0.000011,0.000000,0.000000,Landed,0.0000000,360.0000000,
2189.500,0.000003,0.000000,0.000000,Landed,0.0000000,360.0000000,
2190.000,0.000012,0.000000,0.000000,Landed,0.0000000,360.0000000,
2190.500,-0.000012,0.000000,0.000000,Landed,0.0000000,360.0000000,
2191.000,-0.000007,0.000000,0.000000,Landed,0.0000000,360.0000000,
2191.500,-0.000006,0.000000,0.000000,Landed,0.0000000,360.0000000,
2192.000,-0.000008,0.000000,0.000000,Landed,0.0000000,360.0000000,
2192.500,-0.000013,0.000000,0.000000,Landed,0.0000000,360.0000000,
2193.000,0.000008,0.000000,0.000000,Landed,0.0000000,360.0000000,
2193.500,-0.000004,0.000000,0.000000,Landed,0.0000000,360.0000000,
2194.000,0.000009,0.000000,0.000000,Landed,0.0000000,360.0000000,
2194.500,-0.000011,0.000000,0.000000,Landed,0.0000000,360.0000000,
2195.000,-0.000003,0.000000,0.000000,Landed,0.0000000,360.0000000,
2195.500,0.000001,0.000000,0.000000,Landed,0.0000000,360.0000000,
2196.000,0.000002,0.000000,0.000000,Landed,0.0000000,360.0000000,
2196.500,-0.000001,0.000000,0.000000,Landed,0.0000000,360.0000000,
2197.000,-0.000006,0.000000,0.000000,Landed,0.0000000,360.0000000,
2197.500,-0.000015,0.000000,0.000000,Landed,0.0000000,360.0000000,
2198.000,0.000004,0.000000,0.000000,Landed,0.0000000,360.0000000,
2198.500,-0.000012,0.000000,0.000000,Landed,0.0000000,360.0000000,
2199.000,-0.000001,0.000000,0.000000,Landed,0.0000000,360.0000000,
2199.500,0.000006,0.000000,0.000000,Landed,0.0000000,360.0000000,
2200.000,0.000009,0.000000,0.000000,Landed,0.0000000,360.0000000,
2200.500,0.000008,0.000000,0.000000,Landed,0.0000000,360.0000000,
2201.000,0.000004,0.000000,0.000000,Landed,0.0000000,360.0000000,
2201.500,-0.000002,0.000000,0.000000,Landed,0.0000000,360.0000000,
2202.000,-0.000012,0.000000,0.000000,Landed,0.0000000,360.0000000,
2202.500,0.000006,0.000000,0.000000,Landed,0.0000000,360.0000000,
2203.000,-0.000011,0.000000,0.000000,Landed,0.0000000,360.0000000,
2203.500,-0.000001,0.000000,0.000000,Landed,0.0000000,360.0000000,
2204.000,0.000005,0.000000,0.000000,Landed,0.0000000,360.0000000,
2204.500,0.000007,0.000000,0.000000,Landed,0.0000000,360.0000000,
2205.000,0.000005,0.000000,0.000000,Landed,0.0000000,360.0000000,
2205.500,0.000001,0.000000,0.000000,Landed,0.0000000,360.0000000,
2206.000,-0.000007,0.000000,0.000000,Landed,0.0000000,360.0000000,
2206.500,0.000012,0.000000,0.000000,Landed,0.0000000,360.0000000,
2207.000,-0.000003,0.000000,0.000000,Landed,0.0000000,360.0000000,
2207.500,0.000008,0.000000,0.000000,Landed,0.0000000,360.0000000,
2208.000,-0.000014,0.000000,0.000000,Landed,0.0000000,360.0000000,
2208.500,-0.000008,0.000000,0.000000,Landed,0.0000000,360.0000000,
2209.000,-0.000007,0.000000,0.000000,Landed,0.0000000,360.0000000,
2209.500,-0.000009,0.000000,0.000000,Landed,0.0000000,360.0000000,
2210.000,-0.000014,0.000000,0.000000,Landed,0.0000000,360.0000000,
2210.500,0.000008,0.000000,0.000000,Landed,0.0000000,360.0000000,
2211.000,-0.000006,0.000000,0.000000,Landed,0.0000000,360.0000000,
2211.500,0.000007,0.000000,0.000000,Landed,0.0000000,360.0000000,
2212.000,-0.000014,0.000000,0.000000,Landed,0.0000000,360.0000000,
2212.500,-0.000007,0.000000,0.000000,Landed,0.0000000,360.0000000,
2213.000,-0.000004,0.000000,0.000000,Landed,0.0000000,360.0000000,
2213.500,-0.000005,0.000000,0.000000,Landed,0.0000000,360.0000000,
2214.000,-0.000010,0.000000,0.000000,Landed,0.0000000,360.0000000,
2214.500,0.000012,0.000000,0.000000,Landed,0.0000000,360.0000000,
2215.000,-0.000001,0.000000,0.000000,Landed,0.0000000,360.0000000,
2215.500,0.000013,0.000000,0.000000,Landed,0.0000000,360.0000000,
2216.000,-0.000008,0.000000,0.000000,Landed,0.0000000,360.0000000,
2216.500,-0.000001,0.000000,0.000000,Landed,0.0000000,360.0000000,
2217.000,0.000001,0.000000,0.000000,Landed,0.0000000,360.0000000,
2217.500,0.000000,0.000000,0.000000,Landed,0.0000000,360.0000000,
2218.000,-0.000004,0.000000,0.000000,Landed,0.0000000,360.0000000,
2218.500,-0.000012,0.000000,0.000000,Landed,0.0000000,360.0000000,
2219.000,0.000007,0.000000,0.000000,Landed,0.0000000,360.0000000,
2219.500,-0.000009,0.000000,0.000000,Landed,0.0000000,360.0000000,
2220.000,0.000002,0.000000,0.000000,Landed,0.0000000,360.0000000,
2220.500,0.000008,0.000000,0.000000,Landed,0.0000000,360.0000000,
2221.000,0.000010,0.000000,0.000000,Landed,0.0000000,360.0000000,
2221.500,0.000008,0.000000,0.000000,Landed,0.0000000,360.0000000,
2222.000,0.000003,0.000000,0.000000,Landed,0.0000000,360.0000000,
2222.500,-0.000005,0.000000,0.000000,Landed,0.0000000,360.0000000,
2223.000,0.000013,0.000000,0.000000,Landed,0.0000000,360.0000000,
2223.500,-0.000005,0.000000,0.000000,Landed,0.0000000,360.0000000,
2224.000,0.000005,0.000000,0.000000,Landed,0.0000000,360.0000000,
2224.500,0.000011,0.000000,0.000000,Landed,0.0000000,360.0000000,
2225.000,0.000012,0.000000,0.000000,Landed,0.0000000,360.0000000,
2225.500,0.000010,0.000000,0.000000,Landed,0.0000000,360.0000000,
2226.000,0.000004,0.000000,0.000000,Landed,0.0000000,360.0000000,
2226.500,-0.000005,0.000000,0.000000,Landed,0.0000000,360.0000000,
2227.000,0.000012,0.000000,0.000000,Landed,0.0000000,360.0000000,
2227.500,-0.000006,0.000000,0.000000,Landed,0.0000000,360.0000000,
2228.000,0.000003,0.000000,0.000000,Landed,0.0000000,360.0000000,
2228.500,0.000008,0.000000,0.000000,Landed,0.0000000,360.0000000,
2229.000,0.000009,0.000000,0.000000,Landed,0.0000000,360.0000000,
2229.500,0.000005,0.000000,0.000000,Landed,0.0000000,360.0000000,
2230.000,-0.000001,0.000000,0.000000,Landed,0.0000000,360.0000000,
2230.500,-0.000011,0.000000,0.000000,Landed,0.0000000,360.0000000,
2231.000,0.000006,0.000000,0.000000,Landed,0.0000000,360.0000000,
2231.500,-0.000013,0.000000,0.000000,Landed,0.0000000,360.0000000,
2232.000,-0.000004,0.000000,0.000000,Landed,0.0000000,360.0000000,
2232.500,-0.000000,0.000000,0.000000,Landed,0.0000000,360.0000000,
2233.000,-0.000000,0.000000,0.000000,Landed,0.0000000,360.0000000,
2233.500,-0.000004,0.000000,0.000000,Landed,0.0000000,360.0000000,
2234.000,-0.000011,0.000000,0.000000,Landed,0.0000000,360.0000000,
2234.500,0.000008,0.000000,0.000000,Landed,0.0000000,360.0000000,
2235.000,-0.000009,0.000000,0.000000,Landed,0.0000000,360.0000000,
2235.500,0.000001,0.000000,0.000000,Landed,0.0000000,360.0000000,
2236.000,0.000006,0.000000,0.000000,Landed,0.0000000,360.0000000,
2236.500,0.000007,0.000000,0.000000,Landed,0.0000000,360.0000000,
2237.000,0.000005,0.000000,0.000000,Landed,0.0000000,360.0000000,
2237.500,-0.000002,0.000000,0.000000,Landed,0.0000000,360.0000000,
2238.000,-0.000012,0.000000,0.000000,Landed,0.0000000,360.0000000,
2238.500,0.000005,0.000000,0.000000,Landed,0.0000000,360.0000000,
2239.000,-0.000014,0.000000,0.000000,Landed,0.0000000,360.0000000,
2239.500,-0.000005,0.000000,0.000000,Landed,0.0000000,360.0000000,
2240.000,-0.000002,0.000000,0.000000,Landed,0.0000000,360.0000000,
2240.500,-0.000002,0.000000,0.000000,Landed,0.0000000,360.0000000,
2241.000,-0.000007,0.000000,0.000000,Landed,0.0000000,360.0000000,
2241.500,0.000014,0.000000,0.000000,Landed,0.0000000,360.0000000,
2242.000,0.000000,0.000000,0.000000,Landed,0.0000000,360.0000000,
2242.500,0.000012,0.000000,0.000000,Landed,0.0000000,360.0000000,
2243.000,-0.000010,0.000000,0.000000,Landed,0.0000000,360.0000000,
2243.500,-0.000005,0.000000,0.000000,Landed,0.0000000,360.0000000,
2244.000,-0.000004,0.000000,0.000000,Landed,0.0000000,360.0000000,
2244.500,-0.000008,0.000000,0.000000,Landed,0.0000000,360.0000000,
2245.000,0.000015,0.000000,0.000000,Landed,0.0000000,360.0000000,
2245.500,0.000001,0.000000,0.000000,Landed,0.0000000,360.0000000,
2246.000,0.000014,0.000000,0.000000,Landed,0.0000000,360.0000000,
2246.500,-0.000008,0.000000,0.000000,Landed,0.0000000,360.0000000,
2247.000,-0.000003,0.000000,0.000000,Landed,0.0000000,360.0000000,
2247.500,-0.000002,0.000000,0.000000,Landed,0.0000000,360.0000000,
2248.000,-0.000005,0.000000,0.000000,Landed,0.0000000,360.0000000,
2248.500,-0.000012,0.000000,0.000000,Landed,0.0000000,360.0000000,
2249.000,0.000007,0.000000,0.000000,Landed,0.0000000,360.0000000,
2249.500,-0.000010,0.000000,0.000000,Landed,0.0000000,360.0000000,
2250.000,0.000000,0.000000,0.000000,Landed,0.0000000,360.0000000,
2250.500,0.000005,0.000000,0.000000,Landed,0.0000000,360.0000000,
2251.000,0.000005,0.000000,0.000000,Landed,0.0000000,360.0000000,
2251.500,0.000002,0.000000,0.000000,Landed,0.0000000,360.0000000,
2252.000,-0.000006,0.000000,0.000000,Landed,0.0000000,360.0000000,
2252.500,0.000012,0.000000,0.000000,Landed,0.0000000,360.0000000,
2253.000,-0.000005,0.000000,0.000000,Landed,0.0000000,360.0000000,
2253.500,0.000004,0.000000,0.000000,Landed,0.0000000,360.0000000,
2254.000,0.000008,0.000000,0.000000,Landed,0.0000000,360.0000000,
2254.500,0.000008,0.000000,0.000000,Landed,0.0000000,360.0000000,
2255.000,0.000004,0.000000,0.000000,Landed,0.0000000,360.0000000,
2255.500,-0.000005,0.000000,0.000000,Landed,0.0000000,360.0000000,
2256.000,0.000013,0.000000,0.000000,Landed,0.0000000,360.0000000,
2256.500,-0.000005,0.000000,0.000000,Landed,0.0000000,360.0000000,
2257.000,0.000004,0.000000,0.000000,Landed,0.0000000,360.0000000,
2257.500,0.000007,0.000000,0.000000,Landed,0.0000000,360.0000000,
2258.000,0.000007,0.000000,0.000000,Landed,0.0000000,360.0000000,
2258.500,0.000001,0.000000,0.000000,Landed,0.0000000,360.0000000,
2259.000,-0.000007,0.000000,0.000000,Landed,0.0000000,360.0000000,
2259.500,0.000010,0.000000,0.000000,Landed,0.0000000,360.0000000,
2260.000,-0.000009,0.000000,0.000000,Landed,0.0000000,360.0000000,
2260.500,-0.000001,0.000000,0.000000,Landed,0.0000000,360.0000000,
2261.000,0.000002,0.000000,0.000000,Landed,0.0000000,360.0000000,
2261.500,0.000001,0.000000,0.000000,Landed,0.0000000,360.0000000,
2262.000,-0.000005,0.000000,0.000000,Landed,0.0000000,360.0000000,
2262.500,-0.000014,0.000000,0.000000,Landed,0.0000000,360.0000000,
2263.000,0.000003,0.000000,0.000000,Landed,0.0000000,360.0000000,
2263.500,0.000012,0.000000,0.000000,Landed,0.0000000,360.0000000,
2264.000,-0.000012,0.000000,0.000000,Landed,0.0000000,360.0000000,
2264.500,-0.000009,0.000000,0.000000,Landed,0.0000000,360.0000000,
2265.000,-0.000011,0.000000,0.000000,Landed,0.0000000,360.0000000,
2265.500,0.000012,0.000000,0.000000,Landed,0.0000000,360.0000000,
2266.000,-0.000001,0.000000,0.000000,Landed,0.0000000,360.0000000,
2266.500,0.000012,0.000000,0.000000,Landed,0.0000000,360.0000000,
2267.000,-0.000010,0.000000,0.000000,Landed,0.0000000,360.0000000,
2267.500,-0.000005,0.000000,0.000000,Landed,0.0000000,360.0000000,
2268.000,-0.000005,0.000000,0.000000,Landed,0.0000000,360.0000000,
2268.500,-0.000009,0.000000,0.000000,Landed,0.0000000,360.0000000,
2269.000,0.000012,0.000000,0.000000,Landed,0.0000000,360.0000000,
2269.500,-0.000003,0.000000,0.000000,Landed,0.0000000,360.0000000,
2270.000,0.000008,0.000000,0.000000,Landed,0.0000000,360.0000000,
2270.500,0.000014,0.000000,0.000000,Landed,0.0000000,360.0000000,
2271.000,0.000014,0.000000,0.000000,Landed,0.0000000,360.0000000,
2271.500,0.000010,0.000000,0.000000,Landed,0.0000000,360.0000000,
2272.000,0.000002,0.000000,0.000000,Landed,0.0000000,360.0000000,
2272.500,-0.000010,0.000000,0.000000,Landed,0.0000000,360.0000000,
2273.000,0.000004,0.000000,0.000000,Landed,0.0000000,360.0000000,
2273.500,0.000012,0.000000,0.000000,Landed,0.0000000,360.0000000,
2274.000,0.000014,0.000000,0.000000,Landed,0.0000000,360.0000000,
2274.500,0.000012,0.000000,0.000000,Landed,0.0000000,360.0000000,
2275.000,0.000005,0.000000,0.000000,Landed,0.0000000,360.0000000,
2275.500,-0.000005,0.000000,0.000000,Landed,0.0000000,360.0000000,
2276.000,0.000010,0.000000,0.000000,Landed,0.0000000,360.0000000,
2276.500,-0.000011,0.000000,0.000000,Landed,0.0000000,360.0000000,
2277.000,-0.000005,0.000000,0.000000,Landed,0.0000000,360.0000000,
2277.500,-0.000004,0.000000,0.000000,Landed,0.0000000,360.0000000,
2278.000,-0.000007,0.000000,0.000000,Landed,0.0000000,360.0000000,
2278.500,0.000015,0.000000,0.000000,Landed,0.0000000,360.0000000,
2279.000,0.000000,0.000000,0.000000,Landed,0.0000000,360.0000000,
2279.500,0.000011,0.000000,0.000000,Landed,0.0000000,360.0000000,
2280.000,-0.000013,0.000000,0.000000,Landed,0.0000000,360.0000000,
2280.500,-0.000010,0.000000,0.000000,Landed,0.0000000,360.0000000,
2281.000,-0.000011,0.000000,0.000000,Landed,0.0000000,360.0000000,
2281.500,0.000012,0.000000,0.000000,Landed,0.0000000,360.0000000,
2282.000,-0.000001,0.000000,0.000000,Landed,0.0000000,360.0000000,
2282.500,0.000011,0.000000,0.000000,Landed,0.0000000,360.0000000,
2283.000,-0.000012,0.000000,0.000000,Landed,0.0000000,360.0000000,
2283.500,-0.000008,0.000000,0.000000,Landed,0.0000000,360.0000000,
2284.000,-0.000009,0.000000,0.000000,Landed,0.0000000,360.0000000,
2284.500,0.000014,0.000000,0.000000,Landed,0.0000000,360.0000000,
2285.000,0.000002,0.000000,0.000000,Landed,0.0000000,360.0000000,
2285.500,0.000014,0.000000,0.000000,Landed,0.0000000,360.0000000,
2286.000,-0.000009,0.000000,0.000000,Landed,0.0000000,360.0000000,
2286.500,-0.000005,0.000000,0.000000,Landed,0.0000000,360.0000000,
2287.000,-0.000005,0.000000,0.000000,Landed,0.0000000,360.0000000,
2287.500,-0.000011,0.000000,0.000000,Landed,0.0000000,360.0000000,
2288.000,0.000009,0.000000,0.000000,Landed,0.0000000,360.0000000,
2288.500,-0.000009,0.000000,0.000000,Landed,0.0000000,360.0000000,
2289.000,0.000001,0.000000,0.000000,Landed,0.0000000,360.0000000,
2289.500,0.000004,0.000000,0.000000,Landed,0.0000000,360.0000000,
2290.000,0.000002,0.000000,0.000000,Landed,0.0000000,360.0000000,
2290.500,-0.000004,0.000000,0.000000,Landed,0.0000000,360.0000000,
2291.000,-0.000014,0.000000,0.000000,Landed,0.0000000,360.0000000,
2291.500,0.000001,0.000000,0.000000,Landed,0.0000000,360.0000000,
2292.000,0.000009,0.000000,0.000000,Landed,0.0000000,360.0000000,
2292.500,0.000011,0.000000,0.000000,Landed,0.0000000,360.0000000,
2293.000,0.000009,0.000000,0.000000,Landed,0.0000000,360.0000000,
2293.500,0.000002,0.000000,0.000000,Landed,0.0000000,360.0000000,
2294.000,-0.000009,0.000000,0.000000,Landed,0.0000000,360.0000000,
2294.500,0.000005,0.000000,0.000000,Landed,0.0000000,360.0000000,
2295.000,0.000012,0.000000,0.000000,Landed,0.0000000,360.0000000,
2295.500,0.000014,0.000000,0.000000,Landed,0.0000000,360.0000000,
2296.000,0.000011,0.000000,0.000000,Landed,0.0000000,360.0000000,
2296.500,0.000003,0.000000,0.000000,Landed,0.0000000,360.0000000,
2297.000,-0.000009,0.000000,0.000000,Landed,0.0000000,360.0000000,
2297.500,0.000005,0.000000,0.000000,Landed,0.0000000,360.0000000,
2298.000,0.000011,0.000000,0.000000,Landed,0.0000000,360.0000000,
2298.500,0.000013,0.000000,0.000000,Landed,0.0000000,360.0000000,
2299.000,0.000009,0.000000,0.000000,Landed,0.0000000,360.0000000,
2299.500,0.000001,0.000000,0.000000,Landed,0.0000000,360.0000000,
2300.000,-0.000011,0.000000,0.000000,Landed,0.0000000,360.0000000,
2300.500,0.000001,0.000000,0.000000,Landed,0.0000000,360.0000000,
2301.000,0.000007,0.000000,0.000000,Landed,0.0000000,360.0000000,
2301.500,0.000008,0.000000,0.000000,Landed,0.0000000,360.0000000,
2302.000,0.000004,0.000000,0.000000,Landed,0.0000000,360.0000000,
2302.500,-0.000005,0.000000,0.000000,Landed,0.0000000,360.0000000,
2303.000,0.000012,0.000000,0.000000,Landed,0.0000000,360.0000000,
2303.500,-0.000009,0.000000,0.000000,Landed,0.0000000,360.0000000,
2304.000,-0.000002,0.000000,0.000000,Landed,0.0000000,360.0000000,
2304.500,-0.000002,0.000000,0.000000,Landed,0.0000000,360.0000000,
2305.000,-0.000006,0.000000,0.000000,Landed,0.0000000,360.0000000,
2305.500,0.000014,0.000000,0.000000,Landed,0.0000000,360.0000000,
2306.000,-0.000003,0.000000,0.000000,Landed,0.0000000,360.0000000,
2306.500,0.000006,0.000000,0.000000,Landed,0.0000000,360.0000000,
2307.000,0.000009,0.000000,0.000000,Landed,0.0000000,360.0000000,
2307.500,0.000007,0.000000,0.000000,Landed,0.0000000,360.0000000,
2308.000,-0.000000,0.000000,0.000000,Landed,0.0000000,360.0000000,
2308.500,-0.000012,0.000000,0.000000,Landed,0.0000000,360.0000000,
2309.000,0.000002,0.000000,0.000000,Landed,0.0000000,360.0000000,
2309.500,0.000008,0.000000,0.000000,Landed,0.0000000,360.0000000,
2310.000,0.000009,0.000000,0.000000,Landed,0.0000000,360.0000000,
2310.500,0.000005,0.000000,0.000000,Landed,0.0000000,360.0000000,
2311.000,-0.000004,0.000000,0.000000,Landed,0.0000000,360.0000000,
2311.500,0.000013,0.000000,0.000000,Landed,0.0000000,360.0000000,
2312.000,-0.000008,0.000000,0.000000,Landed,0.0000000,360.0000000,
2312.500,-0.000002,0.000000,0.000000,Landed,0.0000000,360.0000000,
2313.000,-0.000002,0.000000,0.000000,Landed,0.0000000,360.0000000,
2313.500,-0.000007,0.000000,0.000000,Landed,0.0000000,360.0000000,
2314.000,0.000012,0.000000,0.000000,Landed,0.0000000,360.0000000,
2314.500,-0.000006,0.000000,0.000000,Landed,0.0000000,360.0000000,
2315.000,0.000003,0.000000,0.000000,Landed,0.0000000,360.0000000,
2315.500,0.000005,0.000000,0.000000,Landed,0.0000000,360.0000000,
2316.000,0.000001,0.000000,0.000000,Landed,0.0000000,360.0000000,
2316.500,-0.000007,0.000000,0.000000,Landed,0.0000000,360.0000000,
2317.000,0.000010,0.000000,0.000000,Landed,0.0000000,360.0000000,
2317.500,-0.000010,0.000000,0.000000,Landed,0.0000000,360.0000000,
2318.000,-0.000004,0.000000,0.000000,Landed,0.0000000,360.0000000,
2318.500,-0.000004,0.000000,0.000000,Landed,0.0000000,360.0000000,
2319.000,-0.000009,0.000000,0.000000,Landed,0.0000000,360.0000000,
2319.500,0.000011,0.000000,0.000000,Landed,0.0000000,360.0000000,
2320.000,-0.000007,0.000000,0.000000,Landed,0.0000000,360.0000000,
2320.500,0.000001,0.000000,0.000000,Landed,0.0000000,360.0000000,
2321.000,0.000003,0.000000,0.000000,Landed,0.0000000,360.0000000,
2321.500,-0.000001,0.000000,0.000000,Landed,0.0000000,360.0000000,
2322.000,-0.000009,0.000000,0.000000,Landed,0.0000000,360.0000000,
2322.500,0.000007,0.000000,0.000000,Landed,0.0000000,360.0000000,
2323.000,-0.000013,0.000000,0.000000,Landed,0.0000000,360.0000000,
2323.500,-0.000008,0.000000,0.000000,Landed,0.0000000,360.0000000,
2324.000,-0.000008,0.000000,0.000000,Landed,0.0000000,360.0000000,
2324.500,-0.000014,0.000000,0.000000,Landed,0.0000000,360.0000000,
2325.000,0.000005,0.000000,0.000000,Landed,0.0000000,360.0000000,
2325.500,-0.000014,0.000000,0.000000,Landed,0.0000000,360.0000000,
2326.000,-0.000006,0.000000,0.000000,Landed,0.0000000,360.0000000,
2326.500,-0.000005,0.000000,0.000000,Landed,0.0000000,360.0000000,
2327.000,-0.000009,0.000000,0.000000,Landed,0.0000000,360.0000000,
2327.500,0.000011,0.000000,0.000000,Landed,0.0000000,360.0000000,
2328.000,-0.000007,0.000000,0.000000,Landed,0.0000000,360.0000000,
2328.500,0.000001,0.000000,0.000000,Landed,0.0000000,360.0000000,
2329.000,0.000003,0.000000,0.000000,Landed,0.0000000,360.0000000,
2329.500,-0.000001,0.000000,0.000000,Landed,0.0000000,360.0000000,
2330.000,-0.000009,0.000000,0.000000,Landed,0.0000000,360.0000000,
2330.500,0.000007,0.000000,0.000000,Landed,0.0000000,360.0000000,
2331.000,-0.000014,0.000000,0.000000,Landed,0.0000000,360.0000000,
2331.500,-0.000009,0.000000,0.000000,Landed,0.0000000,360.0000000,
2332.000,-0.000010,0.000000,0.000000,Landed,0.0000000,360.0000000,
2332.500,0.000013,0.000000,0.000000,Landed,0.0000000,360.0000000,
2333.000,-0.000002,0.000000,0.000000,Landed,0.0000000,360.0000000,
2333.500,0.000008,0.000000,0.000000,Landed,0.0000000,360.0000000,
2334.000,0.000012,0.000000,0.000000,Landed,0.0000000,360.0000000,
2334.500,0.000010,0.000000,0.000000,Landed,0.0000000,360.0000000,
2335.000,0.000002,0.000000,0.000000,Landed,0.0000000,360.0000000,
2335.500,-0.000010,0.000000,0.000000,Landed,0.0000000,360.0000000,
2336.000,0.000002,0.000000,0.000000,Landed,0.0000000,360.0000000,
2336.500,0.000007,0.000000,0.000000,Landed,0.0000000,360.0000000,
2337.000,0.000006,0.000000,0.000000,Landed,0.0000000,360.0000000,
2337.500,0.000000,0.000000,0.000000,Landed,0.0000000,360.0000000,
2338.000,-0.000011,0.000000,0.000000,Landed,0.0000000,360.0000000,
2338.500,0.000002,0.000000,0.000000,Landed,0.0000000,360.0000000,
2339.000,0.000008,0.000000,0.000000,Landed,0.0000000,360.0000000,
2339.500,0.000008,0.000000,0.000000,Landed,0.0000000,360.0000000,
2340.000,0.000002,0.000000,0.000000,Landed,0.0000000,360.0000000,
2340.500,-0.000009,0.000000,0.000000,Landed,0.0000000,360.0000000,
2341.000,0.000004,0.000000,0.000000,Landed,0.0000000,360.0000000,
2341.500,0.000010,0.000000,0.000000,Landed,0.0000000,360.0000000,
2342.000,0.000010,0.000000,0.000000,Landed,0.0000000,360.0000000,
2342.500,0.000004,0.000000,0.000000,Landed,0.0000000,360.0000000,
2343.000,-0.000006,0.000000,0.000000,Landed,0.0000000,360.0000000,
2343.500,0.000007,0.000000,0.000000,Landed,0.0000000,360.0000000,
2344.000,0.000013,0.000000,0.000000,Landed,0.0000000,360.0000000,
2344.500,0.000013,0.000000,0.000000,Landed,0.0000000,360.0000000,
2345.000,0.000007,0.000000,0.000000,Landed,0.0000000,360.0000000,
2345.500,-0.000004,0.000000,0.000000,Landed,0.0000000,360.0000000,
2346.000,0.000009,0.000000,0.000000,Landed,0.0000000,360.0000000,
2346.500,-0.000014,0.000000,0.000000,Landed,0.0000000,360.0000000,
2347.000,-0.000011,0.000000,0.000000,Landed,0.0000000,360.0000000,
2347.500,0.000015,0.000000,0.000000,Landed,0.0000000,360.0000000,
2348.000,0.000003,0.000000,0.000000,Landed,0.0000000,360.0000000,
2348.500,-0.000014,0.000000,0.000000,Landed,0.0000000,360.0000000,
2349.000,-0.000006,0.000000,0.000000,Landed,0.0000000,360.0000000,
2349.500,-0.000004,0.000000,0.000000,Landed,0.0000000,360.0000000,
2350.000,-0.000009,0.000000,0.000000,Landed,0.0000000,360.0000000,
2350.500,0.000011,0.000000,0.000000,Landed,0.0000000,360.0000000,
2351.000,-0.000007,0.000000,0.000000,Landed,0.0000000,360.0000000,
2351.500,-0.000000,0.000000,0.000000,Landed,0.0000000,360.0000000,
2352.000,0.000001,0.000000,0.000000,Landed,0.0000000,360.0000000,
2352.500,-0.000005,0.000000,0.000000,Landed,0.0000000,360.0000000,
2353.000,0.000014,0.000000,0.000000,Landed,0.0000000,360.0000000,
2353.500,-0.000005,0.000000,0.000000,Landed,0.0000000,360.0000000,
2354.000,0.000001,0.000000,0.000000,Landed,0.0000000,360.0000000,
2354.500,0.000001,0.000000,0.000000,Landed,0.0000000,360.0000000,
2355.000,-0.000005,0.000000,0.000000,Landed,0.0000000,360.0000000,
2355.500,0.000013,0.000000,0.000000,Landed,0.0000000,360.0000000,
2356.000,-0.000007,0.000000,0.000000,Landed,0.0000000,360.0000000,
2356.500,-0.000001,0.000000,0.000000,Landed,0.0000000,360.0000000,
2357.000,-0.000002,0.000000,0.000000,Landed,0.0000000,360.0000000,
2357.500,-0.000009,0.000000,0.000000,Landed,0.0000000,360.0000000,
2358.000,0.000009,0.000000,0.000000,Landed,0.0000000,360.0000000,
2358.500,-0.000012,0.000000,0.000000,Landed,0.0000000,360.0000000,
2359.000,-0.000006,0.000000,0.000000,Landed,0.0000000,360.0000000,
2359.500,-0.000008,0.000000,0.000000,Landed,0.0000000,360.0000000,
2360.000,0.000014,0.000000,0.000000,Landed,0.0000000,360.0000000,
2360.500,-0.000001,0.000000,0.000000,Landed,0.0000000,360.0000000,
2361.000,0.000008,0.000000,0.000000,Landed,0.0000000,360.0000000,
2361.500,0.000009,0.000000,0.000000,Landed,0.0000000,360.0000000,
2362.000,0.000005,0.000000,0.000000,Landed,0.0000000,360.0000000,
2362.500,-0.000005,0.000000,0.000000,Landed,0.0000000,360.0000000,
2363.000,0.000009,0.000000,0.000000,Landed,0.0000000,360.0000000,
2363.500,-0.000014,0.000000,0.000000,Landed,0.0000000,360.0000000,
2364.000,-0.000012,0.000000,0.000000,Landed,0.0000000,360.0000000,
2364.500,0.000014,0.000000,0.000000,Landed,0.0000000,360.0000000,
2365.000,0.000002,0.000000,0.000000,Landed,0.0000000,360.0000000,
2365.500,0.000013,0.000000,0.000000,Landed,0.0000000,360.0000000,
2366.000,-0.000012,0.000000,0.000000,Landed,0.0000000,360.0000000,
2366.500,-0.000011,0.000000,0.000000,Landed,0.0000000,360.0000000,
2367.000,0.000012,0.000000,0.000000,Landed,0.0000000,360.0000000,
2367.500,-0.000002,0.000000,0.000000,Landed,0.0000000,360.0000000,
2368.000,0.000008,0.000000,0.000000,Landed,0.0000000,360.0000000,
2368.500,0.000011,0.000000,0.000000,Landed,0.0000000,360.0000000,
2369.000,0.000007,0.000000,0.000000,Landed,0.0000000,360.0000000,
2369.500,-0.000002,0.000000,0.000000,Landed,0.0000000,360.0000000,
2370.000,0.000012,0.000000,0.000000,Landed,0.0000000,360.0000000,
2370.500,-0.000011,0.000000,0.000000,Landed,0.0000000,360.0000000,
2371.000,-0.000008,0.000000,0.000000,Landed,0.0000000,360.0000000,
2371.500,-0.000012,0.000000,0.000000,Landed,0.0000000,360.0000000,
2372.000,0.000008,0.000000,0.000000,Landed,0.0000000,360.0000000,
2372.500,-0.000011,0.000000,0.000000,Landed,0.0000000,360.0000000,
2373.000,-0.000004,0.000000,0.000000,Landed,0.0000000,360.0000000,
2373.500,-0.000005,0.000000,0.000000,Landed,0.0000000,360.0000000,
2374.000,-0.000011,0.000000,0.000000,Landed,0.0000000,360.0000000,
2374.500,0.000006,0.000000,0.000000,Landed,0.0000000,360.0000000,
2375.000,-0.000015,0.000000,0.000000,Landed,0.0000000,360.0000000,
2375.500,-0.000010,0.000000,0.000000,Landed,0.0000000,360.0000000,
2376.000,-0.000012,0.000000,0.000000,Landed,0.0000000,360.0000000,
2376.500,0.000009,0.000000,0.000000,Landed,0.0000000,360.0000000,
2377.000,-0.000009,0.000000,0.000000,Landed,0.0000000,360.0000000,
2377.500,-0.000001,0.000000,0.000000,Landed,0.0000000,360.0000000,
2378.000,-0.000001,0.000000,0.000000,Landed,0.0000000,360.0000000,
2378.500,-0.000007,0.000000,0.000000,Landed,0.0000000,360.0000000,
2379.000,0.000011,0.000000,0.000000,Landed,0.0000000,360.0000000,
2379.500,-0.000010,0.000000,0.000000,Landed,0.0000000,360.0000000,
2380.000,-0.000005,0.000000,0.000000,Landed,0.0000000,360.0000000,
2380.500,-0.000007,0.000000,0.000000,Landed,0.0000000,360.0000000,
2381.000,0.000014,0.000000,0.000000,Landed,0.0000000,360.0000000,
2381.500,-0.000004,0.000000,0.000000,Landed,0.0000000,360.0000000,
2382.000,0.000003,0.000000,0.000000,Landed,0.0000000,360.0000000,
2382.500,0.000003,0.000000,0.000000,Landed,0.0000000,360.0000000,
2383.000,-0.000003,0.000000,0.000000,Landed,0.0000000,360.0000000,
2383.500,0.000014,0.000000,0.000000,Landed,0.0000000,360.0000000,
2384.000,-0.000007,0.000000,0.000000,Landed,0.0000000,360.0000000,
2384.500,-0.000003,0.000000,0.000000,Landed,0.0000000,360.0000000,
2385.000,-0.000005,0.000000,0.000000,Landed,0.0000000,360.0000000,
2385.500,-0.000014,0.000000,0.000000,Landed,0.0000000,360.0000000,
2386.000,0.000000,0.000000,0.000000,Landed,0.0000000,360.0000000,
2386.500,0.000007,0.000000,0.000000,Landed,0.0000000,360.0000000,
2387.000,0.000006,0.000000,0.000000,Landed,0.0000000,360.0000000,
2387.500,-0.000001,0.000000,0.000000,Landed,0.0000000,360.0000000,
2388.000,-0.000014,0.000000,0.000000,Landed,0.0000000,360.0000000,
2388.500,-0.000003,0.000000,0.000000,Landed,0.0000000,360.0000000,
2389.000,-0.000000,0.000000,0.000000,Landed,0.0000000,360.0000000,
2389.500,-0.000004,0.000000,0.000000,Landed,0.0000000,360.0000000,
2390.000,-0.000014,0.000000,0.000000,Landed,0.0000000,360.0000000,
2390.500,-0.000000,0.000000,0.000000,Landed,0.0000000,360.0000000,
2391.000,0.000005,0.000000,0.000000,Landed,0.0000000,360.0000000,
2391.500,0.000003,0.000000,0.000000,Landed,0.0000000,360.0000000,
2392.000,-0.000005,0.000000,0.000000,Landed,0.0000000,360.0000000,
2392.500,0.000010,0.000000,0.000000,Landed,0.0000000,360.0000000,
2393.000,-0.000013,0.000000,0.000000,Landed,0.0000000,360.0000000,
2393.500,-0.000010,0.000000,0.000000,Landed,0.0000000,360.0000000,
2394.000,-0.000014,0.000000,0.000000,Landed,0.0000000,360.0000000,
2394.500,0.000005,0.000000,0.000000,Landed,0.0000000,360.0000000,
2395.000,0.000014,0.000000,0.000000,Landed,0.0000000,360.0000000,
2395.500,-0.000013,0.000000,0.000000,Landed,0.0000000,360.0000000,
2396.000,0.000014,0.000000,0.000000,Landed,0.0000000,360.0000000,
2396.500,0.000003,0.000000,0.000000,Landed,0.0000000,360.0000000,
2397.000,-0.000014,0.000000,0.000000,Landed,0.0000000,360.0000000,
2397.500,-0.000007,0.000000,0.000000,Landed,0.0000000,360.0000000,
2398.000,-0.000007,0.000000,0.000000,Landed,0.0000000,360.0000000,
2398.500,-0.000014,0.000000,0.000000,Landed,0.0000000,360.0000000,
2399.000,0.000002,0.000000,0.000000,Landed,0.0000000,360.0000000,
2399.500,0.000009,0.000000,0.000000,Landed,0.0000000,360.0000000,
2400.000,0.000009,0.000000,0.000000,Landed,0.0000000,360.0000000,
2400.500,0.000002,0.000000,0.000000,Landed,0.0000000,360.0000000,
2401.000,-0.000011,0.000000,0.000000,Landed,0.0000000,360.0000000,
2401.500,0.000000,0.000000,0.000000,Landed,0.0000000,360.0000000,
2402.000,0.000003,0.000000,0.000000,Landed,0.0000000,360.0000000,
2402.500,-0.000002,0.000000,0.000000,Landed,0.0000000,360.0000000,
2403.000,-0.000012,0.000000,0.000000,Landed,0.0000000,360.0000000,
2403.500,0.000000,0.000000,0.000000,Landed,0.0000000,360.0000000,
2404.000,0.000005,0.000000,0.000000,Landed,0.0000000,360.0000000,
2404.500,0.000002,0.000000,0.000000,Landed,0.0000000,360.0000000,
2405.000,-0.000007,0.000000,0.000000,Landed,0.0000000,360.0000000,
2405.500,0.000006,0.000000,0.000000,Landed,0.0000000,360.0000000,
2406.000,0.000011,0.000000,0.000000,Landed,0.0000000,360.0000000,
2406.500,0.000009,0.000000,0.000000,Landed,0.0000000,360.0000000,
2407.000,0.000000,0.000000,0.000000,Landed,0.0000000,360.0000000,
2407.500,0.000014,0.000000,0.000000,Landed,0.0000000,360.0000000,
2408.000,-0.000009,0.000000,0.000000,Landed,0.0000000,360.0000000,
2408.500,-0.000008,0.000000,0.000000,Landed,0.0000000,360.0000000,
2409.000,-0.000013,0.000000,0.000000,Landed,0.0000000,360.0000000,
2409.500,0.000004,0.000000,0.000000,Landed,0.0000000,360.0000000,
2410.000,0.000012,0.000000,0.000000,Landed,0.0000000,360.0000000,
2410.500,0.000013,0.000000,0.000000,Landed,0.0000000,360.0000000,
2411.000,0.000006,0.000000,0.000000,Landed,0.0000000,360.0000000,
2411.500,-0.000007,0.000000,0.000000,Landed,0.0000000,360.0000000,
2412.000,0.000004,0.000000,0.000000,Landed,0.0000000,360.0000000,
2412.500,0.000006,0.000000,0.000000,Landed,0.0000000,360.0000000,
2413.000,0.000001,0.000000,0.000000,Landed,0.0000000,360.0000000,
2413.500,-0.000010,0.000000,0.000000,Landed,0.0000000,360.0000000,
2414.000,0.000002,0.000000,0.000000,Landed,0.0000000,360.0000000,
2414.500,0.000005,0.000000,0.000000,Landed,0.0000000,360.0000000,
2415.000,0.000001,0.000000,0.000000,Landed,0.0000000,360.0000000,
2415.500,-0.000009,0.000000,0.000000,Landed,0.0000000,360.0000000,
2416.000,0.000003,0.000000,0.000000,Landed,0.0000000,360.0000000,
2416.500,0.000007,0.000000,0.000000,Landed,0.0000000,360.0000000,
2417.000,0.000004,0.000000,0.000000,Landed,0.0000000,360.0000000,
2417.500,-0.000006,0.000000,0.000000,Landed,0.0000000,360.0000000,
2418.000,0.000007,0.000000,0.000000,Landed,0.0000000,360.0000000,
2418.500,0.000011,0.000000,0.000000,Landed,0.0000000,360.0000000,
2419.000,0.000008,0.000000,0.000000,Landed,0.0000000,360.0000000,
2419.500,-0.000002,0.000000,0.000000,Landed,0.0000000,360.0000000,
2420.000,0.000011,0.000000,0.000000,Landed,0.0000000,360.0000000,
2420.500,-0.000014,0.000000,0.000000,Landed,0.0000000,360.0000000,
2421.000,-0.000014,0.000000,0.000000,Landed,0.0000000,360.0000000,
2421.500,0.000008,0.000000,0.000000,Landed,0.0000000,360.0000000,
2422.000,-0.000009,0.000000,0.000000,Landed,0.0000000,360.0000000,
2422.500,-0.000002,0.000000,0.000000,Landed,0.0000000,360.0000000,
2423.000,-0.000003,0.000000,0.000000,Landed,0.0000000,360.0000000,
2423.500,-0.000011,0.000000,0.000000,Landed,0.0000000,360.0000000,
2424.000,0.000003,0.000000,0.000000,Landed,0.0000000,360.0000000,
2424.500,0.000009,0.000000,0.000000,Landed,0.0000000,360.0000000,
2425.000,0.000007,0.000000,0.000000,Landed,0.0000000,360.0000000,
2425.500,-0.000002,0.000000,0.000000,Landed,0.0000000,360.0000000,
2426.000,0.000011,0.000000,0.000000,Landed,0.0000000,360.0000000,
2426.500,-0.000013,0.000000,0.000000,Landed,0.0000000,360.0000000,
2427.000,-0.000013,0.000000,0.000000,Landed,0.0000000,360.0000000,
2427.500,0.000010,0.000000,0.000000,Landed,0.0000000,360.0000000,
2428.000,-0.000007,0.000000,0.000000,Landed,0.0000000,360.0000000,
2428.500,-0.000001,0.000000,0.000000,Landed,0.0000000,360.0000000,
2429.000,-0.000002,0.000000,0.000000,Landed,0.0000000,360.0000000,
2429.500,-0.000010,0.000000,0.000000,Landed,0.0000000,360.0000000,
2430.000,0.000004,0.000000,0.000000,Landed,0.0000000,360.0000000,
2430.500,0.000009,0.000000,0.000000,Landed,0.0000000,360.0000000,
2431.000,0.000007,0.000000,0.000000,Landed,0.0000000,360.0000000,
2431.500,-0.000002,0.000000,0.000000,Landed,0.0000000,360.0000000,
2432.000,0.000010,0.000000,0.000000,Landed,0.0000000,360.0000000,
2432.500,0.000014,0.000000,0.000000,Landed,0.0000000,360.0000000,
2433.000,0.000011,0.000000,0.000000,Landed,0.0000000,360.0000000,
2433.500,0.000001,0.000000,0.000000,Landed,0.0000000,360.0000000,
2434.000,0.000012,0.000000,0.000000,Landed,0.0000000,360.0000000,
2434.500,-0.000013,0.000000,0.000000,Landed,0.0000000,360.0000000,
2435.000,-0.000014,0.000000,0.000000,Landed,0.0000000,360.0000000,
2435.500,0.000007,0.000000,0.000000,Landed,0.0000000,360.0000000,
2436.000,-0.000012,0.000000,0.000000,Landed,0.0000000,360.0000000,
2436.500,-0.000006,0.000000,0.000000,Landed,0.0000000,360.0000000,
2437.000,-0.000008,0.000000,0.000000,Landed,0.0000000,360.0000000,
2437.500,0.000011,0.000000,0.000000,Landed,0.0000000,360.0000000,
2438.000,-0.000009,0.000000,0.000000,Landed,0.0000000,360.0000000,
2438.500,-0.000004,0.000000,0.000000,Landed,0.0000000,360.0000000,
2439.000,-0.000008,0.000000,0.000000,Landed,0.0000000,360.0000000,
2439.500,0.000011,0.000000,0.000000,Landed,0.0000000,360.0000000,
2440.000,-0.000010,0.000000,0.000000,Landed,0.0000000,360.0000000,
2440.500,-0.000006,0.000000,0.000000,Landed,0.0000000,360.0000000,
2441.000,-0.000010,0.000000,0.000000,Landed,0.0000000,360.0000000,
2441.500,0.000008,0.000000,0.000000,Landed,0.0000000,360.0000000,
2442.000,-0.000014,0.000000,0.000000,Landed,0.0000000,360.0000000,
2442.500,-0.000011,0.000000,0.000000,Landed,0.0000000,360.0000000,
2443.000,0.000014,0.000000,0.000000,Landed,0.0000000,360.0000000,
2443.500,-0.000001,0.000000,0.000000,Landed,0.0000000,360.0000000,
2444.000,0.000006,0.000000,0.000000,Landed,0.0000000,360.0000000,
2444.500,0.000005,0.000000,0.000000,Landed,0.0000000,360.0000000,
2445.000,-0.000003,0.000000,0.000000,Landed,0.0000000,360.0000000,
2445.500,0.000011,0.000000,0.000000,Landed,0.0000000,360.0000000,
2446.000,-0.000013,0.000000,0.000000,Landed,0.0000000,360.0000000,
2446.500,-0.000013,0.000000,0.000000,Landed,0.0000000,360.0000000,
2447.000,0.000009,0.000000,0.000000,Landed,0.0000000,360.0000000,
2447.500,-0.000009,0.000000,0.000000,Landed,0.0000000,360.0000000,
2448.000,-0.000004,0.000000,0.000000,Landed,0.0000000,360.0000000,
2448.500,-0.000006,0.000000,0.000000,Landed,0.0000000,360.0000000,
2449.000,0.000014,0.000000,0.000000,Landed,0.0000000,360.0000000,
2449.500,-0.000007,0.000000,0.000000,Landed,0.0000000,360.0000000,
2450.000,-0.000003,0.000000,0.000000,Landed,0.0000000,360.0000000,
2450.500,-0.000007,0.000000,0.000000,Landed,0.0000000,360.0000000,
2451.000,0.000011,0.000000,0.000000,Landed,0.0000000,360.0000000,
2451.500,-0.000011,0.000000,0.000000,Landed,0.0000000,360.0000000,
2452.000,-0.000008,0.000000,0.000000,Landed,0.0000000,360.0000000,
2452.500,-0.000014,0.000000,0.000000,Landed,0.0000000,360.0000000,
2453.000,0.000003,0.000000,0.000000,Landed,0.0000000,360.0000000,
2453.500,0.000010,0.000000,0.000000,Landed,0.0000000,360.0000000,
2454.000,0.000008,0.000000,0.000000,Landed,0.0000000,360.0000000,
2454.500,-0.000002,0.000000,0.000000,Landed,0.0000000,360.0000000,
2455.000,0.000011,0.000000,0.000000,Landed,0.0000000,360.0000000,
2455.500,0.000014,0.000000,0.000000,Landed,0.0000000,360.0000000,
2456.000,0.000010,0.000000,0.000000,Landed,0.0000000,360.0000000,
2456.500,-0.000002,0.000000,0.000000,Landed,0.0000000,360.0000000,
2457.000,0.000009,0.000000,0.000000,Landed,0.0000000,360.0000000,
2457.500,0.000010,0.000000,0.000000,Landed,0.0000000,360.0000000,
2458.000,0.000004,0.000000,0.000000,Landed,0.0000000,360.0000000,
2458.500,-0.000009,0.000000,0.000000,Landed,0.0000000,360.0000000,
2459.000,-0.000000,0.000000,0.000000,Landed,0.0000000,360.0000000,
2459.500,0.000000,0.000000,0.000000,Landed,0.0000000,360.0000000,
2460.000,-0.000007,0.000000,0.000000,Landed,0.0000000,360.0000000,
2460.500,0.000007,0.000000,0.000000,Landed,0.0000000,360.0000000,
2461.000,0.000011,0.000000,0.000000,Landed,0.0000000,360.0000000,
2461.500,0.000008,0.000000,0.000000,Landed,0.0000000,360.0000000,
2462.000,-0.000003,0.000000,0.000000,Landed,0.0000000,360.0000000,
2462.500,0.000008,0.000000,0.000000,Landed,0.0000000,360.0000000,
2463.000,0.000010,0.000000,0.000000,Landed,0.0000000,360.0000000,
2463.500,0.000004,0.000000,0.000000,Landed,0.0000000,360.0000000,
2464.000,-0.000009,0.000000,0.000000,Landed,0.0000000,360.0000000,
2464.500,-0.000000,0.000000,0.000000,Landed,0.0000000,360.0000000,
2465.000,0.000000,0.000000,0.000000,Landed,0.0000000,360.0000000,
2465.500,-0.000007,0.000000,0.000000,Landed,0.0000000,360.0000000,
2466.000,0.000006,0.000000,0.000000,Landed,0.0000000,360.0000000,
2466.500,0.000011,0.000000,0.000000,Landed,0.0000000,360.0000000,
2467.000,0.000007,0.000000,0.000000,Landed,0.0000000,360.0000000,
2467.500,-0.000005,0.000000,0.000000,Landed,0.0000000,360.0000000,
2468.000,0.000006,0.000000,0.000000,Landed,0.0000000,360.0000000,
2468.500,0.000007,0.000000,0.000000,Landed,0.0000000,360.0000000,
2469.000,0.000001,0.000000,0.000000,Landed,0.0000000,360.0000000,
2469.500,-0.000013,0.000000,0.000000,Landed,0.0000000,360.0000000,
2470.000,-0.000004,0.000000,0.000000,Landed,0.0000000,360.0000000,
2470.500,-0.000005,0.000000,0.000000,Landed,0.0000000,360.0000000,
2471.000,-0.000013,0.000000,0.000000,Landed,0.0000000,360.0000000,
2471.500,0.000000,0.000000,0.000000,Landed,0.0000000,360.0000000,
2472.000,0.000004,0.000000,0.000000,Landed,0.0000000,360.0000000,
2472.500,-0.000001,0.000000,0.000000,Landed,0.0000000,360.0000000,
2473.000,-0.000013,0.000000,0.000000,Landed,0.0000000,360.0000000,
2473.500,-0.000003,0.000000,0.000000,Landed,0.0000000,360.0000000,
2474.000,-0.000003,0.000000,0.000000,Landed,0.0000000,360.0000000,
2474.500,-0.000010,0.000000,0.000000,Landed,0.0000000,360.0000000,
2475.000,0.000004,0.000000,0.000000,Landed,0.0000000,360.0000000,
2475.500,0.000008,0.000000,0.000000,Landed,0.0000000,360.0000000,
2476.000,0.000004,0.000000,0.000000,Landed,0.0000000,360.0000000,
2476.500,-0.000008,0.000000,0.000000,Landed,0.0000000,360.0000000,
2477.000,0.000002,0.000000,0.000000,Landed,0.0000000,360.0000000,
2477.500,0.000003,0.000000,0.000000,Landed,0.0000000,360.0000000,
2478.000,-0.000004,0.000000,0.000000,Landed,0.0000000,360.0000000,
2478.500,0.000010,0.000000,0.000000,Landed,0.0000000,360.0000000,
2479.000,0.000014,0.000000,0.000000,Landed,0.0000000,360.0000000,
2479.500,0.000009,0.000000,0.000000,Landed,0.0000000,360.0000000,
2480.000,-0.000002,0.000000,0.000000,Landed,0.0000000,360.0000000,
2480.500,0.000007,0.000000,0.000000,Landed,0.0000000,360.0000000,
2481.000,0.000008,0.000000,0.000000,Landed,0.0000000,360.0000000,
2481.500,0.000000,0.000000,0.000000,Landed,0.0000000,360.0000000,
2482.000,0.000014,0.000000,0.000000,Landed,0.0000000,360.0000000,
2482.500,-0.000011,0.000000,0.000000,Landed,0.0000000,360.0000000,
2483.000,-0.000013,0.000000,0.000000,Landed,0.0000000,360.0000000,
2483.500,0.000007,0.000000,0.000000,Landed,0.0000000,360.0000000,
2484.000,-0.000013,0.000000,0.000000,Landed,0.0000000,360.0000000,
2484.500,-0.000010,0.000000,0.000000,Landed,0.0000000,360.0000000,
2485.000,0.000013,0.000000,0.000000,Landed,0.0000000,360.0000000,
2485.500,-0.000004,0.000000,0.000000,Landed,0.0000000,360.0000000,
2486.000,0.000002,0.000000,0.000000,Landed,0.0000000,360.0000000,
2486.500,-0.000001,0.000000,0.000000,Landed,0.0000000,360.0000000,
2487.000,-0.000012,0.000000,0.000000,Landed,0.0000000,360.0000000,
2487.500,-0.000002,0.000000,0.000000,Landed,0.0000000,360.0000000,
2488.000,-0.000001,0.000000,0.000000,Landed,0.0000000,360.0000000,
2488.500,-0.000008,0.000000,0.000000,Landed,0.0000000,360.0000000,
2489.000,0.000006,0.000000,0.000000,Landed,0.0000000,360.0000000,
2489.500,0.000009,0.000000,0.000000,Landed,0.0000000,360.0000000,
2490.000,0.000005,0.000000,0.000000,Landed,0.0000000,360.0000000,
2490.500,-0.000008,0.000000,0.000000,Landed,0.0000000,360.0000000,
2491.000,0.000001,0.000000,0.000000,Landed,0.0000000,360.0000000,
2491.500,0.000001,0.000000,0.000000,Landed,0.0000000,360.0000000,
2492.000,-0.000008,0.000000,0.000000,Landed,0.0000000,360.0000000,
2492.500,0.000005,0.000000,0.000000,Landed,0.0000000,360.0000000,
2493.000,0.000008,0.000000,0.000000,Landed,0.0000000,360.0000000,
2493.500,0.000002,0.000000,0.000000,Landed,0.0000000,360.0000000,
2494.000,-0.000012,0.000000,0.000000,Landed,0.0000000,360.0000000,
2494.500,-0.000004,0.000000,0.000000,Landed,0.0000000,360.0000000,
2495.000,-0.000005,0.000000,0.000000,Landed,0.0000000,360.0000000,
2495.500,-0.000014,0.000000,0.000000,Landed,0.0000000,360.0000000,
2496.000,-0.000002,0.000000,0.000000,Landed,0.0000000,360.0000000,
2496.500,-0.000000,0.000000,0.000000,Landed,0.0000000,360.0000000,
2497.000,-0.000007,0.000000,0.000000,Landed,0.0000000,360.0000000,
2497.500,0.000007,0.000000,0.000000,Landed,0.0000000,360.0000000,
2498.000,0.000011,0.000000,0.000000,Landed,0.0000000,360.0000000,
2498.500,0.000006,0.000000,0.000000,Landed,0.0000000,360.0000000,
2499.000,-0.000006,0.000000,0.000000,Landed,0.0000000,360.0000000,
2499.500,0.000002,0.000000,0.000000,Landed,0.0000000,360.0000000,
2500.000,0.000002,0.000000,0.000000,Landed,0.0000000,360.0000000,
2500.500,-0.000007,0.000000,0.000000,Landed,0.0000000,360.0000000,
2501.000,0.000005,0.000000,0.000000,Landed,0.0000000,360.0000000,
2501.500,0.000007,0.000000,0.000000,Landed,0.0000000,360.0000000,
2502.000,0.000000,0.000000,0.000000,Landed,0.0000000,360.0000000,
2502.500,0.000014,0.000000,0.000000,Landed,0.0000000,360.0000000,
2503.000,-0.000011,0.000000,0.000000,Landed,0.0000000,360.0000000,
2503.500,-0.000013,0.000000,0.000000,Landed,0.0000000,360.0000000,
2504.000,0.000007,0.000000,0.000000,Landed,0.0000000,360.0000000,
2504.500,0.000014,0.000000,0.000000,Landed,0.0000000,360.0000000,
2505.000,0.000012,0.000000,0.000000,Landed,0.0000000,360.0000000,
2505.500,0.000002,0.000000,0.000000,Landed,0.0000000,360.0000000,
2506.000,0.000013,0.000000,0.000000,Landed,0.0000000,360.0000000,
2506.500,0.000014,0.000000,0.000000,Landed,0.0000000,360.0000000,
2507.000,0.000006,0.000000,0.000000,Landed,0.0000000,360.0000000,
2507.500,-0.000010,0.000000,0.000000,Landed,0.0000000,360.0000000,
2508.000,-0.000003,0.000000,0.000000,Landed,0.0000000,360.0000000,
2508.500,-0.000006,0.000000,0.000000,Landed,0.0000000,360.0000000,
2509.000,0.000012,0.000000,0.000000,Landed,0.0000000,360.0000000,
2509.500,-0.000011,0.000000,0.000000,Landed,0.0000000,360.0000000,
2510.000,-0.000010,0.000000,0.000000,Landed,0.0000000,360.0000000,
2510.500,0.000011,0.000000,0.000000,Landed,0.0000000,360.0000000,
2511.000,-0.000009,0.000000,0.000000,Landed,0.0000000,360.0000000,
2511.500,-0.000006,0.000000,0.000000,Landed,0.0000000,360.0000000,
2512.000,-0.000012,0.000000,0.000000,Landed,0.0000000,360.0000000,
2512.500,0.000002,0.000000,0.000000,Landed,0.0000000,360.0000000,
2513.000,0.000006,0.000000,0.000000,Landed,0.0000000,360.0000000,
2513.500,0.000000,0.000000,0.000000,Landed,0.0000000,360.0000000,
2514.000,-0.000013,0.000000,0.000000,Landed,0.0000000,360.0000000,
2514.500,-0.000005,0.000000,0.000000,Landed,0.0000000,360.0000000,
2515.000,-0.000006,0.000000,0.000000,Landed,0.0000000,360.0000000,
2515.500,0.000012,0.000000,0.000000,Landed,0.0000000,360.0000000,
2516.000,-0.000010,0.000000,0.000000,Landed,0.0000000,360.0000000,
2516.500,-0.000008,0.000000,0.000000,Landed,0.0000000,360.0000000,
2517.000,0.000013,0.000000,0.000000,Landed,0.0000000,360.0000000,
2517.500,-0.000007,0.000000,0.000000,Landed,0.0000000,360.0000000,
2518.000,-0.000004,0.000000,0.000000,Landed,0.0000000,360.0000000,
2518.500,-0.000010,0.000000,0.000000,Landed,0.0000000,360.0000000,
2519.000,0.000004,0.000000,0.000000,Landed,0.0000000,360.0000000,
2519.500,0.000007,0.000000,0.000000,Landed,0.0000000,360.0000000,
2520.000,0.000001,0.000000,0.000000,Landed,0.0000000,360.0000000,
2520.500,-0.000012,0.000000,0.000000,Landed,0.0000000,360.0000000,
2521.000,-0.000005,0.000000,0.000000,Landed,0.0000000,360.0000000,
2521.500,-0.000007,0.000000,0.000000,Landed,0.0000000,360.0000000,
2522.000,0.000011,0.000000,0.000000,Landed,0.0000000,360.0000000,
2522.500,-0.000011,0.000000,0.000000,Landed,0.0000000,360.0000000,
2523.000,-0.000011,0.000000,0.000000,Landed,0.0000000,360.0000000,
2523.500,0.000010,0.000000,0.000000,Landed,0.0000000,360.0000000,
2524.000,-0.000011,0.000000,0.000000,Landed,0.0000000,360.0000000,
2524.500,-0.000009,0.000000,0.000000,Landed,0.0000000,360.0000000,
2525.000,0.000013,0.000000,0.000000,Landed,0.0000000,360.0000000,
2525.500,-0.000007,0.000000,0.000000,Landed,0.0000000,360.0000000,
2526.000,-0.000003,0.000000,0.000000,Landed,0.0000000,360.0000000,
2526.500,-0.000009,0.000000,0.000000,Landed,0.0000000,360.0000000,
2527.000,0.000004,0.000000,0.000000,Landed,0.0000000,360.0000000,
2527.500,0.000008,0.000000,0.000000,Landed,0.0000000,360.0000000,
2528.000,0.000002,0.000000,0.000000,Landed,0.0000000,360.0000000,
2528.500,-0.000012,0.000000,0.000000,Landed,0.0000000,360.0000000,
2529.000,-0.000005,0.000000,0.000000,Landed,0.0000000,360.0000000,
2529.500,-0.000008,0.000000,0.000000,Landed,0.0000000,360.0000000,
2530.000,0.000009,0.000000,0.000000,Landed,0.0000000,360.0000000,
2530.500,-0.000014,0.000000,0.000000,Landed,0.0000000,360.0000000,
2531.000,-0.000014,0.000000,0.000000,Landed,0.0000000,360.0000000,
2531.500,0.000005,0.000000,0.000000,Landed,0.0000000,360.0000000,
2532.000,0.000013,0.000000,0.000000,Landed,0.0000000,360.0000000,
2532.500,0.000010,0.000000,0.000000,Landed,0.0000000,360.0000000,
2533.000,-0.000001,0.000000,0.000000,Landed,0.0000000,360.0000000,
2533.500,0.000008,0.000000,0.000000,Landed,0.0000000,360.0000000,
2534.000,0.000008,0.000000,0.000000,Landed,0.0000000,360.0000000,
2534.500,-0.000002,0.000000,0.000000,Landed,0.0000000,360.0000000,
2535.000,0.000009,0.000000,0.000000,Landed,0.0000000,360.0000000,
2535.500,0.000009,0.000000,0.000000,Landed,0.0000000,360.0000000,
2536.000,0.000000,0.000000,0.000000,Landed,0.0000000,360.0000000,
2536.500,0.000012,0.000000,0.000000,Landed,0.0000000,360.0000000,
2537.000,0.000013,0.000000,0.000000,Landed,0.0000000,360.0000000,
2537.500,0.000004,0.000000,0.000000,Landed,0.0000000,360.0000000,
2538.000,-0.000013,0.000000,0.000000,Landed,0.0000000,360.0000000,
2538.500,-0.000008,0.000000,0.000000,Landed,0.0000000,360.0000000,
2539.000,-0.000012,0.000000,0.000000,Landed,0.0000000,360.0000000,
2539.500,0.000002,0.000000,0.000000,Landed,0.0000000,360.0000000,
2540.000,0.000006,0.000000,0.000000,Landed,0.0000000,360.0000000,
2540.500,0.000001,0.000000,0.000000,Landed,0.0000000,360.0000000,
2541.000,-0.000013,0.000000,0.000000,Landed,0.0000000,360.0000000,
2541.500,-0.000007,0.000000,0.000000,Landed,0.0000000,360.0000000,
2542.000,-0.000010,0.000000,0.000000,Landed,0.0000000,360.0000000,
2542.500,0.000007,0.000000,0.000000,Landed,0.0000000,360.0000000,
2543.000,0.000012,0.000000,0.000000,Landed,0.0000000,360.0000000,
2543.500,0.000007,0.000000,0.000000,Landed,0.0000000,360.0000000,
2544.000,-0.000006,0.000000,0.000000,Landed,0.0000000,360.0000000,
2544.500,0.000001,0.000000,0.000000,Landed,0.0000000,360.0000000,
2545.000,-0.000002,0.000000,0.000000,Landed,0.0000000,360.0000000,
2545.500,-0.000014,0.000000,0.000000,Landed,0.0000000,360.0000000,
2546.000,-0.000005,0.000000,0.000000,Landed,0.0000000,360.0000000,
2546.500,-0.000007,0.000000,0.000000,Landed,0.0000000,360.0000000,
2547.000,0.000011,0.000000,0.000000,Landed,0.0000000,360.0000000,
2547.500,-0.000012,0.000000,0.000000,Landed,0.0000000,360.0000000,
2548.000,-0.000012,0.000000,0.000000,Landed,0.0000000,360.0000000,
2548.500,0.000007,0.000000,0.000000,Landed,0.0000000,360.0000000,
2549.000,0.000014,0.000000,0.000000,Landed,0.0000000,360.0000000,
2549.500,0.000011,0.000000,0.000000,Landed,0.0000000,360.0000000,
2550.000,-0.000002,0.000000,0.000000,Landed,0.0000000,360.0000000,
2550.500,0.000007,0.000000,0.000000,Landed,0.0000000,360.0000000,
2551.000,0.000004,0.000000,0.000000,Landed,0.0000000,360.0000000,
2551.500,-0.000007,0.000000,0.000000,Landed,0.0000000,360.0000000,
2552.000,0.000002,0.000000,0.000000,Landed,0.0000000,360.0000000,
2552.500,0.000001,0.000000,0.000000,Landed,0.0000000,360.0000000,
2553.000,-0.000010,0.000000,0.000000,Landed,0.0000000,360.0000000,
2553.500,-0.000000,0.000000,0.000000,Landed,0.0000000,360.0000000,
2554.000,-0.000001,0.000000,0.000000,Landed,0.0000000,360.0000000,
2554.500,-0.000012,0.000000,0.000000,Landed,0.0000000,360.0000000,
2555.000,-0.000002,0.000000,0.000000,Landed,0.0000000,360.0000000,
2555.500,-0.000003,0.000000,0.000000,Landed,0.0000000,360.0000000,
2556.000,-0.000013,0.000000,0.000000,Landed,0.0000000,360.0000000,
2556.500,-0.000003,0.000000,0.000000,Landed,0.0000000,360.0000000,
2557.000,-0.000004,0.000000,0.000000,Landed,0.0000000,360.0000000,
2557.500,-0.000014,0.000000,0.000000,Landed,0.0000000,360.0000000,
2558.000,-0.000004,0.000000,0.000000,Landed,0.0000000,360.0000000,
2558.500,-0.000005,0.000000,0.000000,Landed,0.0000000,360.0000000,
2559.000,0.000014,0.000000,0.000000,Landed,0.0000000,360.0000000,
2559.500,-0.000009,0.000000,0.000000,Landed,0.0000000,360.0000000,
2560.000,-0.000009,0.000000,0.000000,Landed,0.0000000,360.0000000,
2560.500,0.000010,0.000000,0.000000,Landed,0.0000000,360.0000000,
2561.000,-0.000013,0.000000,0.000000,Landed,0.0000000,360.0000000,
2561.500,-0.000013,0.000000,0.000000,Landed,0.0000000,360.0000000,
2562.000,0.000006,0.000000,0.000000,Landed,0.0000000,360.0000000,
2562.500,0.000012,0.000000,0.000000,Landed,0.0000000,360.0000000,
2563.000,0.000008,0.000000,0.000000,Landed,0.0000000,360.0000000,
2563.500,-0.000005,0.000000,0.000000,Landed,0.0000000,360.0000000,
2564.000,0.000003,0.000000,0.000000,Landed,0.0000000,360.0000000,
2564.500,-0.000001,0.000000,0.000000,Landed,0.0000000,360.0000000,
2565.000,-0.000013,0.000000,0.000000,Landed,0.0000000,360.0000000,
2565.500,-0.000005,0.000000,0.000000,Landed,0.0000000,360.0000000,
2566.000,-0.000008,0.000000,0.000000,Landed,0.0000000,360.0000000,
2566.500,0.000009,0.000000,0.000000,Landed,0.0000000,360.0000000,
2567.000,0.000013,0.000000,0.000000,Landed,0.0000000,360.0000000,
2567.500,0.000007,0.000000,0.000000,Landed,0.0000000,360.0000000,
2568.000,-0.000007,0.000000,0.000000,Landed,0.0000000,360.0000000,
2568.500,-0.000002,0.000000,0.000000,Landed,0.0000000,360.0000000,
2569.000,-0.000006,0.000000,0.000000,Landed,0.0000000,360.0000000,
2569.500,0.000008,0.000000,0.000000,Landed,0.0000000,360.0000000,
2570.000,0.000011,0.000000,0.000000,Landed,0.0000000,360.0000000,
2570.500,0.000004,0.000000,0.000000,Landed,0.0000000,360.0000000,
2571.000,-0.000013,0.000000,0.000000,Landed,0.0000000,360.0000000,
2571.500,-0.000009,0.000000,0.000000,Landed,0.0000000,360.0000000,
2572.000,-0.000014,0.000000,0.000000,Landed,0.0000000,360.0000000,
2572.500,-0.000001,0.000000,0.000000,Landed,0.0000000,360.0000000,
2573.000,0.000001,0.000000,0.000000,Landed,0.0000000,360.0000000,
2573.500,-0.000006,0.000000,0.000000,Landed,0.0000000,360.0000000,
2574.000,0.000005,0.000000,0.000000,Landed,0.0000000,360.0000000,
2574.500,0.000005,0.000000,0.000000,Landed,0.0000000,360.0000000,
2575.000,-0.000004,0.000000,0.000000,Landed,0.0000000,360.0000000,
2575.500,0.000006,0.000000,0.000000,Landed,0.0000000,360.0000000,
2576.000,0.000005,0.000000,0.000000,Landed,0.0000000,360.0000000,
2576.500,-0.000006,0.000000,0.000000,Landed,0.0000000,360.0000000,
2577.000,0.000003,0.000000,0.000000,Landed,0.0000000,360.0000000,
2577.500,0.000001,0.000000,0.000000,Landed,0.0000000,360.0000000,
2578.000,-0.000010,0.000000,0.000000,Landed,0.0000000,360.0000000,
2578.500,-0.000002,0.000000,0.000000,Landed,0.0000000,360.0000000,
2579.000,-0.000004,0.000000,0.000000,Landed,0.0000000,360.0000000,
2579.500,0.000013,0.000000,0.000000,Landed,0.0000000,360.0000000,
2580.000,-0.000012,0.000000,0.000000,Landed,0.0000000,360.0000000,
2580.500,0.000014,0.000000,0.000000,Landed,0.0000000,360.0000000,
2581.000,-0.000003,0.000000,0.000000,Landed,0.0000000,360.0000000,
2581.500,0.000002,0.000000,0.000000,Landed,0.0000000,360.0000000,
2582.000,-0.000004,0.000000,0.000000,Landed,0.0000000,360.0000000,
2582.500,0.000009,0.000000,0.000000,Landed,0.0000000,360.0000000,
2583.000,0.000010,0.000000,0.000000,Landed,0.0000000,360.0000000,
2583.500,0.000002,0.000000,0.000000,Landed,0.0000000,360.0000000,
2584.000,0.000012,0.000000,0.000000,Landed,0.0000000,360.0000000,
2584.500,0.000011,0.000000,0.000000,Landed,0.0000000,360.0000000,
2585.000,0.000001,0.000000,0.000000,Landed,0.0000000,360.0000000,
2585.500,0.000010,0.000000,0.000000,Landed,0.0000000,360.0000000,
2586.000,0.000008,0.000000,0.000000,Landed,0.0000000,360.0000000,
2586.500,-0.000004,0.000000,0.000000,Landed,0.0000000,360.0000000,
2587.000,0.000004,0.000000,0.000000,Landed,0.0000000,360.0000000,
2587.500,0.000001,0.000000,0.000000,Landed,0.0000000,360.0000000,
2588.000,-0.000012,0.000000,0.000000,Landed,0.0000000,360.0000000,
2588.500,-0.000005,0.000000,0.000000,Landed,0.0000000,360.0000000,
2589.000,-0.000008,0.000000,0.000000,Landed,0.0000000,360.0000000,
2589.500,0.000006,0.000000,0.000000,Landed,0.0000000,360.0000000,
2590.000,0.000009,0.000000,0.000000,Landed,0.0000000,360.0000000,
2590.500,0.000001,0.000000,0.000000,Landed,0.0000000,360.0000000,
2591.000,0.000013,0.000000,0.000000,Landed,0.0000000,360.0000000,
2591.500,0.000013,0.000000,0.000000,Landed,0.0000000,360.0000000,
2592.000,0.000002,0.000000,0.000000,Landed,0.0000000,360.0000000,
2592.500,0.000012,0.000000,0.000000,Landed,0.0000000,360.0000000,
2593.000,0.000009,0.000000,0.000000,Landed,0.0000000,360.0000000,
2593.500,-0.000002,0.000000,0.000000,Landed,0.0000000,360.0000000,
2594.000,0.000005,0.000000,0.000000,Landed,0.0000000,360.0000000,
2594.500,0.000002,0.000000,0.000000,Landed,0.0000000,360.0000000,
2595.000,-0.000011,0.000000,0.000000,Landed,0.0000000,360.0000000,
2595.500,-0.000005,0.000000,0.000000,Landed,0.0000000,360.0000000,
2596.000,-0.000009,0.000000,0.000000,Landed,0.0000000,360.0000000,
2596.500,0.000005,0.000000,0.000000,Landed,0.0000000,360.0000000,
2597.000,0.000007,0.000000,0.000000,Landed,0.0000000,360.0000000,
2597.500,-0.000001,0.000000,0.000000,Landed,0.0000000,360.0000000,
2598.000,0.000009,0.000000,0.000000,Landed,0.0000000,360.0000000,
2598.500,0.000008,0.000000,0.000000,Landed,0.0000000,360.0000000,
2599.000,-0.000003,0.000000,0.000000,Landed,0.0000000,360.0000000,
2599.500,0.000006,0.000000,0.000000,Landed,0.0000000,360.0000000,
2600.000,0.000003,0.000000,0.000000,Landed,0.0000000,360.0000000,
2600.500,-0.000010,0.000000,0.000000,Landed,0.0000000,360.0000000,
2601.000,-0.000003,0.000000,0.000000,Landed,0.0000000,360.0000000,
2601.500,-0.000008,0.000000,0.000000,Landed,0.0000000,360.0000000,
2602.000,0.000006,0.000000,0.000000,Landed,0.0000000,360.0000000,
2602.500,0.000008,0.000000,0.000000,Landed,0.0000000,360.0000000,
2603.000,-0.000001,0.000000,0.000000,Landed,0.0000000,360.0000000,
2603.500,0.000010,0.000000,0.000000,Landed,0.0000000,360.0000000,
2604.000,0.000008,0.000000,0.000000,Landed,0.0000000,360.0000000,
2604.500,-0.000003,0.000000,0.000000,Landed,0.0000000,360.0000000,
2605.000,0.000005,0.000000,0.000000,Landed,0.0000000,360.0000000,
2605.500,0.000001,0.000000,0.000000,Landed,0.0000000,360.0000000,
2606.000,-0.000012,0.000000,0.000000,Landed,0.0000000,360.0000000,
2606.500,-0.000006,0.000000,0.000000,Landed,0.0000000,360.0000000,
2607.000,-0.000011,0.000000,0.000000,Landed,0.0000000,360.0000000,
2607.500,0.000003,0.000000,0.000000,Landed,0.0000000,360.0000000,
2608.000,0.000004,0.000000,0.000000,Landed,0.0000000,360.0000000,
2608.500,-0.000005,0.000000,0.000000,Landed,0.0000000,360.0000000,
2609.000,0.000004,0.000000,0.000000,Landed,0.0000000,360.0000000,
2609.500,0.000002,0.000000,0.000000,Landed,0.0000000,360.0000000,
2610.000,-0.000010,0.000000,0.000000,Landed,0.0000000,360.0000000,
2610.500,-0.000003,0.000000,0.000000,Landed,0.0000000,360.0000000,
2611.000,-0.000007,0.000000,0.000000,Landed,0.0000000,360.0000000,
2611.500,0.000007,0.000000,0.000000,Landed,0.0000000,360.0000000,
2612.000,0.000009,0.000000,0.000000,Landed,0.0000000,360.0000000,
2612.500,-0.000000,0.000000,0.000000,Landed,0.0000000,360.0000000,
2613.000,0.000009,0.000000,0.000000,Landed,0.0000000,360.0000000,
2613.500,0.000007,0.000000,0.000000,Landed,0.0000000,360.0000000,
2614.000,-0.000005,0.000000,0.000000,Landed,0.0000000,360.0000000,
2614.500,0.000002,0.000000,0.000000,Landed,0.0000000,360.0000000,
2615.000,-0.000002,0.000000,0.000000,Landed,0.0000000,360.0000000,
2615.500,0.000012,0.000000,0.000000,Landed,0.0000000,360.0000000,
2616.000,0.000013,0.000000,0.000000,Landed,0.0000000,360.0000000,
2616.500,0.000004,0.000000,0.000000,Landed,0.0000000,360.0000000,
2617.000,0.000013,0.000000,0.000000,Landed,0.0000000,360.0000000,
2617.500,0.000011,0.000000,0.000000,Landed,0.0000000,360.0000000,
2618.000,-0.000001,0.000000,0.000000,Landed,0.0000000,360.0000000,
2618.500,0.000005,0.000000,0.000000,Landed,0.0000000,360.0000000,
2619.000,0.000000,0.000000,0.000000,Landed,0.0000000,360.0000000,
2619.500,0.000014,0.000000,0.000000,Landed,0.0000000,360.0000000,
2620.000,-0.000014,0.000000,0.000000,Landed,0.0000000,360.0000000,
2620.500,0.000009,0.000000,0.000000,Landed,0.0000000,360.0000000,
2621.000,-0.000012,0.000000,0.000000,Landed,0.0000000,360.0000000,
2621.500,-0.000011,0.000000,0.000000,Landed,0.0000000,360.0000000,
2622.000,0.000008,0.000000,0.000000,Landed,0.0000000,360.0000000,
2622.500,0.000013,0.000000,0.000000,Landed,0.0000000,360.0000000,
2623.000,0.000006,0.000000,0.000000,Landed,0.0000000,360.0000000,
2623.500,-0.000011,0.000000,0.000000,Landed,0.0000000,360.0000000,
2624.000,-0.000008,0.000000,0.000000,Landed,0.0000000,360.0000000,
2624.500,0.000014,0.000000,0.000000,Landed,0.0000000,360.0000000,
2625.000,-0.000009,0.000000,0.000000,Landed,0.0000000,360.0000000,
2625.500,-0.000009,0.000000,0.000000,Landed,0.0000000,360.0000000,
2626.000,0.000008,0.000000,0.000000,Landed,0.0000000,360.0000000,
2626.500,0.000012,0.000000,0.000000,Landed,0.0000000,360.0000000,
2627.000,0.000004,0.000000,0.000000,Landed,0.0000000,360.0000000,
2627.500,-0.000014,0.000000,0.000000,Landed,0.0000000,360.0000000,
2628.000,-0.000012,0.000000,0.000000,Landed,0.0000000,360.0000000,
2628.500,0.000009,0.000000,0.000000,Landed,0.0000000,360.0000000,
2629.000,0.000014,0.000000,0.000000,Landed,0.0000000,360.0000000,
2629.500,0.000009,0.000000,0.000000,Landed,0.0000000,360.0000000,
2630.000,-0.000008,0.000000,0.000000,Landed,0.0000000,360.0000000,
2630.500,-0.000004,0.000000,0.000000,Landed,0.0000000,360.0000000,
2631.000,-0.000011,0.000000,0.000000,Landed,0.0000000,360.0000000,
2631.500,-0.000001,0.000000,0.000000,Landed,0.0000000,360.0000000,
2632.000,-0.000002,0.000000,0.000000,Landed,0.0000000,360.0000000,
2632.500,-0.000014,0.000000,0.000000,Landed,0.0000000,360.0000000,
2633.000,-0.000007,0.000000,0.000000,Landed,0.0000000,360.0000000,
2633.500,-0.000012,0.000000,0.000000,Landed,0.0000000,360.0000000,
2634.000,0.000001,0.000000,0.000000,Landed,0.0000000,360.0000000,
2634.500,0.000001,0.000000,0.000000,Landed,0.0000000,360.0000000,
2635.000,-0.000010,0.000000,0.000000,Landed,0.0000000,360.0000000,
2635.500,-0.000002,0.000000,0.000000,Landed,0.0000000,360.0000000,
2636.000,-0.000006,0.000000,0.000000,Landed,0.0000000,360.0000000,
2636.500,0.000008,0.000000,0.000000,Landed,0.0000000,360.0000000,
2637.000,0.000009,0.000000,0.000000,Landed,0.0000000,360.0000000,
2637.500,-0.000001,0.000000,0.000000,Landed,0.0000000,360.0000000,
2638.000,0.000007,0.000000,0.000000,Landed,0.0000000,360.0000000,
2638.500,0.000004,0.000000,0.000000,Landed,0.0000000,360.0000000,
2639.000,-0.000010,0.000000,0.000000,Landed,0.0000000,360.0000000,
2639.500,-0.000006,0.000000,0.000000,Landed,0.0000000,360.0000000,
2640.000,-0.000012,0.000000,0.000000,Landed,0.0000000,360.0000000,
2640.500,-0.000001,0.000000,0.000000,Landed,0.0000000,360.0000000,
2641.000,-0.000002,0.000000,0.000000,Landed,0.0000000,360.0000000,
2641.500,-0.000014,0.000000,0.000000,Landed,0.0000000,360.0000000,
2642.000,-0.000008,0.000000,0.000000,Landed,0.0000000,360.0000000,
2642.500,-0.000013,0.000000,0.000000,Landed,0.0000000,360.0000000,
2643.000,-0.000001,0.000000,0.000000,Landed,0.0000000,360.0000000,
2643.500,-0.000001,0.000000,0.000000,Landed,0.0000000,360.0000000,
2644.000,-0.000012,0.000000,0.000000,Landed,0.0000000,360.0000000,
2644.500,-0.000005,0.000000,0.000000,Landed,0.0000000,360.0000000,
2645.000,-0.000010,0.000000,0.000000,Landed,0.0000000,360.0000000,
2645.500,0.000003,0.000000,0.000000,Landed,0.0000000,360.0000000,
2646.000,0.000003,0.000000,0.000000,Landed,0.0000000,360.0000000,
2646.500,-0.000008,0.000000,0.000000,Landed,0.0000000,360.0000000,
2647.000,-0.000000,0.000000,0.000000,Landed,0.0000000,360.0000000,
2647.500,-0.000005,0.000000,0.000000,Landed,0.0000000,360.0000000,
2648.000,0.000008,0.000000,0.000000,Landed,0.0000000,360.0000000,
2648.500,0.000008,0.000000,0.000000,Landed,0.0000000,360.0000000,
2649.000,-0.000004,0.000000,0.000000,Landed,0.0000000,360.0000000,
2649.500,0.000004,0.000000,0.000000,Landed,0.0000000,360.0000000,
2650.000,-0.000001,0.000000,0.000000,Landed,0.0000000,360.0000000,
2650.500,0.000011,0.000000,0.000000,Landed,0.0000000,360.0000000,
2651.000,0.000011,0.000000,0.000000,Landed,0.0000000,360.0000000,
2651.500,-0.000000,0.000000,0.000000,Landed,0.0000000,360.0000000,
2652.000,0.000007,0.000000,0.000000,Landed,0.0000000,360.0000000,
2652.500,0.000002,0.000000,0.000000,Landed,0.0000000,360.0000000,
2653.000,0.000014,0.000000,0.000000,Landed,0.0000000,360.0000000,
2653.500,0.000013,0.000000,0.000000,Landed,0.0000000,360.0000000,
2654.000,0.000002,0.000000,0.000000,Landed,0.0000000,360.0000000,
2654.500,0.000008,0.000000,0.000000,Landed,0.0000000,360.0000000,
2655.000,0.000003,0.000000,0.000000,Landed,0.0000000,360.0000000,
2655.500,-0.000014,0.000000,0.000000,Landed,0.0000000,360.0000000,
2656.000,-0.000011,0.000000,0.000000,Landed,0.0000000,360.0000000,
2656.500,0.000010,0.000000,0.000000,Landed,0.0000000,360.0000000,
2657.000,-0.000014,0.000000,0.000000,Landed,0.0000000,360.0000000,
2657.500,0.000012,0.000000,0.000000,Landed,0.0000000,360.0000000,
2658.000,-0.000006,0.000000,0.000000,Landed,0.0000000,360.0000000,
2658.500,-0.000004,0.000000,0.000000,Landed,0.0000000,360.0000000,
2659.000,-0.000014,0.000000,0.000000,Landed,0.0000000,360.0000000,
2659.500,-0.000006,0.000000,0.000000,Landed,0.0000000,360.0000000,
2660.000,-0.000010,0.000000,0.000000,Landed,0.0000000,360.0000000,
2660.500,0.000003,0.000000,0.000000,Landed,0.0000000,360.0000000,
2661.000,0.000002,0.000000,0.000000,Landed,0.0000000,360.0000000,
2661.500,-0.000009,0.000000,0.000000,Landed,0.0000000,360.0000000,
2662.000,-0.000002,0.000000,0.000000,Landed,0.0000000,360.0000000,
2662.500,-0.000008,0.000000,0.000000,Landed,0.0000000,360.0000000,
2663.000,0.000004,0.000000,0.000000,Landed,0.0000000,360.0000000,
2663.500,0.000003,0.000000,0.000000,Landed,0.0000000,360.0000000,
2664.000,-0.000010,0.000000,0.000000,Landed,0.0000000,360.0000000,
2664.500,-0.000004,0.000000,0.000000,Landed,0.0000000,360.0000000,
2665.000,-0.000010,0.000000,0.000000,Landed,0.0000000,360.0000000,
2665.500,0.000001,0.000000,0.000000,Landed,0.0000000,360.0000000,
2666.000,-0.000001,0.000000,0.000000,Landed,0.0000000,360.0000000,
2666.500,-0.000014,0.000000,0.000000,Landed,0.0000000,360.0000000,
2667.000,-0.000009,0.000000,0.000000,Landed,0.0000000,360.0000000,
2667.500,0.000013,0.000000,0.000000,Landed,0.0000000,360.0000000,
2668.000,-0.000010,0.000000,0.000000,Landed,0.0000000,360.0000000,
2668.500,-0.000011,0.000000,0.000000,Landed,0.0000000,360.0000000,
2669.000,0.000003,0.000000,0.000000,Landed,0.0000000,360.0000000,
2669.500,0.000005,0.000000,0.000000,Landed,0.0000000,360.0000000,
2670.000,-0.000006,0.000000,0.000000,Landed,0.0000000,360.0000000,
2670.500,0.000002,0.000000,0.000000,Landed,0.0000000,360.0000000,
2671.000,-0.000003,0.000000,0.000000,Landed,0.0000000,360.0000000,
2671.500,0.000009,0.000000,0.000000,Landed,0.0000000,360.0000000,
2672.000,0.000007,0.000000,0.000000,Landed,0.0000000,360.0000000,
2672.500,-0.000005,0.000000,0.000000,Landed,0.0000000,360.0000000,
2673.000,0.000001,0.000000,0.000000,Landed,0.0000000,360.0000000,
2673.500,-0.000006,0.000000,0.000000,Landed,0.0000000,360.0000000,
2674.000,0.000004,0.000000,0.000000,Landed,0.0000000,360.0000000,
2674.500,0.000002,0.000000,0.000000,Landed,0.0000000,360.0000000,
2675.000,-0.000012,0.000000,0.000000,Landed,0.0000000,360.0000000,
2675.500,-0.000007,0.000000,0.000000,Landed,0.0000000,360.0000000,
2676.000,0.000014,0.000000,0.000000,Landed,0.0000000,360.0000000,
2676.500,-0.000010,0.000000,0.000000,Landed,0.0000000,360.0000000,
2677.000,-0.000012,0.000000,0.000000,Landed,0.0000000,360.0000000,
2677.500,0.000002,0.000000,0.000000,Landed,0.0000000,360.0000000,
2678.000,0.000002,0.000000,0.000000,Landed,0.0000000,360.0000000,
2678.500,-0.000009,0.000000,0.000000,Landed,0.0000000,360.0000000,
2679.000,-0.000003,0.000000,0.000000,Landed,0.0000000,360.0000000,
2679.500,-0.000009,0.000000,0.000000,Landed,0.0000000,360.0000000,
2680.000,0.000002,0.000000,0.000000,Landed,0.0000000,360.0000000,
2680.500,-0.000000,0.000000,0.000000,Landed,0.0000000,360.0000000,
2681.000,-0.000014,0.000000,0.000000,Landed,0.0000000,360.0000000,
2681.500,-0.000010,0.000000,0.000000,Landed,0.0000000,360.0000000,
2682.000,0.000011,0.000000,0.000000,Landed,0.0000000,360.0000000,
2682.500,-0.000012,0.000000,0.000000,Landed,0.0000000,360.0000000,
2683.000,0.000014,0.000000,0.000000,Landed,0.0000000,360.0000000,
2683.500,-0.000006,0.000000,0.000000,Landed,0.0000000,360.0000000,
2684.000,-0.000005,0.000000,0.000000,Landed,0.0000000,360.0000000,
2684.500,0.000012,0.000000,0.000000,Landed,0.0000000,360.0000000,
2685.000,0.000014,0.000000,0.000000,Landed,0.0000000,360.0000000,
2685.500,0.000005,0.000000,0.000000,Landed,0.0000000,360.0000000,
2686.000,0.000012,0.000000,0.000000,Landed,0.0000000,360.0000000,
2686.500,0.000007,0.000000,0.000000,Landed,0.0000000,360.0000000,
2687.000,-0.000010,0.000000,0.000000,Landed,0.0000000,360.0000000,
2687.500,-0.000008,0.000000,0.000000,Landed,0.0000000,360.0000000,
2688.000,0.000011,0.000000,0.000000,Landed,0.0000000,360.0000000,
2688.500,0.000014,0.000000,0.000000,Landed,0.0000000,360.0000000,
2689.000,0.000005,0.000000,0.000000,Landed,0.0000000,360.0000000,
2689.500,0.000014,0.000000,0.000000,Landed,0.0000000,360.0000000,
2690.000,0.000009,0.000000,0.000000,Landed,0.0000000,360.0000000,
2690.500,-0.000008,0.000000,0.000000,Landed,0.0000000,360.0000000,
2691.000,-0.000005,0.000000,0.000000,Landed,0.0000000,360.0000000,
2691.500,0.000014,0.000000,0.000000,Landed,0.0000000,360.0000000,
2692.000,-0.000011,0.000000,0.000000,Landed,0.0000000,360.0000000,
2692.500,0.000013,0.000000,0.000000,Landed,0.0000000,360.0000000,
2693.000,-0.000009,0.000000,0.000000,Landed,0.0000000,360.0000000,
2693.500,-0.000010,0.000000,0.000000,Landed,0.0000000,360.0000000,
2694.000,0.000005,0.000000,0.000000,Landed,0.0000000,360.0000000,
2694.500,0.000006,0.000000,0.000000,Landed,0.0000000,360.0000000,
2695.000,-0.000005,0.000000,0.000000,Landed,0.0000000,360.0000000,
2695.500,0.000001,0.000000,0.000000,Landed,0.0000000,360.0000000,
2696.000,-0.000005,0.000000,0.000000,Landed,0.0000000,360.0000000,
2696.500,0.000005,0.000000,0.000000,Landed,0.0000000,360.0000000,
2697.000,0.000002,0.000000,0.000000,Landed,0.0000000,360.0000000,
2697.500,-0.000014,0.000000,0.000000,Landed,0.0000000,360.0000000,
2698.000,-0.000011,0.000000,0.000000,Landed,0.0000000,360.0000000,
2698.500,0.000009,0.000000,0.000000,Landed,0.0000000,360.0000000,
2699.000,0.000013,0.000000,0.000000,Landed,0.0000000,360.0000000,
2699.500,0.000004,0.000000,0.000000,Landed,0.0000000,360.0000000,
2700.000,0.000012,0.000000,0.000000,Landed,0.0000000,360.0000000,
2700.500,0.000007,0.000000,0.000000,Landed,0.0000000,360.0000000,
2701.000,-0.000010,0.000000,0.000000,Landed,0.0000000,360.0000000,
2701.500,-0.000008,0.000000,0.000000,Landed,0.0000000,360.0000000,
2702.000,0.000010,0.000000,0.000000,Landed,0.0000000,360.0000000,
2702.500,0.000013,0.000000,0.000000,Landed,0.0000000,360.0000000,
2703.000,0.000003,0.000000,0.000000,Landed,0.0000000,360.0000000,
2703.500,0.000011,0.000000,0.000000,Landed,0.0000000,360.0000000,
2704.000,0.000005,0.000000,0.000000,Landed,0.0000000,360.0000000,
2704.500,-0.000013,0.000000,0.000000,Landed,0.0000000,360.0000000,
2705.000,-0.000012,0.000000,0.000000,Landed,0.0000000,360.0000000,
2705.500,0.000006,0.000000,0.000000,Landed,0.0000000,360.0000000,
2706.000,0.000008,0.000000,0.000000,Landed,0.0000000,360.0000000,
2706.500,-0.000003,0.000000,0.000000,Landed,0.0000000,360.0000000,
2707.000,0.000004,0.000000,0.000000,Landed,0.0000000,360.0000000,
2707.500,-0.000002,0.000000,0.000000,Landed,0.0000000,360.0000000,
2708.000,0.000008,0.000000,0.000000,Landed,0.0000000,360.0000000,
2708.500,0.000004,0.000000,0.000000,Landed,0.0000000,360.0000000,
2709.000,-0.000012,0.000000,0.000000,Landed,0.0000000,360.0000000,
2709.500,-0.000010,0.000000,0.000000,Landed,0.0000000,360.0000000,
2710.000,0.000009,0.000000,0.000000,Landed,0.0000000,360.0000000,
2710.500,0.000012,0.000000,0.000000,Landed,0.0000000,360.0000000,
2711.000,0.000003,0.000000,0.000000,Landed,0.0000000,360.0000000,
2711.500,0.000010,0.000000,0.000000,Landed,0.0000000,360.0000000,
2712.000,0.000004,0.000000,0.000000,Landed,0.0000000,360.0000000,
2712.500,0.000014,0.000000,0.000000,Landed,0.0000000,360.0000000,
2713.000,0.000011,0.000000,0.000000,Landed,0.0000000,360.0000000,
2713.500,-0.000005,0.000000,0.000000,Landed,0.0000000,360.0000000,
2714.000,-0.000002,0.000000,0.000000,Landed,0.0000000,360.0000000,
2714.500,-0.000012,0.000000,0.000000,Landed,0.0000000,360.0000000,
2715.000,-0.000005,0.000000,0.000000,Landed,0.0000000,360.0000000,
2715.500,-0.000012,0.000000,0.000000,Landed,0.0000000,360.0000000,
2716.000,-0.000002,0.000000,0.000000,Landed,0.0000000,360.0000000,
2716.500,-0.000006,0.000000,0.000000,Landed,0.0000000,360.0000000,
2717.000,0.000006,0.000000,0.000000,Landed,0.0000000,360.0000000,
2717.500,0.000004,0.000000,0.000000,Landed,0.0000000,360.0000000,
2718.000,-0.000010,0.000000,0.000000,Landed,0.0000000,360.0000000,
2718.500,-0.000007,0.000000,0.000000,Landed,0.0000000,360.0000000,
2719.000,0.000013,0.000000,0.000000,Landed,0.0000000,360.0000000,
2719.500,-0.000013,0.000000,0.000000,Landed,0.0000000,360.0000000,
2720.000,0.000010,0.000000,0.000000,Landed,0.0000000,360.0000000,
2720.500,-0.000012,0.000000,0.000000,Landed,0.0000000,360.0000000,
2721.000,0.000014,0.000000,0.000000,Landed,0.0000000,360.0000000,
2721.500,-0.000006,0.000000,0.000000,Landed,0.0000000,360.0000000,
2722.000,-0.000007,0.000000,0.000000,Landed,0.0000000,360.0000000,
2722.500,0.000007,0.000000,0.000000,Landed,0.0000000,360.0000000,
2723.000,0.000008,0.000000,0.000000,Landed,0.0000000,360.0000000,
2723.500,-0.000005,0.000000,0.000000,Landed,0.0000000,360.0000000,
2724.000,-0.000000,0.000000,0.000000,Landed,0.0000000,360.0000000,
2724.500,-0.000009,0.000000,0.000000,Landed,0.0000000,360.0000000,
2725.000,-0.000001,0.000000,0.000000,Landed,0.0000000,360.0000000,
2725.500,-0.000006,0.000000,0.000000,Landed,0.0000000,360.0000000,
2726.000,0.000004,0.000000,0.000000,Landed,0.0000000,360.0000000,
2726.500,0.000000,0.000000,0.000000,Landed,0.0000000,360.0000000,
2727.000,0.000013,0.000000,0.000000,Landed,0.0000000,360.0000000,
2727.500,0.000010,0.000000,0.000000,Landed,0.0000000,360.0000000,
2728.000,-0.000004,0.000000,0.000000,Landed,0.0000000,360.0000000,
2728.500,-0.000001,0.000000,0.000000,Landed,0.0000000,360.0000000,
2729.000,-0.000011,0.000000,0.000000,Landed,0.0000000,360.0000000,
2729.500,-0.000005,0.000000,0.000000,Landed,0.0000000,360.0000000,
2730.000,-0.000012,0.000000,0.000000,Landed,0.0000000,360.0000000,
2730.500,-0.000003,0.000000,0.000000,Landed,0.0000000,360.0000000,
2731.000,-0.000007,0.000000,0.000000,Landed,0.0000000,360.0000000,
2731.500,0.000004,0.000000,0.000000,Landed,0.0000000,360.0000000,
2732.000,0.000000,0.000000,0.000000,Landed,0.0000000,360.0000000,
2732.500,0.000013,0.000000,0.000000,Landed,0.0000000,360.0000000,
2733.000,0.000011,0.000000,0.000000,Landed,0.0000000,360.0000000,
2733.500,-0.000004,0.000000,0.000000,Landed,0.0000000,360.0000000,
2734.000,-0.000001,0.000000,0.000000,Landed,0.0000000,360.0000000,
2734.500,-0.000011,0.000000,0.000000,Landed,0.0000000,360.0000000,
2735.000,-0.000005,0.000000,0.000000,Landed,0.0000000,360.0000000,
2735.500,-0.000012,0.000000,0.000000,Landed,0.0000000,360.0000000,
2736.000,-0.000004,0.000000,0.000000,Landed,0.0000000,360.0000000,
2736.500,-0.000009,0.000000,0.000000,Landed,0.0000000,360.0000000,
2737.000,0.000002,0.000000,0.000000,Landed,0.0000000,360.0000000,
2737.500,-0.000002,0.000000,0.000000,Landed,0.0000000,360.0000000,
2738.000,0.000010,0.000000,0.000000,Landed,0.0000000,360.0000000,
2738.500,0.000007,0.000000,0.000000,Landed,0.0000000,360.0000000,
2739.000,-0.000009,0.000000,0.000000,Landed,0.0000000,360.0000000,
2739.500,-0.000007,0.000000,0.000000,Landed,0.0000000,360.0000000,
2740.000,0.000011,0.000000,0.000000,Landed,0.0000000,360.0000000,
2740.500,0.000013,0.000000,0.000000,Landed,0.0000000,360.0000000,
2741.000,0.000001,0.000000,0.000000,Landed,0.0000000,360.0000000,
2741.500,0.000006,0.000000,0.000000,Landed,0.0000000,360.0000000,
2742.000,-0.000002,0.000000,0.000000,Landed,0.0000000,360.0000000,
2742.500,0.000005,0.000000,0.000000,Landed,0.0000000,360.0000000,
2743.000,-0.000001,0.000000,0.000000,Landed,0.0000000,360.0000000,
2743.500,0.000008,0.000000,0.000000,Landed,0.0000000,360.0000000,
2744.000,0.000004,0.000000,0.000000,Landed,0.0000000,360.0000000,
2744.500,-0.000014,0.000000,0.000000,Landed,0.0000000,360.0000000,
2745.000,-0.000014,0.000000,0.000000,Landed,0.0000000,360.0000000,
2745.500,0.000002,0.000000,0.000000,Landed,0.0000000,360.0000000,
2746.000,0.000002,0.000000,0.000000,Landed,0.0000000,360.0000000,
2746.500,-0.000011,0.000000,0.000000,Landed,0.0000000,360.0000000,
2747.000,-0.000007,0.000000,0.000000,Landed,0.0000000,360.0000000,
2747.500,0.000012,0.000000,0.000000,Landed,0.0000000,360.0000000,
2748.000,-0.000014,0.000000,0.000000,Landed,0.0000000,360.0000000,
2748.500,0.000008,0.000000,0.000000,Landed,0.0000000,360.0000000,
2749.000,0.000013,0.000000,0.000000,Landed,0.0000000,360.0000000,
2749.500,0.000004,0.000000,0.000000,Landed,0.0000000,360.0000000,
2750.000,0.000011,0.000000,0.000000,Landed,0.0000000,360.0000000,
2750.500,0.000004,0.000000,0.000000,Landed,0.0000000,360.0000000,
2751.000,0.000013,0.000000,0.000000,Landed,0.0000000,360.0000000,
2751.500,0.000008,0.000000,0.000000,Landed,0.0000000,360.0000000,
2752.000,-0.000011,0.000000,0.000000,Landed,0.0000000,360.0000000,
2752.500,-0.000011,0.000000,0.000000,Landed,0.0000000,360.0000000,
2753.000,0.000004,0.000000,0.000000,Landed,0.0000000,360.0000000,
2753.500,0.000003,0.000000,0.000000,Landed,0.0000000,360.0000000,
2754.000,-0.000011,0.000000,0.000000,Landed,0.0000000,360.0000000,
2754.500,-0.000008,0.000000,0.000000,Landed,0.0000000,360.0000000,
2755.000,0.000011,0.000000,0.000000,Landed,0.0000000,360.0000000,
2755.500,0.000012,0.000000,0.000000,Landed,0.0000000,360.0000000,
2756.000,0.000000,0.000000,0.000000,Landed,0.0000000,360.0000000,
2756.500,0.000005,0.000000,0.000000,Landed,0.0000000,360.0000000,
2757.000,-0.000004,0.000000,0.000000,Landed,0.0000000,360.0000000,
2757.500,0.000002,0.000000,0.000000,Landed,0.0000000,360.0000000,
2758.000,-0.000005,0.000000,0.000000,Landed,0.0000000,360.0000000,
2758.500,0.000003,0.000000,0.000000,Landed,0.0000000,360.0000000,
2759.000,-0.000003,0.000000,0.000000,Landed,0.0000000,360.0000000,
2759.500,0.000006,0.000000,0.000000,Landed,0.0000000,360.0000000,
2760.000,0.000001,0.000000,0.000000,Landed,0.0000000,360.0000000,
2760.500,0.000011,0.000000,0.000000,Landed,0.0000000,360.0000000,
2761.000,0.000007,0.000000,0.000000,Landed,0.0000000,360.0000000,
2761.500,-0.000011,0.000000,0.000000,Landed,0.0000000,360.0000000,
2762.000,-0.000011,0.000000,0.000000,Landed,0.0000000,360.0000000,
2762.500,0.000003,0.000000,0.000000,Landed,0.0000000,360.0000000,
2763.000,0.000002,0.000000,0.000000,Landed,0.0000000,360.0000000,
2763.500,-0.000011,0.000000,0.000000,Landed,0.0000000,360.0000000,
2764.000,-0.000009,0.000000,0.000000,Landed,0.0000000,360.0000000,
2764.500,0.000009,0.000000,0.000000,Landed,0.0000000,360.0000000,
2765.000,0.000010,0.000000,0.000000,Landed,0.0000000,360.0000000,
2765.500,-0.000003,0.000000,0.000000,Landed,0.0000000,360.0000000,
2766.000,0.000001,0.000000,0.000000,Landed,0.0000000,360.0000000,
2766.500,-0.000009,0.000000,0.000000,Landed,0.0000000,360.0000000,
2767.000,-0.000004,0.000000,0.000000,Landed,0.0000000,360.0000000,
2767.500,-0.000012,0.000000,0.000000,Landed,0.0000000,360.0000000,
2768.000,-0.000005,0.000000,0.000000,Landed,0.0000000,360.0000000,
2768.500,-0.000012,0.000000,0.000000,Landed,0.0000000,360.0000000,
2769.000,-0.000004,0.000000,0.000000,Landed,0.0000000,360.0000000,
2769.500,-0.000010,0.000000,0.000000,Landed,0.0000000,360.0000000,
2770.000,-0.000001,0.000000,0.000000,Landed,0.0000000,360.0000000,
2770.500,-0.000007,0.000000,0.000000,Landed,0.0000000,360.0000000,
2771.000,0.000003,0.000000,0.000000,Landed,0.0000000,360.0000000,
2771.500,-0.000003,0.000000,0.000000,Landed,0.0000000,360.0000000,
2772.000,0.000007,0.000000,0.000000,Landed,0.0000000,360.0000000,
2772.500,0.000002,0.000000,0.000000,Landed,0.0000000,360.0000000,
2773.000,0.000012,0.000000,0.000000,Landed,0.0000000,360.0000000,
2773.500,0.000007,0.000000,0.000000,Landed,0.0000000,360.0000000,
2774.000,-0.000012,0.000000,0.000000,Landed,0.0000000,360.0000000,
2774.500,-0.000013,0.000000,0.000000,Landed,0.0000000,360.0000000,
2775.000,0.000001,0.000000,0.000000,Landed,0.0000000,360.0000000,
2775.500,-0.000001,0.000000,0.000000,Landed,0.0000000,360.0000000,
2776.000,0.000012,0.000000,0.000000,Landed,0.0000000,360.0000000,
2776.500,0.000009,0.000000,0.000000,Landed,0.0000000,360.0000000,
2777.000,-0.000008,0.000000,0.000000,Landed,0.0000000,360.0000000,
2777.500,-0.000007,0.000000,0.000000,Landed,0.0000000,360.0000000,
2778.000,0.000009,0.000000,0.000000,Landed,0.0000000,360.0000000,
2778.500,0.000008,0.000000,0.000000,Landed,0.0000000,360.0000000,
2779.000,-0.000006,0.000000,0.000000,Landed,0.0000000,360.0000000,
2779.500,-0.000004,0.000000,0.000000,Landed,0.0000000,360.0000000,
2780.000,0.000013,0.000000,0.000000,Landed,0.0000000,360.0000000,
2780.500,0.000012,0.000000,0.000000,Landed,0.0000000,360.0000000,
2781.000,-0.000002,0.000000,0.000000,Landed,0.0000000,360.0000000,
2781.500,0.000001,0.000000,0.000000,Landed,0.0000000,360.0000000,
2782.000,-0.000011,0.000000,0.000000,Landed,0.0000000,360.0000000,
2782.500,-0.000007,0.000000,0.000000,Landed,0.0000000,360.0000000,
2783.000,0.000012,0.000000,0.000000,Landed,0.0000000,360.0000000,
2783.500,0.000013,0.000000,0.000000,Landed,0.0000000,360.0000000,
2784.000,0.000001,0.000000,0.000000,Landed,0.0000000,360.0000000,
2784.500,0.000004,0.000000,0.000000,Landed,0.0000000,360.0000000,
2785.000,-0.000007,0.000000,0.000000,Landed,0.0000000,360.0000000,
2785.500,-0.000002,0.000000,0.000000,Landed,0.0000000,360.0000000,
2786.000,-0.000011,0.000000,0.000000,Landed,0.0000000,360.0000000,
2786.500,-0.000006,0.000000,0.000000,Landed,0.0000000,360.0000000,
2787.000,-0.000014,0.000000,0.000000,Landed,0.0000000,360.0000000,
2787.500,-0.000008,0.000000,0.000000,Landed,0.0000000,360.0000000,
2788.000,0.000013,0.000000,0.000000,Landed,0.0000000,360.0000000,
2788.500,-0.000013,0.000000,0.000000,Landed,0.0000000,360.0000000,
2789.000,0.000009,0.000000,0.000000,Landed,0.0000000,360.0000000,
2789.500,0.000012,0.000000,0.000000,Landed,0.0000000,360.0000000,
2790.000,0.000002,0.000000,0.000000,Landed,0.0000000,360.0000000,
2790.500,0.000006,0.000000,0.000000,Landed,0.0000000,360.0000000,
2791.000,-0.000003,0.000000,0.000000,Landed,0.0000000,360.0000000,
2791.500,0.000002,0.000000,0.000000,Landed,0.0000000,360.0000000,
2792.000,-0.000007,0.000000,0.000000,Landed,0.0000000,360.0000000,
2792.500,-0.000000,0.000000,0.000000,Landed,0.0000000,360.0000000,
2793.000,-0.000009,0.000000,0.000000,Landed,0.0000000,360.0000000,
2793.500,-0.000002,0.000000,0.000000,Landed,0.0000000,360.0000000,
2794.000,-0.000010,0.000000,0.000000,Landed,0.0000000,360.0000000,
2794.500,-0.000003,0.000000,0.000000,Landed,0.0000000,360.0000000,
2795.000,-0.000011,0.000000,0.000000,Landed,0.0000000,360.0000000,
2795.500,-0.000004,0.000000,0.000000,Landed,0.0000000,360.0000000,
2796.000,-0.000012,0.000000,0.000000,Landed,0.0000000,360.0000000,
2796.500,-0.000005,0.000000,0.000000,Landed,0.0000000,360.0000000,
2797.000,-0.000013,0.000000,0.000000,Landed,0.0000000,360.0000000,
2797.500,-0.000006,0.000000,0.000000,Landed,0.0000000,360.0000000,
2798.000,-0.000014,0.000000,0.000000,Landed,0.0000000,360.0000000,
2798.500,-0.000007,0.000000,0.000000,Landed,0.0000000,360.0000000,
2799.000,0.000014,0.000000,0.000000,Landed,0.0000000,360.0000000,
2799.500,-0.000012,0.000000,0.000000,Landed,0.0000000,360.0000000,
2800.000,0.000009,0.000000,0.000000,Landed,0.0000000,360.0000000,
2800.500,0.000012,0.000000,0.000000,Landed,0.0000000,360.0000000,
2801.000,0.000001,0.000000,0.000000,Landed,0.0000000,360.0000000,
2801.500,0.000005,0.000000,0.000000,Landed,0.0000000,360.0000000,
2802.000,-0.000005,0.000000,0.000000,Landed,0.0000000,360.0000000,
2802.500,-0.000001,0.000000,0.000000,Landed,0.0000000,360.0000000,
2803.000,-0.000010,0.000000,0.000000,Landed,0.0000000,360.0000000,
2803.500,-0.000005,0.000000,0.000000,Landed,0.0000000,360.0000000,
2804.000,0.000014,0.000000,0.000000,Landed,0.0000000,360.0000000,
2804.500,-0.000014,0.000000,0.000000,Landed,0.0000000,360.0000000,
2805.000,0.000006,0.000000,0.000000,Landed,0.0000000,360.0000000,
2805.500,0.000008,0.000000,0.000000,Landed,0.0000000,360.0000000,
2806.000,-0.000004,0.000000,0.000000,Landed,0.0000000,360.0000000,
2806.500,-0.000002,0.000000,0.000000,Landed,0.0000000,360.0000000,
2807.000,-0.000013,0.000000,0.000000,Landed,0.0000000,360.0000000,
2807.500,-0.000009,0.000000,0.000000,Landed,0.0000000,360.0000000,
2808.000,0.000009,0.000000,0.000000,Landed,0.0000000,360.0000000,
2808.500,0.000008,0.000000,0.000000,Landed,0.0000000,360.0000000,
2809.000,-0.000006,0.000000,0.000000,Landed,0.0000000,360.0000000,
2809.500,-0.000004,0.000000,0.000000,Landed,0.0000000,360.0000000,
2810.000,0.000012,0.000000,0.000000,Landed,0.0000000,360.0000000,
2810.500,0.000010,0.000000,0.000000,Landed,0.0000000,360.0000000,
2811.000,-0.000007,0.000000,0.000000,Landed,0.0000000,360.0000000,
2811.500,-0.000007,0.000000,0.000000,Landed,0.0000000,360.0000000,
2812.000,0.000007,0.000000,0.000000,Landed,0.0000000,360.0000000,
2812.500,0.000005,0.000000,0.000000,Landed,0.0000000,360.0000000,
2813.000,-0.000013,0.000000,0.000000,Landed,0.0000000,360.0000000,
2813.500,-0.000013,0.000000,0.000000,Landed,0.0000000,360.0000000,
2814.000,0.000000,0.000000,0.000000,Landed,0.0000000,360.0000000,
2814.500,-0.000003,0.000000,0.000000,Landed,0.0000000,360.0000000,
2815.000,0.000008,0.000000,0.000000,Landed,0.0000000,360.0000000,
2815.500,0.000003,0.000000,0.000000,Landed,0.0000000,360.0000000,
2816.000,0.000012,0.000000,0.000000,Landed,0.0000000,360.0000000,
2816.500,0.000005,0.000000,0.000000,Landed,0.0000000,360.0000000,
2817.000,0.000013,0.000000,0.000000,Landed,0.0000000,360.0000000,
2817.500,0.000006,0.000000,0.000000,Landed,0.0000000,360.0000000,
2818.000,0.000012,0.000000,0.000000,Landed,0.0000000,360.0000000,
2818.500,0.000004,0.000000,0.000000,Landed,0.0000000,360.0000000,
2819.000,0.000010,0.000000,0.000000,Landed,0.0000000,360.0000000,
2819.500,0.000001,0.000000,0.000000,Landed,0.0000000,360.0000000,
2820.000,0.000006,0.000000,0.000000,Landed,0.0000000,360.0000000,
2820.500,-0.000003,0.000000,0.000000,Landed,0.0000000,360.0000000,
2821.000,0.000002,0.000000,0.000000,Landed,0.0000000,360.0000000,
2821.500,-0.000008,0.000000,0.000000,Landed,0.0000000,360.0000000,
2822.000,-0.000003,0.000000,0.000000,Landed,0.0000000,360.0000000,
2822.500,-0.000013,0.000000,0.000000,Landed,0.0000000,360.0000000,
2823.000,-0.000009,0.000000,0.000000,Landed,0.0000000,360.0000000,
2823.500,0.000009,0.000000,0.000000,Landed,0.0000000,360.0000000,
2824.000,0.000009,0.000000,0.000000,Landed,0.0000000,360.0000000,
2824.500,-0.000006,0.000000,0.000000,Landed,0.0000000,360.0000000,
2825.000,-0.000005,0.000000,0.000000,Landed,0.0000000,360.0000000,
2825.500,0.000009,0.000000,0.000000,Landed,0.0000000,360.0000000,
2826.000,0.000006,0.000000,0.000000,Landed,0.0000000,360.0000000,
2826.500,-0.000011,0.000000,0.000000,Landed,0.0000000,360.0000000,
2827.000,-0.000012,0.000000,0.000000,Landed,0.0000000,360.0000000,
2827.500,0.000000,0.000000,0.000000,Landed,0.0000000,360.0000000,
2828.000,-0.000004,0.000000,0.000000,Landed,0.0000000,360.0000000,
2828.500,0.000006,0.000000,0.000000,Landed,0.0000000,360.0000000,
2829.000,-0.000000,0.000000,0.000000,Landed,0.0000000,360.0000000,
2829.500,0.000008,0.000000,0.000000,Landed,0.0000000,360.0000000,
2830.000,-0.000000,0.000000,0.000000,Landed,0.0000000,360.0000000,
2830.500,0.000006,0.000000,0.000000,Landed,0.0000000,360.0000000,
2831.000,-0.000003,0.000000,0.000000,Landed,0.0000000,360.0000000,
2831.500,0.000002,0.000000,0.000000,Landed,0.0000000,360.0000000,
2832.000,-0.000008,0.000000,0.000000,Landed,0.0000000,360.0000000,
2832.500,-0.000003,0.000000,0.000000,Landed,0.0000000,360.0000000,
2833.000,-0.000014,0.000000,0.000000,Landed,0.0000000,360.0000000,
2833.500,-0.000010,0.000000,0.000000,Landed,0.0000000,360.0000000,
2834.000,0.000008,0.000000,0.000000,Landed,0.0000000,360.0000000,
2834.500,0.000006,0.000000,0.000000,Landed,0.0000000,360.0000000,
2835.000,-0.000010,0.000000,0.000000,Landed,0.0000000,360.0000000,
2835.500,-0.000010,0.000000,0.000000,Landed,0.0000000,360.0000000,
2836.000,0.000003,0.000000,0.000000,Landed,0.0000000,360.0000000,
2836.500,-0.000001,0.000000,0.000000,Landed,0.0000000,360.0000000,
2837.000,0.000009,0.000000,0.000000,Landed,0.0000000,360.0000000,
2837.500,0.000003,0.000000,0.000000,Landed,0.0000000,360.0000000,
2838.000,0.000010,0.000000,0.000000,Landed,0.0000000,360.0000000,
2838.500,0.000002,0.000000,0.000000,Landed,0.0000000,360.0000000,
2839.000,0.000008,0.000000,0.000000,Landed,0.0000000,360.0000000,
2839.500,-0.000002,0.000000,0.000000,Landed,0.0000000,360.0000000,
2840.000,0.000003,0.000000,0.000000,Landed,0.0000000,360.0000000,
2840.500,-0.000008,0.000000,0.000000,Landed,0.0000000,360.0000000,
2841.000,-0.000004,0.000000,0.000000,Landed,0.0000000,360.0000000,
2841.500,0.000013,0.000000,0.000000,Landed,0.0000000,360.0000000,
2842.000,0.000012,0.000000,0.000000,Landed,0.0000000,360.0000000,
2842.500,-0.000006,0.000000,0.000000,Landed,0.0000000,360.0000000,
2843.000,-0.000006,0.000000,0.000000,Landed,0.0000000,360.0000000,
2843.500,0.000006,0.000000,0.000000,Landed,0.0000000,360.0000000,
2844.000,0.000002,0.000000,0.000000,Landed,0.0000000,360.0000000,
2844.500,0.000011,0.000000,0.000000,Landed,0.0000000,360.0000000,
2845.000,0.000004,0.000000,0.000000,Landed,0.0000000,360.0000000,
2845.500,0.000011,0.000000,0.000000,Landed,0.0000000,360.0000000,
2846.000,0.000002,0.000000,0.000000,Landed,0.0000000,360.0000000,
2846.500,0.000007,0.000000,0.000000,Landed,0.0000000,360.0000000,
2847.000,-0.000004,0.000000,0.000000,Landed,0.0000000,360.0000000,
2847.500,-0.000000,0.000000,0.000000,Landed,0.0000000,360.0000000,
2848.000,-0.000012,0.000000,0.000000,Landed,0.0000000,360.0000000,
2848.500,-0.000009,0.000000,0.000000,Landed,0.0000000,360.0000000,
2849.000,0.000006,0.000000,0.000000,Landed,0.0000000,360.0000000,
2849.500,0.000004,0.000000,0.000000,Landed,0.0000000,360.0000000,
2850.000,-0.000014,0.000000,0.000000,Landed,0.0000000,360.0000000,
2850.500,0.000013,0.000000,0.000000,Landed,0.0000000,360.0000000,
2851.000,-0.000008,0.000000,0.000000,Landed,0.0000000,360.0000000,
2851.500,-0.000013,0.000000,0.000000,Landed,0.0000000,360.0000000,
2852.000,-0.000004,0.000000,0.000000,Landed,0.0000000,360.0000000,
2852.500,-0.000011,0.000000,0.000000,Landed,0.0000000,360.0000000,
2853.000,-0.000005,0.000000,0.000000,Landed,0.0000000,360.0000000,
2853.500,0.000014,0.000000,0.000000,Landed,0.0000000,360.0000000,
2854.000,0.000014,0.000000,0.000000,Landed,0.0000000,360.0000000,
2854.500,-0.000001,0.000000,0.000000,Landed,0.0000000,360.0000000,
2855.000,-0.000002,0.000000,0.000000,Landed,0.0000000,360.0000000,
2855.500,0.000011,0.000000,0.000000,Landed,0.0000000,360.0000000,
2856.000,0.000006,0.000000,0.000000,Landed,0.0000000,360.0000000,
2856.500,-0.000014,0.000000,0.000000,Landed,0.0000000,360.0000000,
2857.000,0.000012,0.000000,0.000000,Landed,0.0000000,360.0000000,
2857.500,-0.000012,0.000000,0.000000,Landed,0.0000000,360.0000000,
2858.000,0.000011,0.000000,0.000000,Landed,0.0000000,360.0000000,
2858.500,0.000014,0.000000,0.000000,Landed,0.0000000,360.0000000,
2859.000,0.000001,0.000000,0.000000,Landed,0.0000000,360.0000000,
2859.500,0.000003,0.000000,0.000000,Landed,0.0000000,360.0000000,
2860.000,-0.000011,0.000000,0.000000,Landed,0.0000000,360.0000000,
2860.500,-0.000010,0.000000,0.000000,Landed,0.0000000,360.0000000,
2861.000,0.000003,0.000000,0.000000,Landed,0.0000000,360.0000000,
2861.500,-0.000001,0.000000,0.000000,Landed,0.0000000,360.0000000,
2862.000,0.000008,0.000000,0.000000,Landed,0.0000000,360.0000000,
2862.500,0.000001,0.000000,0.000000,Landed,0.0000000,360.0000000,
2863.000,0.000007,0.000000,0.000000,Landed,0.0000000,360.0000000,
2863.500,-0.000003,0.000000,0.000000,Landed,0.0000000,360.0000000,
2864.000,0.000001,0.000000,0.000000,Landed,0.0000000,360.0000000,
2864.500,-0.000011,0.000000,0.000000,Landed,0.0000000,360.0000000,
2865.000,-0.000009,0.000000,0.000000,Landed,0.0000000,360.0000000,
2865.500,0.000005,0.000000,0.000000,Landed,0.0000000,360.0000000,
2866.000,0.000002,0.000000,0.000000,Landed,0.0000000,360.0000000,
2866.500,0.000011,0.000000,0.000000,Landed,0.0000000,360.0000000,
2867.000,0.000004,0.000000,0.000000,Landed,0.0000000,360.0000000,
2867.500,0.000011,0.000000,0.000000,Landed,0.0000000,360.0000000,
2868.000,0.000001,0.000000,0.000000,Landed,0.0000000,360.0000000,
2868.500,0.000004,0.000000,0.000000,Landed,0.0000000,360.0000000,
2869.000,-0.000008,0.000000,0.000000,Landed,0.0000000,360.0000000,
2869.500,-0.000005,0.000000,0.000000,Landed,0.0000000,360.0000000,
2870.000,0.000009,0.000000,0.000000,Landed,0.0000000,360.0000000,
2870.500,0.000005,0.000000,0.000000,Landed,0.0000000,360.0000000,
2871.000,0.000014,0.000000,0.000000,Landed,0.0000000,360.0000000,
2871.500,0.000007,0.000000,0.000000,Landed,0.0000000,360.0000000,
2872.000,0.000013,0.000000,0.000000,Landed,0.0000000,360.0000000,
2872.500,0.000002,0.000000,0.000000,Landed,0.0000000,360.0000000,
2873.000,0.000006,0.000000,0.000000,Landed,0.0000000,360.0000000,
2873.500,-0.000007,0.000000,0.000000,Landed,0.0000000,360.0000000,
2874.000,-0.000005,0.000000,0.000000,Landed,0.0000000,360.0000000,
2874.500,0.000008,0.000000,0.000000,Landed,0.0000000,360.0000000,
2875.000,0.000004,0.000000,0.000000,Landed,0.0000000,360.0000000,
2875.500,0.000013,0.000000,0.000000,Landed,0.0000000,360.0000000,
2876.000,0.000005,0.000000,0.000000,Landed,0.0000000,360.0000000,
2876.500,0.000010,0.000000,0.000000,Landed,0.0000000,360.0000000,
2877.000,-0.000001,0.000000,0.000000,Landed,0.0000000,360.0000000,
2877.500,0.000002,0.000000,0.000000,Landed,0.0000000,360.0000000,
2878.000,-0.000011,0.000000,0.000000,Landed,0.0000000,360.0000000,
2878.500,-0.000010,0.000000,0.000000,Landed,0.0000000,360.0000000,
2879.000,0.000003,0.000000,0.000000,Landed,0.0000000,360.0000000,
2879.500,-0.000002,0.000000,0.000000,Landed,0.0000000,360.0000000,
2880.000,0.000006,0.000000,0.000000,Landed,0.0000000,360.0000000,
2880.500,-0.000002,0.000000,0.000000,Landed,0.0000000,360.0000000,
2881.000,0.000003,0.000000,0.000000,Landed,0.0000000,360.0000000,
2881.500,-0.000009,0.000000,0.000000,Landed,0.0000000,360.0000000,
2882.000,-0.000007,0.000000,0.000000,Landed,0.0000000,360.0000000,
2882.500,0.000007,0.000000,0.000000,Landed,0.0000000,360.0000000,
2883.000,0.000003,0.000000,0.000000,Landed,0.0000000,360.0000000,
2883.500,0.000012,0.000000,0.000000,Landed,0.0000000,360.0000000,
2884.000,0.000004,0.000000,0.000000,Landed,0.0000000,360.0000000,
2884.500,0.000009,0.000000,0.000000,Landed,0.0000000,360.0000000,
2885.000,-0.000003,0.000000,0.000000,Landed,0.0000000,360.0000000,
2885.500,-0.000001,0.000000,0.000000,Landed,0.0000000,360.0000000,
2886.000,-0.000014,0.000000,0.000000,Landed,0.0000000,360.0000000,
2886.500,-0.000014,0.000000,0.000000,Landed,0.0000000,360.0000000,
2887.000,-0.000001,0.000000,0.000000,Landed,0.0000000,360.0000000,
2887.500,-0.000007,0.000000,0.000000,Landed,0.0000000,360.0000000,
2888.000,0.000000,0.000000,0.000000,Landed,0.0000000,360.0000000,
2888.500,-0.000009,0.000000,0.000000,Landed,0.0000000,360.0000000,
2889.000,-0.000005,0.000000,0.000000,Landed,0.0000000,360.0000000,
2889.500,0.000011,0.000000,0.000000,Landed,0.0000000,360.0000000,
2890.000,0.000008,0.000000,0.000000,Landed,0.0000000,360.0000000,
2890.500,-0.000012,0.000000,0.000000,Landed,0.0000000,360.0000000,
2891.000,0.000013,0.000000,0.000000,Landed,0.0000000,360.0000000,
2891.500,-0.000011,0.000000,0.000000,Landed,0.0000000,360.0000000,
2892.000,0.000010,0.000000,0.000000,Landed,0.0000000,360.0000000,
2892.500,0.000011,0.000000,0.000000,Landed,0.0000000,360.0000000,
2893.000,-0.000004,0.000000,0.000000,Landed,0.0000000,360.0000000,
2893.500,-0.000005,0.000000,0.000000,Landed,0.0000000,360.0000000,
2894.000,0.000006,0.000000,0.000000,Landed,0.0000000,360.0000000,
2894.500,-0.000001,0.000000,0.000000,Landed,0.0000000,360.0000000,
2895.000,0.000005,0.000000,0.000000,Landed,0.0000000,360.0000000,
2895.500,-0.000005,0.000000,0.000000,Landed,0.0000000,360.0000000,
2896.000,-0.000003,0.000000,0.000000,Landed,0.0000000,360.0000000,
2896.500,0.000011,0.000000,0.000000,Landed,0.0000000,360.0000000,
2897.000,0.000007,0.000000,0.000000,Landed,0.0000000,360.0000000,
2897.500,-0.000013,0.000000,0.000000,Landed,0.0000000,360.0000000,
2898.000,0.000011,0.000000,0.000000,Landed,0.0000000,360.0000000,
2898.500,-0.000014,0.000000,0.000000,Landed,0.0000000,360.0000000,
2899.000,0.000006,0.000000,0.000000,Landed,0.0000000,360.0000000,
2899.500,0.000006,0.000000,0.000000,Landed,0.0000000,360.0000000,
2900.000,-0.000011,0.000000,0.000000,Landed,0.0000000,360.0000000,
2900.500,-0.000013,0.000000,0.000000,Landed,0.0000000,360.0000000,
2901.000,-0.000003,0.000000,0.000000,Landed,0.0000000,360.0000000,
2901.500,-0.000010,0.000000,0.000000,Landed,0.0000000,360.0000000,
2902.000,-0.000004,0.000000,0.000000,Landed,0.0000000,360.0000000,
2902.500,0.000013,0.000000,0.000000,Landed,0.0000000,360.0000000,
2903.000,0.000010,0.000000,0.000000,Landed,0.0000000,360.0000000,
2903.500,-0.000009,0.000000,0.000000,Landed,0.0000000,360.0000000,
2904.000,-0.000013,0.000000,0.000000,Landed,0.0000000,360.0000000,
2904.500,-0.000004,0.000000,0.000000,Landed,0.0000000,360.0000000,
2905.000,-0.000013,0.000000,0.000000,Landed,0.0000000,360.0000000,
2905.500,-0.000009,0.000000,0.000000,Landed,0.0000000,360.0000000,
2906.000,0.000006,0.000000,0.000000,Landed,0.0000000,360.0000000,
2906.500,0.000002,0.000000,0.000000,Landed,0.0000000,360.0000000,
2907.000,0.000011,0.000000,0.000000,Landed,0.0000000,360.0000000,
2907.500,0.000002,0.000000,0.000000,Landed,0.0000000,360.0000000,
2908.000,0.000006,0.000000,0.000000,Landed,0.0000000,360.0000000,
2908.500,-0.000007,0.000000,0.000000,Landed,0.0000000,360.0000000,
2909.000,-0.000006,0.000000,0.000000,Landed,0.0000000,360.0000000,
2909.500,0.000006,0.000000,0.000000,Landed,0.0000000,360.0000000,
2910.000,-0.000001,0.000000,0.000000,Landed,0.0000000,360.0000000,
2910.500,0.000006,0.000000,0.000000,Landed,0.0000000,360.0000000,
2911.000,-0.000005,0.000000,0.000000,Landed,0.0000000,360.0000000,
2911.500,-0.000003,0.000000,0.000000,Landed,0.0000000,360.0000000,
2912.000,0.000010,0.000000,0.000000,Landed,0.0000000,360.0000000,
2912.500,0.000005,0.000000,0.000000,Landed,0.0000000,360.0000000,
2913.000,0.000012,0.000000,0.000000,Landed,0.0000000,360.0000000,
2913.500,0.000002,0.000000,0.000000,Landed,0.0000000,360.0000000,
2914.000,0.000005,0.000000,0.000000,Landed,0.0000000,360.0000000,
2914.500,-0.000009,0.000000,0.000000,Landed,0.0000000,360.0000000,
2915.000,-0.000009,0.000000,0.000000,Landed,0.0000000,360.0000000,
2915.500,0.000002,0.000000,0.000000,Landed,0.0000000,360.0000000,
2916.000,-0.000005,0.000000,0.000000,Landed,0.0000000,360.0000000,
2916.500,0.000000,0.000000,0.000000,Landed,0.0000000,360.0000000,
2917.000,-0.000012,0.000000,0.000000,Landed,0.0000000,360.0000000,
2917.500,-0.000010,0.000000,0.000000,Landed,0.0000000,360.0000000,
2918.000,0.000002,0.000000,0.000000,Landed,0.0000000,360.0000000,
2918.500,-0.000004,0.000000,0.000000,Landed,0.0000000,360.0000000,
2919.000,0.000002,0.000000,0.000000,Landed,0.0000000,360.0000000,
2919.500,-0.000008,0.000000,0.000000,Landed,0.0000000,360.0000000,
2920.000,-0.000007,0.000000,0.000000,Landed,0.0000000,360.0000000,
2920.500,0.000006,0.000000,0.000000,Landed,0.0000000,360.0000000,
2921.000,0.000001,0.000000,0.000000,Landed,0.0000000,360.0000000,
2921.500,0.000007,0.000000,0.000000,Landed,0.0000000,360.0000000,
2922.000,-0.000004,0.000000,0.000000,Landed,0.0000000,360.0000000,
2922.500,-0.000002,0.000000,0.000000,Landed,0.0000000,360.0000000,
2923.000,0.000011,0.000000,0.000000,Landed,0.0000000,360.0000000,
2923.500,0.000005,0.000000,0.000000,Landed,0.0000000,360.0000000,
2924.000,0.000011,0.000000,0.000000,Landed,0.0000000,360.0000000,
2924.500,0.000000,0.000000,0.000000,Landed,0.0000000,360.0000000,
2925.000,0.000002,0.000000,0.000000,Landed,0.0000000,360.0000000,
2925.500,-0.000014,0.000000,0.000000,Landed,0.0000000,360.0000000,
2926.000,0.000013,0.000000,0.000000,Landed,0.0000000,360.0000000,
2926.500,-0.000010,0.000000,0.000000,Landed,0.0000000,360.0000000,
2927.000,0.000011,0.000000,0.000000,Landed,0.0000000,360.0000000,
2927.500,0.000011,0.000000,0.000000,Landed,0.0000000,360.0000000,
2928.000,-0.000006,0.000000,0.000000,Landed,0.0000000,360.0000000,
2928.500,-0.000009,0.000000,0.000000,Landed,0.0000000,360.0000000,
2929.000,0.000000,0.000000,0.000000,Landed,0.0000000,360.0000000,
2929.500,-0.000009,0.000000,0.000000,Landed,0.0000000,360.0000000,
2930.000,-0.000005,0.000000,0.000000,Landed,0.0000000,360.0000000,
2930.500,0.000009,0.000000,0.000000,Landed,0.0000000,360.0000000,
2931.000,0.000004,0.000000,0.000000,Landed,0.0000000,360.0000000,
2931.500,0.000010,0.000000,0.000000,Landed,0.0000000,360.0000000,
2932.000,-0.000000,0.000000,0.000000,Landed,0.0000000,360.0000000,
2932.500,0.000001,0.000000,0.000000,Landed,0.0000000,360.0000000,
2933.000,0.000014,0.000000,0.000000,Landed,0.0000000,360.0000000,
2933.500,0.000008,0.000000,0.000000,Landed,0.0000000,360.0000000,
2934.000,0.000013,0.000000,0.000000,Landed,0.0000000,360.0000000,
2934.500,0.000001,0.000000,0.000000,Landed,0.0000000,360.0000000,
2935.000,0.000002,0.000000,0.000000,Landed,0.0000000,360.0000000,
2935.500,0.000014,0.000000,0.000000,Landed,0.0000000,360.0000000,
2936.000,0.000007,0.000000,0.000000,Landed,0.0000000,360.0000000,
2936.500,0.000012,0.000000,0.000000,Landed,0.0000000,360.0000000,
2937.000,-0.000000,0.000000,0.000000,Landed,0.0000000,360.0000000,
2937.500,0.000000,0.000000,0.000000,Landed,0.0000000,360.0000000,
2938.000,0.000011,0.000000,0.000000,Landed,0.0000000,360.0000000,
2938.500,0.000004,0.000000,0.000000,Landed,0.0000000,360.0000000,
2939.000,0.000009,0.000000,0.000000,Landed,0.0000000,360.0000000,
2939.500,-0.000004,0.000000,0.000000,Landed,0.0000000,360.0000000,
2940.000,-0.000004,0.000000,0.000000,Landed,0.0000000,360.0000000,
2940.500,0.000007,0.000000,0.000000,Landed,0.0000000,360.0000000,
2941.000,-0.000001,0.000000,0.000000,Landed,0.0000000,360.0000000,
2941.500,0.000003,0.000000,0.000000,Landed,0.0000000,360.0000000,
2942.000,-0.000010,0.000000,0.000000,Landed,0.0000000,360.0000000,
2942.500,-0.000010,0.000000,0.000000,Landed,0.0000000,360.0000000,
2943.000,0.000000,0.000000,0.000000,Landed,0.0000000,360.0000000,
2943.500,-0.000008,0.000000,0.000000,Landed,0.0000000,360.0000000,
2944.000,-0.000004,0.000000,0.000000,Landed,0.0000000,360.0000000,
2944.500,0.000010,0.000000,0.000000,Landed,0.0000000,360.0000000,
2945.000,0.000005,0.000000,0.000000,Landed,0.0000000,360.0000000,
2945.500,0.000011,0.000000,0.000000,Landed,0.0000000,360.0000000,
2946.000,-0.000001,0.000000,0.000000,Landed,0.0000000,360.0000000,
2946.500,0.000000,0.000000,0.000000,Landed,0.0000000,360.0000000,
2947.000,0.000012,0.000000,0.000000,Landed,0.0000000,360.0000000,
2947.500,0.000004,0.000000,0.000000,Landed,0.0000000,360.0000000,
2948.000,0.000009,0.000000,0.000000,Landed,0.0000000,360.0000000,
2948.500,-0.000004,0.000000,0.000000,Landed,0.0000000,360.0000000,
2949.000,-0.000005,0.000000,0.000000,Landed,0.0000000,360.0000000,
2949.500,0.000005,0.000000,0.000000,Landed,0.0000000,360.0000000,
2950.000,-0.000003,0.000000,0.000000,Landed,0.0000000,360.0000000,
2950.500,0.000000,0.000000,0.000000,Landed,0.0000000,360.0000000,
2951.000,0.000014,0.000000,0.000000,Landed,0.0000000,360.0000000,
2951.500,0.000008,0.000000,0.000000,Landed,0.0000000,360.0000000,
2952.000,0.000014,0.000000,0.000000,Landed,0.0000000,360.0000000,
2952.500,0.000002,0.000000,0.000000,Landed,0.0000000,360.0000000,
2953.000,0.000002,0.000000,0.000000,Landed,0.0000000,360.0000000,
2953.500,0.000013,0.000000,0.000000,Landed,0.0000000,360.0000000,
2954.000,0.000004,0.000000,0.000000,Landed,0.0000000,360.0000000,
2954.500,0.000008,0.000000,0.000000,Landed,0.0000000,360.0000000,
2955.000,-0.000006,0.000000,0.000000,Landed,0.0000000,360.0000000,
2955.500,-0.000007,0.000000,0.000000,Landed,0.0000000,360.0000000,
2956.000,0.000003,0.000000,0.000000,Landed,0.0000000,360.0000000,
2956.500,-0.000006,0.000000,0.000000,Landed,0.0000000,360.0000000,
2957.000,-0.000004,0.000000,0.000000,Landed,0.0000000,360.0000000,
2957.500,0.000009,0.000000,0.000000,Landed,0.0000000,360.0000000,
2958.000,0.000002,0.000000,0.000000,Landed,0.0000000,360.0000000,
2958.500,0.000007,0.000000,0.000000,Landed,0.0000000,360.0000000,
2959.000,-0.000006,0.000000,0.000000,Landed,0.0000000,360.0000000,
2959.500,-0.000006,0.000000,0.000000,Landed,0.0000000,360.0000000,
2960.000,0.000004,0.000000,0.000000,Landed,0.0000000,360.0000000,
2960.500,-0.000005,0.000000,0.000000,Landed,0.0000000,360.0000000,
2961.000,-0.000002,0.000000,0.000000,Landed,0.0000000,360.0000000,
2961.500,0.000010,0.000000,0.000000,Landed,0.0000000,360.0000000,
2962.000,0.000004,0.000000,0.000000,Landed,0.0000000,360.0000000,
2962.500,0.000008,0.000000,0.000000,Landed,0.0000000,360.0000000,
2963.000,-0.000005,0.000000,0.000000,Landed,0.0000000,360.0000000,
2963.500,-0.000005,0.000000,0.000000,Landed,0.0000000,360.0000000,
2964.000,0.000004,0.000000,0.000000,Landed,0.0000000,360.0000000,
2964.500,-0.000005,0.000000,0.000000,Landed,0.0000000,360.0000000,
2965.000,-0.000002,0.000000,0.000000,Landed,0.0000000,360.0000000,
2965.500,0.000010,0.000000,0.000000,Landed,0.0000000,360.0000000,
2966.000,0.000003,0.000000,0.000000,Landed,0.0000000,360.0000000,
2966.500,0.000007,0.000000,0.000000,Landed,0.0000000,360.0000000,
2967.000,-0.000006,0.000000,0.000000,Landed,0.0000000,360.0000000,
2967.500,-0.000007,0.000000,0.000000,Landed,0.0000000,360.0000000,
2968.000,0.000002,0.000000,0.000000,Landed,0.0000000,360.0000000,
2968.500,-0.000008,0.000000,0.000000,Landed,0.0000000,360.0000000,
2969.000,-0.000006,0.000000,0.000000,Landed,0.0000000,360.0000000,
2969.500,0.000006,0.000000,0.000000,Landed,0.0000000,360.0000000,
2970.000,-0.000001,0.000000,0.000000,Landed,0.0000000,360.0000000,
2970.500,0.000002,0.000000,0.000000,Landed,0.0000000,360.0000000,
2971.000,-0.000011,0.000000,0.000000,Landed,0.0000000,360.0000000,
2971.500,-0.000013,0.000000,0.000000,Landed,0.0000000,360.0000000,
2972.000,-0.000004,0.000000,0.000000,Landed,0.0000000,360.0000000,
2972.500,0.000014,0.000000,0.000000,Landed,0.0000000,360.0000000,
2973.000,0.000011,0.000000,0.000000,Landed,0.0000000,360.0000000,
2973.500,-0.000011,0.000000,0.000000,Landed,0.0000000,360.0000000,
2974.000,0.000012,0.000000,0.000000,Landed,0.0000000,360.0000000,
2974.500,0.000011,0.000000,0.000000,Landed,0.0000000,360.0000000,
2975.000,-0.000007,0.000000,0.000000,Landed,0.0000000,360.0000000,
2975.500,-0.000012,0.000000,0.000000,Landed,0.0000000,360.0000000,
2976.000,-0.000005,0.000000,0.000000,Landed,0.0000000,360.0000000,
2976.500,0.000011,0.000000,0.000000,Landed,0.0000000,360.0000000,
2977.000,0.000006,0.000000,0.000000,Landed,0.0000000,360.0000000,
2977.500,0.000012,0.000000,0.000000,Landed,0.0000000,360.0000000,
2978.000,-0.000001,0.000000,0.000000,Landed,0.0000000,360.0000000,
2978.500,-0.000002,0.000000,0.000000,Landed,0.0000000,360.0000000,
2979.000,0.000008,0.000000,0.000000,Landed,0.0000000,360.0000000,
2979.500,-0.000002,0.000000,0.000000,Landed,0.0000000,360.0000000,
2980.000,-0.000000,0.000000,0.000000,Landed,0.0000000,360.0000000,
2980.500,0.000011,0.000000,0.000000,Landed,0.0000000,360.0000000,
2981.000,0.000003,0.000000,0.000000,Landed,0.0000000,360.0000000,
2981.500,0.000006,0.000000,0.000000,Landed,0.0000000,360.0000000,
2982.000,-0.000010,0.000000,0.000000,Landed,0.0000000,360.0000000,
2982.500,-0.000012,0.000000,0.000000,Landed,0.0000000,360.0000000,
2983.000,-0.000004,0.000000,0.000000,Landed,0.0000000,360.0000000,
2983.500,0.000013,0.000000,0.000000,Landed,0.0000000,360.0000000,
2984.000,0.000009,0.000000,0.000000,Landed,0.0000000,360.0000000,
2984.500,-0.000014,0.000000,0.000000,Landed,0.0000000,360.0000000,
2985.000,0.000007,0.000000,0.000000,Landed,0.0000000,360.0000000,
2985.500,0.000006,0.000000,0.000000,Landed,0.0000000,360.0000000,
2986.000,-0.000014,0.000000,0.000000,Landed,0.0000000,360.0000000,
2986.500,0.000009,0.000000,0.000000,Landed,0.0000000,360.0000000,
2987.000,0.000009,0.000000,0.000000,Landed,0.0000000,360.0000000,
2987.500,-0.000009,0.000000,0.000000,Landed,0.0000000,360.0000000,
2988.000,-0.000014,0.000000,0.000000,Landed,0.0000000,360.0000000,
2988.500,-0.000008,0.000000,0.000000,Landed,0.0000000,360.0000000,
2989.000,0.000006,0.000000,0.000000,Landed,0.0000000,360.0000000,
2989.500,0.000001,0.000000,0.000000,Landed,0.0000000,360.0000000,
2990.000,0.000006,0.000000,0.000000,Landed,0.0000000,360.0000000,
2990.500,-0.000008,0.000000,0.000000,Landed,0.0000000,360.0000000,
2991.000,-0.000009,0.000000,0.000000,Landed,0.0000000,360.0000000,
2991.500,-0.000001,0.000000,0.000000,Landed,0.0000000,360.0000000,
2992.000,-0.000012,0.000000,0.000000,Landed,0.0000000,360.0000000,
2992.500,-0.000011,0.000000,0.000000,Landed,0.0000000,360.0000000,
2993.000,-0.000001,0.000000,0.000000,Landed,0.0000000,360.0000000,
2993.500,-0.000011,0.000000,0.000000,Landed,0.0000000,360.0000000,
2994.000,-0.000009,0.000000,0.000000,Landed,0.0000000,360.0000000,
2994.500,0.000002,0.000000,0.000000,Landed,0.0000000,360.0000000,
2995.000,-0.000007,0.000000,0.000000,Landed,0.0000000,360.0000000,
2995.500,-0.000004,0.000000,0.000000,Landed,0.0000000,360.0000000,
2996.000,0.000007,0.000000,0.000000,Landed,0.0000000,360.0000000,
2996.500,-0.000001,0.000000,0.000000,Landed,0.0000000,360.0000000,
2997.000,0.000001,0.000000,0.000000,Landed,0.0000000,360.0000000,
2997.500,0.000013,0.000000,0.000000,Landed,0.0000000,360.0000000,
2998.000,0.000005,0.000000,0.000000,Landed,0.0000000,360.0000000,
2998.500,0.000007,0.000000,0.000000,Landed,0.0000000,360.0000000,
2999.000,-0.000009,0.000000,0.000000,Landed,0.0000000,360.0000000,
2999.500,-0.000013,0.000000,0.000000,Landed,0.0000000,360.0000000,
3000.000,-0.000006,0.000000,0.000000,Landed,0.0000000,360.0000000,
3000.500,0.000010,0.000000,0.000000,Landed,0.0000000,360.0000000,
3001.000,0.000005,0.000000,0.000000,Landed,0.0000000,360.0000000,
3001.500,0.000009,0.000000,0.000000,Landed,0.0000000,360.0000000,
3002.000,-0.000005,0.000000,0.000000,Landed,0.0000000,360.0000000,
3002.500,-0.000007,0.000000,0.000000,Landed,0.0000000,360.0000000,
3003.000,0.000000,0.000000,0.000000,Landed,0.0000000,360.0000000,
3003.500,-0.000011,0.000000,0.000000,Landed,0.0000000,360.0000000,
3004.000,-0.000012,0.000000,0.000000,Landed,0.0000000,360.0000000,
3004.500,-0.000003,0.000000,0.000000,Landed,0.0000000,360.0000000,
3005.000,-0.000013,0.000000,0.000000,Landed,0.0000000,360.0000000,
3005.500,-0.000013,0.000000,0.000000,Landed,0.0000000,360.0000000,
3006.000,-0.000003,0.000000,0.000000,Landed,0.0000000,360.0000000,
3006.500,-0.000013,0.000000,0.000000,Landed,0.0000000,360.0000000,
3007.000,-0.000012,0.000000,0.000000,Landed,0.0000000,360.0000000,
3007.500,-0.000002,0.000000,0.000000,Landed,0.0000000,360.0000000,
3008.000,-0.000011,0.000000,0.000000,Landed,0.0000000,360.0000000,
3008.500,-0.000010,0.000000,0.000000,Landed,0.0000000,360.0000000,
3009.000,0.000000,0.000000,0.000000,Landed,0.0000000,360.0000000,
3009.500,-0.000009,0.000000,0.000000,Landed,0.0000000,360.0000000,
3010.000,-0.000008,0.000000,0.000000,Landed,0.0000000,360.0000000,
3010.500,0.000002,0.000000,0.000000,Landed,0.0000000,360.0000000,
3011.000,-0.000007,0.000000,0.000000,Landed,0.0000000,360.0000000,
3011.500,-0.000006,0.000000,0.000000,Landed,0.0000000,360.0000000,
3012.000,0.000004,0.000000,0.000000,Landed,0.0000000,360.0000000,
3012.500,-0.000006,0.000000,0.000000,Landed,0.0000000,360.0000000,
3013.000,-0.000005,0.000000,0.000000,Landed,0.0000000,360.0000000,
3013.500,0.000005,0.000000,0.000000,Landed,0.0000000,360.0000000,
3014.000,-0.000004,0.000000,0.000000,Landed,0.0000000,360.0000000,
3014.500,-0.000003,0.000000,0.000000,Landed,0.0000000,360.0000000,
3015.000,0.000006,0.000000,0.000000,Landed,0.0000000,360.0000000,
3015.500,-0.000004,0.000000,0.000000,Landed,0.0000000,360.0000000,
3016.000,-0.000003,0.000000,0.000000,Landed,0.0000000,360.0000000,
3016.500,0.000007,0.000000,0.000000,Landed,0.0000000,360.0000000,
3017.000,-0.000003,0.000000,0.000000,Landed,0.0000000,360.0000000,
3017.500,-0.000003,0.000000,0.000000,Landed,0.0000000,360.0000000,
3018.000,0.000007,0.000000,0.000000,Landed,0.0000000,360.0000000,
3018.500,-0.000003,0.000000,0.000000,Landed,0.0000000,360.0000000,
3019.000,-0.000003,0.000000,0.000000,Landed,0.0000000,360.0000000,
3019.500,0.000006,0.000000,0.000000,Landed,0.0000000,360.0000000,
3020.000,-0.000004,0.000000,0.000000,Landed,0.0000000,360.0000000,
3020.500,-0.000004,0.000000,0.000000,Landed,0.0000000,360.0000000,
3021.000,0.000005,0.000000,0.000000,Landed,0.0000000,360.0000000,
3021.500,-0.000005,0.000000,0.000000,Landed,0.0000000,360.0000000,
3022.000,-0.000005,0.000000,0.000000,Landed,0.0000000,360.0000000,
3022.500,0.000004,0.000000,0.000000,Landed,0.0000000,360.0000000,
3023.000,-0.000007,0.000000,0.000000,Landed,0.0000000,360.0000000,
3023.500,-0.000007,0.000000,0.000000,Landed,0.0000000,360.0000000,
3024.000,0.000001,0.000000,0.000000,Landed,0.0000000,360.0000000,
3024.500,-0.000010,0.000000,0.000000,Landed,0.0000000,360.0000000,
3025.000,-0.000010,0.000000,0.000000,Landed,0.0000000,360.0000000,
3025.500,-0.000001,0.000000,0.000000,Landed,0.0000000,360.0000000,
3026.000,-0.000012,0.000000,0.000000,Landed,0.0000000,360.0000000,
3026.500,-0.000013,0.000000,0.000000,Landed,0.0000000,360.0000000,
3027.000,-0.000004,0.000000,0.000000,Landed,0.0000000,360.0000000,
3027.500,0.000013,0.000000,0.000000,Landed,0.0000000,360.0000000,
3028.000,0.000007,0.000000,0.000000,Landed,0.0000000,360.0000000,
3028.500,0.000011,0.000000,0.000000,Landed,0.0000000,360.0000000,
3029.000,-0.000004,0.000000,0.000000,Landed,0.0000000,360.0000000,
3029.500,-0.000008,0.000000,0.000000,Landed,0.0000000,360.0000000,
3030.000,-0.000002,0.000000,0.000000,Landed,0.0000000,360.0000000,
3030.500,0.000012,0.000000,0.000000,Landed,0.0000000,360.0000000,
3031.000,0.000004,0.000000,0.000000,Landed,0.0000000,360.0000000,
3031.500,0.000007,0.000000,0.000000,Landed,0.0000000,360.0000000,
3032.000,-0.000011,0.000000,0.000000,Landed,0.0000000,360.0000000,
3032.500,0.000013,0.000000,0.000000,Landed,0.0000000,360.0000000,
3033.000,0.000013,0.000000,0.000000,Landed,0.0000000,360.0000000,
3033.500,-0.000007,0.000000,0.000000,Landed,0.0000000,360.0000000,
3034.000,-0.000013,0.000000,0.000000,Landed,0.0000000,360.0000000,
3034.500,-0.000010,0.000000,0.000000,Landed,0.0000000,360.0000000,
3035.000,0.000002,0.000000,0.000000,Landed,0.0000000,360.0000000,
3035.500,-0.000007,0.000000,0.000000,Landed,0.0000000,360.0000000,
3036.000,-0.000006,0.000000,0.000000,Landed,0.0000000,360.0000000,
3036.500,0.000003,0.000000,0.000000,Landed,0.0000000,360.0000000,
3037.000,-0.000007,0.000000,0.000000,Landed,0.0000000,360.0000000,
3037.500,-0.000008,0.000000,0.000000,Landed,0.0000000,360.0000000,
3038.000,0.000001,0.000000,0.000000,Landed,0.0000000,360.0000000,
3038.500,-0.000011,0.000000,0.000000,Landed,0.0000000,360.0000000,
3039.000,-0.000012,0.000000,0.000000,Landed,0.0000000,360.0000000,
3039.500,-0.000005,0.000000,0.000000,Landed,0.0000000,360.0000000,
3040.000,0.000011,0.000000,0.000000,Landed,0.0000000,360.0000000,
3040.500,0.000005,0.000000,0.000000,Landed,0.0000000,360.0000000,
3041.000,0.000008,0.000000,0.000000,Landed,0.0000000,360.0000000,
3041.500,-0.000010,0.000000,0.000000,Landed,0.0000000,360.0000000,
3042.000,0.000014,0.000000,0.000000,Landed,0.0000000,360.0000000,
3042.500,0.000014,0.000000,0.000000,Landed,0.0000000,360.0000000,
3043.000,-0.000007,0.000000,0.000000,Landed,0.0000000,360.0000000,
3043.500,-0.000014,0.000000,0.000000,Landed,0.0000000,360.0000000,
3044.000,-0.000011,0.000000,0.000000,Landed,0.0000000,360.0000000,
3044.500,-0.000000,0.000000,0.000000,Landed,0.0000000,360.0000000,
3045.000,-0.000010,0.000000,0.000000,Landed,0.0000000,360.0000000,
3045.500,-0.000010,0.000000,0.000000,Landed,0.0000000,360.0000000,
3046.000,-0.000001,0.000000,0.000000,Landed,0.0000000,360.0000000,
3046.500,-0.000013,0.000000,0.000000,Landed,0.0000000,360.0000000,
3047.000,0.000014,0.000000,0.000000,Landed,0.0000000,360.0000000,
3047.500,-0.000012,0.000000,0.000000,Landed,0.0000000,360.0000000,
3048.000,0.000003,0.000000,0.000000,Landed,0.0000000,360.0000000,
3048.500,-0.000003,0.000000,0.000000,Landed,0.0000000,360.0000000,
3049.000,-0.000000,0.000000,0.000000,Landed,0.0000000,360.0000000,
3049.500,0.000011,0.000000,0.000000,Landed,0.0000000,360.0000000,
3050.000,0.000001,0.000000,0.000000,Landed,0.0000000,360.0000000,
3050.500,0.000001,0.000000,0.000000,Landed,0.0000000,360.0000000,
3051.000,0.000010,0.000000,0.000000,Landed,0.0000000,360.0000000,
3051.500,-0.000002,0.000000,0.000000,Landed,0.0000000,360.0000000,
3052.000,-0.000004,0.000000,0.000000,Landed,0.0000000,360.0000000,
3052.500,0.000003,0.000000,0.000000,Landed,0.0000000,360.0000000,
3053.000,-0.000010,0.000000,0.000000,Landed,0.0000000,360.0000000,
3053.500,-0.000013,0.000000,0.000000,Landed,0.0000000,360.0000000,
3054.000,-0.000006,0.000000,0.000000,Landed,0.0000000,360.0000000,
3054.500,0.000007,0.000000,0.000000,Landed,0.0000000,360.0000000,
3055.000,-0.000001,0.000000,0.000000,Landed,0.0000000,360.0000000,
3055.500,0.000000,0.000000,0.000000,Landed,0.0000000,360.0000000,
3056.000,0.000009,0.000000,0.000000,Landed,0.0000000,360.0000000,
3056.500,-0.000002,0.000000,0.000000,Landed,0.0000000,360.0000000,
3057.000,-0.000003,0.000000,0.000000,Landed,0.0000000,360.0000000,
3057.500,0.000004,0.000000,0.000000,Landed,0.0000000,360.0000000,
3058.000,-0.000009,0.000000,0.000000,Landed,0.0000000,360.0000000,
3058.500,-0.000011,0.000000,0.000000,Landed,0.0000000,360.0000000,
3059.000,-0.000005,0.000000,0.000000,Landed,0.0000000,360.0000000,
3059.500,0.000008,0.000000,0.000000,Landed,0.0000000,360.0000000,
3060.000,-0.000001,0.000000,0.000000,Landed,0.0000000,360.0000000,
3060.500,0.000001,0.000000,0.000000,Landed,0.0000000,360.0000000,
3061.000,0.000010,0.000000,0.000000,Landed,0.0000000,360.0000000,
3061.500,-0.000002,0.000000,0.000000,Landed,0.0000000,360.0000000,
3062.000,-0.000003,0.000000,0.000000,Landed,0.0000000,360.0000000,
3062.500,0.000003,0.000000,0.000000,Landed,0.0000000,360.0000000,
3063.000,-0.000010,0.000000,0.000000,Landed,0.0000000,360.0000000,
3063.500,-0.000013,0.000000,0.000000,Landed,0.0000000,360.0000000,
3064.000,-0.000008,0.000000,0.000000,Landed,0.0000000,360.0000000,
3064.500,0.000005,0.000000,0.000000,Landed,0.0000000,360.0000000,
3065.000,-0.000004,0.000000,0.000000,Landed,0.0000000,360.0000000,
3065.500,-0.000004,0.000000,0.000000,Landed,0.0000000,360.0000000,
3066.000,0.000005,0.000000,0.000000,Landed,0.0000000,360.0000000,
3066.500,-0.000007,0.000000,0.000000,Landed,0.0000000,360.0000000,
3067.000,-0.000009,0.000000,0.000000,Landed,0.0000000,360.0000000,
3067.500,-0.000003,0.000000,0.000000,Landed,0.0000000,360.0000000,
3068.000,0.000010,0.000000,0.000000,Landed,0.0000000,360.0000000,
3068.500,0.000001,0.000000,0.000000,Landed,0.0000000,360.0000000,
3069.000,0.000002,0.000000,0.000000,Landed,0.0000000,360.0000000,
3069.500,0.000010,0.000000,0.000000,Landed,0.0000000,360.0000000,
3070.000,-0.000002,0.000000,0.000000,Landed,0.0000000,360.0000000,
3070.500,-0.000004,0.000000,0.000000,Landed,0.0000000,360.0000000,
3071.000,0.000002,0.000000,0.000000,Landed,0.0000000,360.0000000,
3071.500,-0.000013,0.000000,0.000000,Landed,0.0000000,360.0000000,
3072.000,0.000011,0.000000,0.000000,Landed,0.0000000,360.0000000,
3072.500,0.000011,0.000000,0.000000,Landed,0.0000000,360.0000000,
3073.000,-0.000010,0.000000,0.000000,Landed,0.0000000,360.0000000,
3073.500,0.000011,0.000000,0.000000,Landed,0.0000000,360.0000000,
3074.000,0.000007,0.000000,0.000000,Landed,0.0000000,360.0000000,
3074.500,0.000011,0.000000,0.000000,Landed,0.0000000,360.0000000,
3075.000,-0.000006,0.000000,0.000000,Landed,0.0000000,360.0000000,
3075.500,-0.000011,0.000000,0.000000,Landed,0.0000000,360.0000000,
3076.000,-0.000007,0.000000,0.000000,Landed,0.0000000,360.0000000,
3076.500,0.000004,0.000000,0.000000,Landed,0.0000000,360.0000000,
3077.000,-0.000007,0.000000,0.000000,Landed,0.0000000,360.0000000,
3077.500,-0.000007,0.000000,0.000000,Landed,0.0000000,360.0000000,
3078.000,-0.000001,0.000000,0.000000,Landed,0.0000000,360.0000000,
3078.500,0.000013,0.000000,0.000000,Landed,0.0000000,360.0000000,
3079.000,0.000004,0.000000,0.000000,Landed,0.0000000,360.0000000,
3079.500,0.000005,0.000000,0.000000,Landed,0.0000000,360.0000000,
3080.000,0.000013,0.000000,0.000000,Landed,0.0000000,360.0000000,
3080.500,0.000000,0.000000,0.000000,Landed,0.0000000,360.0000000,
3081.000,-0.000002,0.000000,0.000000,Landed,0.0000000,360.0000000,
3081.500,0.000003,0.000000,0.000000,Landed,0.0000000,360.0000000,
3082.000,-0.000014,0.000000,0.000000,Landed,0.0000000,360.0000000,
3082.500,0.000010,0.000000,0.000000,Landed,0.0000000,360.0000000,
3083.000,0.000009,0.000000,0.000000,Landed,0.0000000,360.0000000,
3083.500,-0.000013,0.000000,0.000000,Landed,0.0000000,360.0000000,
3084.000,0.000006,0.000000,0.000000,Landed,0.0000000,360.0000000,
3084.500,0.000001,0.000000,0.000000,Landed,0.0000000,360.0000000,
3085.000,0.000005,0.000000,0.000000,Landed,0.0000000,360.0000000,
3085.500,-0.000013,0.000000,0.000000,Landed,0.0000000,360.0000000,
3086.000,0.000009,0.000000,0.000000,Landed,0.0000000,360.0000000,
3086.500,0.000006,0.000000,0.000000,Landed,0.0000000,360.0000000,
3087.000,0.000012,0.000000,0.000000,Landed,0.0000000,360.0000000,
3087.500,-0.000003,0.000000,0.000000,Landed,0.0000000,360.0000000,
3088.000,-0.000008,0.000000,0.000000,Landed,0.0000000,360.0000000,
3088.500,-0.000005,0.000000,0.000000,Landed,0.0000000,360.0000000,
3089.000,0.000005,0.000000,0.000000,Landed,0.0000000,360.0000000,
3089.500,-0.000006,0.000000,0.000000,Landed,0.0000000,360.0000000,
3090.000,-0.000008,0.000000,0.000000,Landed,0.0000000,360.0000000,
3090.500,-0.000002,0.000000,0.000000,Landed,0.0000000,360.0000000,
3091.000,0.000010,0.000000,0.000000,Landed,0.0000000,360.0000000,
3091.500,0.000001,0.000000,0.000000,Landed,0.0000000,360.0000000,
3092.000,0.000000,0.000000,0.000000,Landed,0.0000000,360.0000000,
3092.500,0.000007,0.000000,0.000000,Landed,0.0000000,360.0000000,
3093.000,-0.000007,0.000000,0.000000,Landed,0.0000000,360.0000000,
3093.500,-0.000011,0.000000,0.000000,Landed,0.0000000,360.0000000,
3094.000,-0.000007,0.000000,0.000000,Landed,0.0000000,360.0000000,
3094.500,0.000003,0.000000,0.000000,Landed,0.0000000,360.0000000,
3095.000,-0.000008,0.000000,0.000000,Landed,0.0000000,360.0000000,
3095.500,-0.000009,0.000000,0.000000,Landed,0.0000000,360.0000000,
3096.000,-0.000004,0.000000,0.000000,Landed,0.0000000,360.0000000,
3096.500,0.000008,0.000000,0.000000,Landed,0.0000000,360.0000000,
3097.000,-0.000002,0.000000,0.000000,Landed,0.0000000,360.0000000,
3097.500,-0.000003,0.000000,0.000000,Landed,0.0000000,360.0000000,
3098.000,0.000004,0.000000,0.000000,Landed,0.0000000,360.0000000,
3098.500,-0.000012,0.000000,0.000000,Landed,0.0000000,360.0000000,
3099.000,0.000012,0.000000,0.000000,Landed,0.0000000,360.0000000,
3099.500,0.000010,0.000000,0.000000,Landed,0.0000000,360.0000000,
3100.000,-0.000012,0.000000,0.000000,Landed,0.0000000,360.0000000,
3100.500,0.000007,0.000000,0.000000,Landed,0.0000000,360.0000000,
3101.000,0.000001,0.000000,0.000000,Landed,0.0000000,360.0000000,
3101.500,0.000003,0.000000,0.000000,Landed,0.0000000,360.0000000,
3102.000,0.000012,0.000000,0.000000,Landed,0.0000000,360.0000000,
3102.500,-0.000001,0.000000,0.000000,Landed,0.0000000,360.0000000,
3103.000,-0.000004,0.000000,0.000000,Landed,0.0000000,360.0000000,
3103.500,0.000000,0.000000,0.000000,Landed,0.0000000,360.0000000,
3104.000,0.000011,0.000000,0.000000,Landed,0.0000000,360.0000000,
3104.500,0.000000,0.000000,0.000000,Landed,0.0000000,360.0000000,
3105.000,-0.000002,0.000000,0.000000,Landed,0.0000000,360.0000000,
3105.500,0.000004,0.000000,0.000000,Landed,0.0000000,360.0000000,
3106.000,-0.000013,0.000000,0.000000,Landed,0.0000000,360.0000000,
3106.500,0.000010,0.000000,0.000000,Landed,0.0000000,360.0000000,
3107.000,0.000007,0.000000,0.000000,Landed,0.0000000,360.0000000,
3107.500,0.000012,0.000000,0.000000,Landed,0.0000000,360.0000000,
3108.000,-0.000005,0.000000,0.000000,Landed,0.0000000,360.0000000,
3108.500,-0.000011,0.000000,0.000000,Landed,0.0000000,360.0000000,
3109.000,-0.000009,0.000000,0.000000,Landed,0.0000000,360.0000000,
3109.500,0.000000,0.000000,0.000000,Landed,0.0000000,360.0000000,
3110.000,-0.000013,0.000000,0.000000,Landed,0.0000000,360.0000000,
3110.500,0.000012,0.000000,0.000000,Landed,0.0000000,360.0000000,
3111.000,0.000011,0.000000,0.000000,Landed,0.0000000,360.0000000,
3111.500,-0.000011,0.000000,0.000000,Landed,0.0000000,360.0000000,
3112.000,0.000007,0.000000,0.000000,Landed,0.0000000,360.0000000,
3112.500,0.000001,0.000000,0.000000,Landed,0.0000000,360.0000000,
3113.000,0.000002,0.000000,0.000000,Landed,0.0000000,360.0000000,
3113.500,0.000010,0.000000,0.000000,Landed,0.0000000,360.0000000,
3114.000,-0.000003,0.000000,0.000000,Landed,0.0000000,360.0000000,
3114.500,-0.000007,0.000000,0.000000,Landed,0.0000000,360.0000000,
3115.000,-0.000004,0.000000,0.000000,Landed,0.0000000,360.0000000,
3115.500,0.000006,0.000000,0.000000,Landed,0.0000000,360.0000000,
3116.000,-0.000006,0.000000,0.000000,Landed,0.0000000,360.0000000,
3116.500,-0.000009,0.000000,0.000000,Landed,0.0000000,360.0000000,
3117.000,-0.000005,0.000000,0.000000,Landed,0.0000000,360.0000000,
3117.500,0.000005,0.000000,0.000000,Landed,0.0000000,360.0000000,
3118.000,-0.000007,0.000000,0.000000,Landed,0.0000000,360.0000000,
3118.500,-0.000009,0.000000,0.000000,Landed,0.0000000,360.0000000,
3119.000,-0.000005,0.000000,0.000000,Landed,0.0000000,360.0000000,
3119.500,0.000005,0.000000,0.000000,Landed,0.0000000,360.0000000,
3120.000,-0.000006,0.000000,0.000000,Landed,0.0000000,360.0000000,
3120.500,-0.000009,0.000000,0.000000,Landed,0.0000000,360.0000000,
3121.000,-0.000005,0.000000,0.000000,Landed,0.0000000,360.0000000,
3121.500,0.000005,0.000000,0.000000,Landed,0.0000000,360.0000000,
3122.000,-0.000007,0.000000,0.000000,Landed,0.0000000,360.0000000,
3122.500,-0.000010,0.000000,0.000000,Landed,0.0000000,360.0000000,
3123.000,-0.000005,0.000000,0.000000,Landed,0.0000000,360.0000000,
3123.500,0.000005,0.000000,0.000000,Landed,0.0000000,360.0000000,
3124.000,-0.000007,0.000000,0.000000,Landed,0.0000000,360.0000000,
3124.500,-0.000011,0.000000,0.000000,Landed,0.0000000,360.0000000,
3125.000,-0.000007,0.000000,0.000000,Landed,0.0000000,360.0000000,
3125.500,0.000003,0.000000,0.000000,Landed,0.0000000,360.0000000,
3126.000,-0.000009,0.000000,0.000000,Landed,0.0000000,360.0000000,
3126.500,-0.000012,0.000000,0.000000,Landed,0.0000000,360.0000000,
3127.000,-0.000009,0.000000,0.000000,Landed,0.0000000,360.0000000,
3127.500,0.000001,0.000000,0.000000,Landed,0.0000000,360.0000000,
3128.000,-0.000011,0.000000,0.000000,Landed,0.0000000,360.0000000,
3128.500,0.000013,0.000000,0.000000,Landed,0.0000000,360.0000000,
3129.000,0.000011,0.000000,0.000000,Landed,0.0000000,360.0000000,
3129.500,-0.000012,0.000000,0.000000,Landed,0.0000000,360.0000000,
3130.000,0.000006,0.000000,0.000000,Landed,0.0000000,360.0000000,
3130.500,-0.000002,0.000000,0.000000,Landed,0.0000000,360.0000000,
3131.000,-0.000002,0.000000,0.000000,Landed,0.0000000,360.0000000,
3131.500,0.000005,0.000000,0.000000,Landed,0.0000000,360.0000000,
3132.000,-0.000012,0.000000,0.000000,Landed,0.0000000,360.0000000,
3132.500,0.000011,0.000000,0.000000,Landed,0.0000000,360.0000000,
3133.000,0.000008,0.000000,0.000000,Landed,0.0000000,360.0000000,
3133.500,0.000011,0.000000,0.000000,Landed,0.0000000,360.0000000,
3134.000,-0.000007,0.000000,0.000000,Landed,0.0000000,360.0000000,
3134.500,0.000013,0.000000,0.000000,Landed,0.0000000,360.0000000,
3135.000,0.000008,0.000000,0.000000,Landed,0.0000000,360.0000000,
3135.500,0.000011,0.000000,0.000000,Landed,0.0000000,360.0000000,
3136.000,-0.000009,0.000000,0.000000,Landed,0.0000000,360.0000000,
3136.500,0.000010,0.000000,0.000000,Landed,0.0000000,360.0000000,
3137.000,0.000004,0.000000,0.000000,Landed,0.0000000,360.0000000,
3137.500,0.000006,0.000000,0.000000,Landed,0.0000000,360.0000000,
3138.000,0.000013,0.000000,0.000000,Landed,0.0000000,360.0000000,
3138.500,-0.000001,0.000000,0.000000,Landed,0.0000000,360.0000000,
3139.000,-0.000006,0.000000,0.000000,Landed,0.0000000,360.0000000,
3139.500,-0.000004,0.000000,0.000000,Landed,0.0000000,360.0000000,
3140.000,0.000003,0.000000,0.000000,Landed,0.0000000,360.0000000,
3140.500,-0.000012,0.000000,0.000000,Landed,0.0000000,360.0000000,
3141.000,0.000011,0.000000,0.000000,Landed,0.0000000,360.0000000,
3141.500,0.000008,0.000000,0.000000,Landed,0.0000000,360.0000000,
3142.000,0.000011,0.000000,0.000000,Landed,0.0000000,360.0000000,
3142.500,-0.000008,0.000000,0.000000,Landed,0.0000000,360.0000000,
3143.000,0.000013,0.000000,0.000000,Landed,0.0000000,360.0000000,
3143.500,0.000007,0.000000,0.000000,Landed,0.0000000,360.0000000,
3144.000,0.000009,0.000000,0.000000,Landed,0.0000000,360.0000000,
3144.500,-0.000012,0.000000,0.000000,Landed,0.0000000,360.0000000,
3145.000,0.000007,0.000000,0.000000,Landed,0.0000000,360.0000000,
3145.500,0.000001,0.000000,0.000000,Landed,0.0000000,360.0000000,
3146.000,0.000001,0.000000,0.000000,Landed,0.0000000,360.0000000,
3146.500,0.000008,0.000000,0.000000,Landed,0.0000000,360.0000000,
3147.000,-0.000009,0.000000,0.000000,Landed,0.0000000,360.0000000,
3147.500,0.000014,0.000000,0.000000,Landed,0.0000000,360.0000000,
3148.000,0.000009,0.000000,0.000000,Landed,0.0000000,360.0000000,
3148.500,0.000012,0.000000,0.000000,Landed,0.0000000,360.0000000,
3149.000,-0.000008,0.000000,0.000000,Landed,0.0000000,360.0000000,
3149.500,0.000012,0.000000,0.000000,Landed,0.0000000,360.0000000,
3150.000,0.000005,0.000000,0.000000,Landed,0.0000000,360.0000000,
3150.500,0.000006,0.000000,0.000000,Landed,0.0000000,360.0000000,
3151.000,0.000013,0.000000,0.000000,Landed,0.0000000,360.0000000,
3151.500,-0.000002,0.000000,0.000000,Landed,0.0000000,360.0000000,
3152.000,-0.000009,0.000000,0.000000,Landed,0.0000000,360.0000000,
3152.500,-0.000008,0.000000,0.000000,Landed,0.0000000,360.0000000,
3153.000,-0.000001,0.000000,0.000000,Landed,0.0000000,360.0000000,
3153.500,0.000010,0.000000,0.000000,Landed,0.0000000,360.0000000,
3154.000,-0.000002,0.000000,0.000000,Landed,0.0000000,360.0000000,
3154.500,-0.000005,0.000000,0.000000,Landed,0.0000000,360.0000000,
3155.000,-0.000002,0.000000,0.000000,Landed,0.0000000,360.0000000,
3155.500,0.000006,0.000000,0.000000,Landed,0.0000000,360.0000000,
3156.000,-0.000008,0.000000,0.000000,Landed,0.0000000,360.0000000,
3156.500,-0.000013,0.000000,0.000000,Landed,0.0000000,360.0000000,
3157.000,-0.000012,0.000000,0.000000,Landed,0.0000000,360.0000000,
3157.500,-0.000005,0.000000,0.000000,Landed,0.0000000,360.0000000,
3158.000,0.000007,0.000000,0.000000,Landed,0.0000000,360.0000000,
3158.500,-0.000005,0.000000,0.000000,Landed,0.0000000,360.0000000,
3159.000,-0.000008,0.000000,0.000000,Landed,0.0000000,360.0000000,
3159.500,-0.000005,0.000000,0.000000,Landed,0.0000000,360.0000000,
3160.000,0.000003,0.000000,0.000000,Landed,0.0000000,360.0000000,
3160.500,-0.000013,0.000000,0.000000,Landed,0.0000000,360.0000000,
3161.000,0.000010,0.000000,0.000000,Landed,0.0000000,360.0000000,
3161.500,0.000006,0.000000,0.000000,Landed,0.0000000,360.0000000,
3162.000,0.000008,0.000000,0.000000,Landed,0.0000000,360.0000000,
3162.500,-0.000012,0.000000,0.000000,Landed,0.0000000,360.0000000,
3163.000,0.000007,0.000000,0.000000,Landed,0.0000000,360.0000000,
3163.500,-0.000000,0.000000,0.000000,Landed,0.0000000,360.0000000,
3164.000,-0.000001,0.000000,0.000000,Landed,0.0000000,360.0000000,
3164.500,0.000005,0.000000,0.000000,Landed,0.0000000,360.0000000,
3165.000,-0.000013,0.000000,0.000000,Landed,0.0000000,360.0000000,
3165.500,0.000008,0.000000,0.000000,Landed,0.0000000,360.0000000,
3166.000,0.000002,0.000000,0.000000,Landed,0.0000000,360.0000000,
3166.500,0.000003,0.000000,0.000000,Landed,0.0000000,360.0000000,
3167.000,0.000010,0.000000,0.000000,Landed,0.0000000,360.0000000,
3167.500,-0.000007,0.000000,0.000000,Landed,0.0000000,360.0000000,
3168.000,0.000014,0.000000,0.000000,Landed,0.0000000,360.0000000,
3168.500,0.000009,0.000000,0.000000,Landed,0.0000000,360.0000000,
3169.000,0.000010,0.000000,0.000000,Landed,0.0000000,360.0000000,
3169.500,-0.000012,0.000000,0.000000,Landed,0.0000000,360.0000000,
3170.000,0.000006,0.000000,0.000000,Landed,0.0000000,360.0000000,
3170.500,-0.000002,0.000000,0.000000,Landed,0.0000000,360.0000000,
3171.000,-0.000003,0.000000,0.000000,Landed,0.0000000,360.0000000,
3171.500,0.000002,0.000000,0.000000,Landed,0.0000000,360.0000000,
3172.000,0.000011,0.000000,0.000000,Landed,0.0000000,360.0000000,
3172.500,-0.000003,0.000000,0.000000,Landed,0.0000000,360.0000000,
3173.000,-0.000008,0.000000,0.000000,Landed,0.0000000,360.0000000,
3173.500,-0.000007,0.000000,0.000000,Landed,0.0000000,360.0000000,
3174.000,-0.000001,0.000000,0.000000,Landed,0.0000000,360.0000000,
3174.500,0.000010,0.000000,0.000000,Landed,0.0000000,360.0000000,
3175.000,-0.000003,0.000000,0.000000,Landed,0.0000000,360.0000000,
3175.500,-0.000008,0.000000,0.000000,Landed,0.0000000,360.0000000,
3176.000,-0.000006,0.000000,0.000000,Landed,0.0000000,360.0000000,
3176.500,0.000001,0.000000,0.000000,Landed,0.0000000,360.0000000,
3177.000,0.000012,0.000000,0.000000,Landed,0.0000000,360.0000000,
3177.500,-0.000001,0.000000,0.000000,Landed,0.0000000,360.0000000,
3178.000,-0.000006,0.000000,0.000000,Landed,0.0000000,360.0000000,
3178.500,-0.000004,0.000000,0.000000,Landed,0.0000000,360.0000000,
3179.000,0.000003,0.000000,0.000000,Landed,0.0000000,360.0000000,
3179.500,0.000013,0.000000,0.000000,Landed,0.0000000,360.0000000,
3180.000,0.000001,0.000000,0.000000,Landed,0.0000000,360.0000000,
3180.500,-0.000004,0.000000,0.000000,Landed,0.0000000,360.0000000,
3181.000,-0.000003,0.000000,0.000000,Landed,0.0000000,360.0000000,
3181.500,0.000004,0.000000,0.000000,Landed,0.0000000,360.0000000,
3182.000,-0.000014,0.000000,0.000000,Landed,0.0000000,360.0000000,
3182.500,0.000007,0.000000,0.000000,Landed,0.0000000,360.0000000,
3183.000,0.000001,0.000000,0.000000,Landed,0.0000000,360.0000000,
3183.500,0.000001,0.000000,0.000000,Landed,0.0000000,360.0000000,
3184.000,0.000007,0.000000,0.000000,Landed,0.0000000,360.0000000,
3184.500,-0.000012,0.000000,0.000000,Landed,0.0000000,360.0000000,
3185.000,0.000008,0.000000,0.000000,Landed,0.0000000,360.0000000,
3185.500,0.000001,0.000000,0.000000,Landed,0.0000000,360.0000000,
3186.000,0.000001,0.000000,0.000000,Landed,0.0000000,360.0000000,
3186.500,0.000006,0.000000,0.000000,Landed,0.0000000,360.0000000,
3187.000,-0.000013,0.000000,0.000000,Landed,0.0000000,360.0000000,
3187.500,0.000007,0.000000,0.000000,Landed,0.0000000,360.0000000,
3188.000,-0.000000,0.000000,0.000000,Landed,0.0000000,360.0000000,
3188.500,-0.000001,0.000000,0.000000,Landed,0.0000000,360.0000000,
3189.000,0.000004,0.000000,0.000000,Landed,0.0000000,360.0000000,
3189.500,0.000012,0.000000,0.000000,Landed,0.0000000,360.0000000,
3190.000,-0.000002,0.000000,0.000000,Landed,0.0000000,360.0000000,
3190.500,-0.000008,0.000000,0.000000,Landed,0.0000000,360.0000000,
3191.000,-0.000008,0.000000,0.000000,Landed,0.0000000,360.0000000,
3191.500,-0.000003,0.000000,0.000000,Landed,0.0000000,360.0000000,
3192.000,0.000006,0.000000,0.000000,Landed,0.0000000,360.0000000,
3192.500,-0.000008,0.000000,0.000000,Landed,0.0000000,360.0000000,
3193.000,0.000013,0.000000,0.000000,Landed,0.0000000,360.0000000,
3193.500,0.000008,0.000000,0.000000,Landed,0.0000000,360.0000000,
3194.000,0.000008,0.000000,0.000000,Landed,0.0000000,360.0000000,
3194.500,0.000014,0.000000,0.000000,Landed,0.0000000,360.0000000,
3195.000,-0.000005,0.000000,0.000000,Landed,0.0000000,360.0000000,
3195.500,-0.000014,0.000000,0.000000,Landed,0.0000000,360.0000000,
3196.000,0.000013,0.000000,0.000000,Landed,0.0000000,360.0000000,
3196.500,0.000011,0.000000,0.000000,Landed,0.0000000,360.0000000,
3197.000,0.000014,0.000000,0.000000,Landed,0.0000000,360.0000000,
3197.500,-0.000006,0.000000,0.000000,Landed,0.0000000,360.0000000,
3198.000,0.000012,0.000000,0.000000,Landed,0.0000000,360.0000000,
3198.500,0.000003,0.000000,0.000000,Landed,0.0000000,360.0000000,
3199.000,0.000001,0.000000,0.000000,Landed,0.0000000,360.0000000,
3199.500,0.000004,0.000000,0.000000,Landed,0.0000000,360.0000000,
3200.000,0.000012,0.000000,0.000000,Landed,0.0000000,360.0000000,
3200.500,-0.000005,0.000000,0.000000,Landed,0.0000000,360.0000000,
3201.000,-0.000013,0.000000,0.000000,Landed,0.0000000,360.0000000,
3201.500,-0.000014,0.000000,0.000000,Landed,0.0000000,360.0000000,
3202.000,-0.000010,0.000000,0.000000,Landed,0.0000000,360.0000000,
3202.500,-0.000002,0.000000,0.000000,Landed,0.0000000,360.0000000,
3203.000,0.000010,0.000000,0.000000,Landed,0.0000000,360.0000000,
3203.500,-0.000003,0.000000,0.000000,Landed,0.0000000,360.0000000,
3204.000,-0.000008,0.000000,0.000000,Landed,0.0000000,360.0000000,
3204.500,-0.000008,0.000000,0.000000,Landed,0.0000000,360.0000000,
3205.000,-0.000003,0.000000,0.000000,Landed,0.0000000,360.0000000,
3205.500,0.000006,0.000000,0.000000,Landed,0.0000000,360.0000000,
3206.000,-0.000010,0.000000,0.000000,Landed,0.0000000,360.0000000,
3206.500,0.000011,0.000000,0.000000,Landed,0.0000000,360.0000000,
3207.000,0.000005,0.000000,0.000000,Landed,0.0000000,360.0000000,
3207.500,0.000005,0.000000,0.000000,Landed,0.0000000,360.0000000,
3208.000,0.000009,0.000000,0.000000,Landed,0.0000000,360.0000000,
3208.500,-0.000010,0.000000,0.000000,Landed,0.0000000,360.0000000,
3209.000,0.000008,0.000000,0.000000,Landed,0.0000000,360.0000000,
3209.500,-0.000000,0.000000,0.000000,Landed,0.0000000,360.0000000,
3210.000,-0.000003,0.000000,0.000000,Landed,0.0000000,360.0000000,
3210.500,0.000000,0.000000,0.000000,Landed,0.0000000,360.0000000,
3211.000,0.000007,0.000000,0.000000,Landed,0.0000000,360.0000000,
3211.500,-0.000011,0.000000,0.000000,Landed,0.0000000,360.0000000,
3212.000,0.000009,0.000000,0.000000,Landed,0.0000000,360.0000000,
3212.500,0.000002,0.000000,0.000000,Landed,0.0000000,360.0000000,
3213.000,0.000000,0.000000,0.000000,Landed,0.0000000,360.0000000,
3213.500,0.000004,0.000000,0.000000,Landed,0.0000000,360.0000000,
3214.000,0.000011,0.000000,0.000000,Landed,0.0000000,360.0000000,
3214.500,-0.000006,0.000000,0.000000,Landed,0.0000000,360.0000000,
3215.000,0.000014,0.000000,0.000000,Landed,0.0000000,360.0000000,
3215.500,0.000006,0.000000,0.000000,Landed,0.0000000,360.0000000,
3216.000,0.000005,0.000000,0.000000,Landed,0.0000000,360.0000000,
3216.500,0.000008,0.000000,0.000000,Landed,0.0000000,360.0000000,
3217.000,-0.000013,0.000000,0.000000,Landed,0.0000000,360.0000000,
3217.500,0.000005,0.000000,0.000000,Landed,0.0000000,360.0000000,
3218.000,-0.000005,0.000000,0.000000,Landed,0.0000000,360.0000000,
3218.500,-0.000008,0.000000,0.000000,Landed,0.0000000,360.0000000,
3219.000,-0.000006,0.000000,0.000000,Landed,0.0000000,360.0000000,
3219.500,-0.000000,0.000000,0.000000,Landed,0.0000000,360.0000000,
3220.000,0.000009,0.000000,0.000000,Landed,0.0000000,360.0000000,
3220.500,-0.000006,0.000000,0.000000,Landed,0.0000000,360.0000000,
3221.000,-0.000013,0.000000,0.000000,Landed,0.0000000,360.0000000,
3221.500,0.000013,0.000000,0.000000,Landed,0.0000000,360.0000000,
3222.000,0.000011,0.000000,0.000000,Landed,0.0000000,360.0000000,
3222.500,0.000013,0.000000,0.000000,Landed,0.0000000,360.0000000,
3223.000,-0.000008,0.000000,0.000000,Landed,0.0000000,360.0000000,
3223.500,0.000008,0.000000,0.000000,Landed,0.0000000,360.0000000,
3224.000,-0.000002,0.000000,0.000000,Landed,0.0000000,360.0000000,
3224.500,-0.000006,0.000000,0.000000,Landed,0.0000000,360.0000000,
3225.000,-0.000005,0.000000,0.000000,Landed,0.0000000,360.0000000,
3225.500,0.000000,0.000000,0.000000,Landed,0.0000000,360.0000000,
3226.000,0.000009,0.000000,0.000000,Landed,0.0000000,360.0000000,
3226.500,-0.000008,0.000000,0.000000,Landed,0.0000000,360.0000000,
3227.000,0.000012,0.000000,0.000000,Landed,0.0000000,360.0000000,
3227.500,0.000005,0.000000,0.000000,Landed,0.0000000,360.0000000,
3228.000,0.000003,0.000000,0.000000,Landed,0.0000000,360.0000000,
3228.500,0.000006,0.000000,0.000000,Landed,0.0000000,360.0000000,
3229.000,0.000012,0.000000,0.000000,Landed,0.0000000,360.0000000,
3229.500,-0.000006,0.000000,0.000000,Landed,0.0000000,360.0000000,
3230.000,0.000013,0.000000,0.000000,Landed,0.0000000,360.0000000,
3230.500,0.000004,0.000000,0.000000,Landed,0.0000000,360.0000000,
3231.000,0.000001,0.000000,0.000000,Landed,0.0000000,360.0000000,
3231.500,0.000003,0.000000,0.000000,Landed,0.0000000,360.0000000,
3232.000,0.000009,0.000000,0.000000,Landed,0.0000000,360.0000000,
3232.500,-0.000010,0.000000,0.000000,Landed,0.0000000,360.0000000,
3233.000,0.000008,0.000000,0.000000,Landed,0.0000000,360.0000000,
3233.500,-0.000001,0.000000,0.000000,Landed,0.0000000,360.0000000,
3234.000,-0.000005,0.000000,0.000000,Landed,0.0000000,360.0000000,
3234.500,-0.000003,0.000000,0.000000,Landed,0.0000000,360.0000000,
3235.000,0.000002,0.000000,0.000000,Landed,0.0000000,360.0000000,
3235.500,0.000011,0.000000,0.000000,Landed,0.0000000,360.0000000,
3236.000,-0.000007,0.000000,0.000000,Landed,0.0000000,360.0000000,
3236.500,0.000013,0.000000,0.000000,Landed,0.0000000,360.0000000,
3237.000,0.000005,0.000000,0.000000,Landed,0.0000000,360.0000000,
3237.500,0.000003,0.000000,0.000000,Landed,0.0000000,360.0000000,
3238.000,0.000005,0.000000,0.000000,Landed,0.0000000,360.0000000,
3238.500,0.000010,0.000000,0.000000,Landed,0.0000000,360.0000000,
3239.000,-0.000009,0.000000,0.000000,Landed,0.0000000,360.0000000,
3239.500,0.000009,0.000000,0.000000,Landed,0.0000000,360.0000000,
3240.000,-0.000001,0.000000,0.000000,Landed,0.0000000,360.0000000,
3240.500,-0.000004,0.000000,0.000000,Landed,0.0000000,360.0000000,
3241.000,-0.000003,0.000000,0.000000,Landed,0.0000000,360.0000000,
3241.500,0.000001,0.000000,0.000000,Landed,0.0000000,360.0000000,
3242.000,0.000009,0.000000,0.000000,Landed,0.0000000,360.0000000,
3242.500,-0.000009,0.000000,0.000000,Landed,0.0000000,360.0000000,
3243.000,0.000010,0.000000,0.000000,Landed,0.0000000,360.0000000,
3243.500,0.000002,0.000000,0.000000,Landed,0.0000000,360.0000000,
3244.000,-0.000001,0.000000,0.000000,Landed,0.0000000,360.0000000,
3244.500,-0.000000,0.000000,0.000000,Landed,0.0000000,360.0000000,
3245.000,0.000005,0.000000,0.000000,Landed,0.0000000,360.0000000,
3245.500,0.000013,0.000000,0.000000,Landed,0.0000000,360.0000000,
3246.000,-0.000005,0.000000,0.000000,Landed,0.0000000,360.0000000,
3246.500,-0.000014,0.000000,0.000000,Landed,0.0000000,360.0000000,
3247.000,0.000011,0.000000,0.000000,Landed,0.0000000,360.0000000,
3247.500,0.000006,0.000000,0.000000,Landed,0.0000000,360.0000000,
3248.000,0.000007,0.000000,0.000000,Landed,0.0000000,360.0000000,
3248.500,0.000011,0.000000,0.000000,Landed,0.0000000,360.0000000,
3249.000,-0.000010,0.000000,0.000000,Landed,0.0000000,360.0000000,
3249.500,0.000005,0.000000,0.000000,Landed,0.0000000,360.0000000,
3250.000,-0.000006,0.000000,0.000000,Landed,0.0000000,360.0000000,
3250.500,-0.000011,0.000000,0.000000,Landed,0.0000000,360.0000000,
3251.000,-0.000011,0.000000,0.000000,Landed,0.0000000,360.0000000,
3251.500,-0.000007,0.000000,0.000000,Landed,0.0000000,360.0000000,
3252.000,-0.000000,0.000000,0.000000,Landed,0.0000000,360.0000000,
3252.500,0.000009,0.000000,0.000000,Landed,0.0000000,360.0000000,
3253.000,-0.000008,0.000000,0.000000,Landed,0.0000000,360.0000000,
3253.500,0.000011,0.000000,0.000000,Landed,0.0000000,360.0000000,
3254.000,0.000002,0.000000,0.000000,Landed,0.0000000,360.0000000,
3254.500,-0.000001,0.000000,0.000000,Landed,0.0000000,360.0000000,
3255.000,0.000000,0.000000,0.000000,Landed,0.0000000,360.0000000,
3255.500,0.000005,0.000000,0.000000,Landed,0.0000000,360.0000000,
3256.000,0.000012,0.000000,0.000000,Landed,0.0000000,360.0000000,
3256.500,-0.000007,0.000000,0.000000,Landed,0.0000000,360.0000000,
3257.000,0.000012,0.000000,0.000000,Landed,0.0000000,360.0000000,
3257.500,0.000002,0.000000,0.000000,Landed,0.0000000,360.0000000,
3258.000,-0.000002,0.000000,0.000000,Landed,0.0000000,360.0000000,
3258.500,-0.000002,0.000000,0.000000,Landed,0.0000000,360.0000000,
3259.000,0.000001,0.000000,0.000000,Landed,0.0000000,360.0000000,
3259.500,0.000008,0.000000,0.000000,Landed,0.0000000,360.0000000,
3260.000,-0.000011,0.000000,0.000000,Landed,0.0000000,360.0000000,
3260.500,0.000006,0.000000,0.000000,Landed,0.0000000,360.0000000,
3261.000,-0.000004,0.000000,0.000000,Landed,0.0000000,360.0000000,
3261.500,-0.000009,0.000000,0.000000,Landed,0.0000000,360.0000000,
3262.000,-0.000009,0.000000,0.000000,Landed,0.0000000,360.0000000,
3262.500,-0.000006,0.000000,0.000000,Landed,0.0000000,360.0000000,
3263.000,0.000000,0.000000,0.000000,Landed,0.0000000,360.0000000,
3263.500,0.000009,0.000000,0.000000,Landed,0.0000000,360.0000000,
3264.000,-0.000009,0.000000,0.000000,Landed,0.0000000,360.0000000,
3264.500,0.000010,0.000000,0.000000,Landed,0.0000000,360.0000000,
3265.000,-0.000000,0.000000,0.000000,Landed,0.0000000,360.0000000,
3265.500,-0.000004,0.000000,0.000000,Landed,0.0000000,360.0000000,
3266.000,-0.000004,0.000000,0.000000,Landed,0.0000000,360.0000000,
3266.500,-0.000001,0.000000,0.000000,Landed,0.0000000,360.0000000,
3267.000,0.000005,0.000000,0.000000,Landed,0.0000000,360.0000000,
3267.500,0.000013,0.000000,0.000000,Landed,0.0000000,360.0000000,
3268.000,-0.000005,0.000000,0.000000,Landed,0.0000000,360.0000000,
3268.500,0.000014,0.000000,0.000000,Landed,0.0000000,360.0000000,
3269.000,0.000004,0.000000,0.000000,Landed,0.0000000,360.0000000,
3269.500,-0.000001,0.000000,0.000000,Landed,0.0000000,360.0000000,
3270.000,-0.000001,0.000000,0.000000,Landed,0.0000000,360.0000000,
3270.500,0.000002,0.000000,0.000000,Landed,0.0000000,360.0000000,
3271.000,0.000008,0.000000,0.000000,Landed,0.0000000,360.0000000,
3271.500,-0.000012,0.000000,0.000000,Landed,0.0000000,360.0000000,
3272.000,0.000003,0.000000,0.000000,Landed,0.0000000,360.0000000,
3272.500,-0.000008,0.000000,0.000000,Landed,0.0000000,360.0000000,
3273.000,-0.000014,0.000000,0.000000,Landed,0.0000000,360.0000000,
3273.500,0.000013,0.000000,0.000000,Landed,0.0000000,360.0000000,
3274.000,0.000010,0.000000,0.000000,Landed,0.0000000,360.0000000,
3274.500,0.000010,0.000000,0.000000,Landed,0.0000000,360.0000000,
3275.000,0.000014,0.000000,0.000000,Landed,0.0000000,360.0000000,
3275.500,-0.000008,0.000000,0.000000,Landed,0.0000000,360.0000000,
3276.000,0.000005,0.000000,0.000000,Landed,0.0000000,360.0000000,
3276.500,-0.000007,0.000000,0.000000,Landed,0.0000000,360.0000000,
3277.000,-0.000014,0.000000,0.000000,Landed,0.0000000,360.0000000,
3277.500,0.000012,0.000000,0.000000,Landed,0.0000000,360.0000000,
3278.000,0.000008,0.000000,0.000000,Landed,0.0000000,360.0000000,
3278.500,0.000008,0.000000,0.000000,Landed,0.0000000,360.0000000,
3279.000,0.000011,0.000000,0.000000,Landed,0.0000000,360.0000000,
3279.500,-0.000012,0.000000,0.000000,Landed,0.0000000,360.0000000,
3280.000,0.000001,0.000000,0.000000,Landed,0.0000000,360.0000000,
3280.500,-0.000012,0.000000,0.000000,Landed,0.0000000,360.0000000,
3281.000,0.000009,0.000000,0.000000,Landed,0.0000000,360.0000000,
3281.500,0.000001,0.000000,0.000000,Landed,0.0000000,360.0000000,
3282.000,-0.000003,0.000000,0.000000,Landed,0.0000000,360.0000000,
3282.500,-0.000003,0.000000,0.000000,Landed,0.0000000,360.0000000,
3283.000,0.000000,0.000000,0.000000,Landed,0.0000000,360.0000000,
3283.500,0.000006,0.000000,0.000000,Landed,0.0000000,360.0000000,
3284.000,0.000013,0.000000,0.000000,Landed,0.0000000,360.0000000,
3284.500,-0.000006,0.000000,0.000000,Landed,0.0000000,360.0000000,
3285.000,0.000011,0.000000,0.000000,Landed,0.0000000,360.0000000,
3285.500,0.000000,0.000000,0.000000,Landed,0.0000000,360.0000000,
3286.000,-0.000006,0.000000,0.000000,Landed,0.0000000,360.0000000,
3286.500,-0.000008,0.000000,0.000000,Landed,0.0000000,360.0000000,
3287.000,-0.000006,0.000000,0.000000,Landed,0.0000000,360.0000000,
3287.500,-0.000002,0.000000,0.000000,Landed,0.0000000,360.0000000,
3288.000,0.000004,0.000000,0.000000,Landed,0.0000000,360.0000000,
3288.500,0.000012,0.000000,0.000000,Landed,0.0000000,360.0000000,
3289.000,-0.000007,0.000000,0.000000,Landed,0.0000000,360.0000000,
3289.500,0.000010,0.000000,0.000000,Landed,0.0000000,360.0000000,
3290.000,-0.000001,0.000000,0.000000,Landed,0.0000000,360.0000000,
3290.500,-0.000007,0.000000,0.000000,Landed,0.0000000,360.0000000,
3291.000,-0.000009,0.000000,0.000000,Landed,0.0000000,360.0000000,
3291.500,-0.000008,0.000000,0.000000,Landed,0.0000000,360.0000000,
3292.000,-0.000004,0.000000,0.000000,Landed,0.0000000,360.0000000,
3292.500,0.000002,0.000000,0.000000,Landed,0.0000000,360.0000000,
3293.000,0.000009,0.000000,0.000000,Landed,0.0000000,360.0000000,
3293.500,-0.000010,0.000000,0.000000,Landed,0.0000000,360.0000000,
3294.000,0.000007,0.000000,0.000000,Landed,0.0000000,360.0000000,
3294.500,-0.000005,0.000000,0.000000,Landed,0.0000000,360.0000000,
3295.000,-0.000011,0.000000,0.000000,Landed,0.0000000,360.0000000,
3295.500,-0.000014,0.000000,0.000000,Landed,0.0000000,360.0000000,
3296.000,-0.000013,0.000000,0.000000,Landed,0.0000000,360.0000000,
3296.500,-0.000010,0.000000,0.000000,Landed,0.0000000,360.0000000,
3297.000,-0.000004,0.000000,0.000000,Landed,0.0000000,360.0000000,
3297.500,0.000003,0.000000,0.000000,Landed,0.0000000,360.0000000,
3298.000,0.000011,0.000000,0.000000,Landed,0.0000000,360.0000000,
3298.500,-0.000008,0.000000,0.000000,Landed,0.0000000,360.0000000,
3299.000,0.000009,0.000000,0.000000,Landed,0.0000000,360.0000000,
3299.500,-0.000002,0.000000,0.000000,Landed,0.0000000,360.0000000,
3300.000,-0.000009,0.000000,0.000000,Landed,0.0000000,360.0000000,
3300.500,-0.000011,0.000000,0.000000,Landed,0.0000000,360.0000000,
3301.000,-0.000011,0.000000,0.000000,Landed,0.0000000,360.0000000,
3301.500,-0.000008,0.000000,0.000000,Landed,0.0000000,360.0000000,
3302.000,-0.000003,0.000000,0.000000,Landed,0.0000000,360.0000000,
3302.500,0.000004,0.000000,0.000000,Landed,0.0000000,360.0000000,
3303.000,0.000012,0.000000,0.000000,Landed,0.0000000,360.0000000,
3303.500,-0.000008,0.000000,0.000000,Landed,0.0000000,360.0000000,
3304.000,0.000009,0.000000,0.000000,Landed,0.0000000,360.0000000,
3304.500,-0.000003,0.000000,0.000000,Landed,0.0000000,360.0000000,
3305.000,-0.000010,0.000000,0.000000,Landed,0.0000000,360.0000000,
3305.500,-0.000013,0.000000,0.000000,Landed,0.0000000,360.0000000,
3306.000,-0.000013,0.000000,0.000000,Landed,0.0000000,360.0000000,
3306.500,-0.000010,0.000000,0.000000,Landed,0.0000000,360.0000000,
3307.000,-0.000006,0.000000,0.000000,Landed,0.0000000,360.0000000,
3307.500,0.000000,0.000000,0.000000,Landed,0.0000000,360.0000000,
3308.000,0.000007,0.000000,0.000000,Landed,0.0000000,360.0000000,
3308.500,-0.000013,0.000000,0.000000,Landed,0.0000000,360.0000000,
3309.000,0.000002,0.000000,0.000000,Landed,0.0000000,360.0000000,
3309.500,-0.000010,0.000000,0.000000,Landed,0.0000000,360.0000000,
3310.000,0.000011,0.000000,0.000000,Landed,0.0000000,360.0000000,
3310.500,0.000001,0.000000,0.000000,Landed,0.0000000,360.0000000,
3311.000,-0.000004,0.000000,0.000000,Landed,0.0000000,360.0000000,
3311.500,-0.000005,0.000000,0.000000,Landed,0.0000000,360.0000000,
3312.000,-0.000004,0.000000,0.000000,Landed,0.0000000,360.0000000,
3312.500,-0.000001,0.000000,0.000000,Landed,0.0000000,360.0000000,
3313.000,0.000004,0.000000,0.000000,Landed,0.0000000,360.0000000,
3313.500,0.000010,0.000000,0.000000,Landed,0.0000000,360.0000000,
3314.000,-0.000010,0.000000,0.000000,Landed,0.0000000,360.0000000,
3314.500,0.000004,0.000000,0.000000,Landed,0.0000000,360.0000000,
3315.000,-0.000009,0.000000,0.000000,Landed,0.0000000,360.0000000,
3315.500,0.000010,0.000000,0.000000,Landed,0.0000000,360.0000000,
3316.000,0.000000,0.000000,0.000000,Landed,0.0000000,360.0000000,
3316.500,-0.000005,0.000000,0.000000,Landed,0.0000000,360.0000000,
3317.000,-0.000007,0.000000,0.000000,Landed,0.0000000,360.0000000,
3317.500,-0.000007,0.000000,0.000000,Landed,0.0000000,360.0000000,
3318.000,-0.000004,0.000000,0.000000,Landed,0.0000000,360.0000000,
3318.500,0.000000,0.000000,0.000000,Landed,0.0000000,360.0000000,
3319.000,0.000006,0.000000,0.000000,Landed,0.0000000,360.0000000,
3319.500,0.000012,0.000000,0.000000,Landed,0.0000000,360.0000000,
3320.000,-0.000008,0.000000,0.000000,Landed,0.0000000,360.0000000,
3320.500,0.000006,0.000000,0.000000,Landed,0.0000000,360.0000000,
3321.000,-0.000008,0.000000,0.000000,Landed,0.0000000,360.0000000,
3321.500,0.000012,0.000000,0.000000,Landed,0.0000000,360.0000000,
3322.000,0.000002,0.000000,0.000000,Landed,0.0000000,360.0000000,
3322.500,-0.000004,0.000000,0.000000,Landed,0.0000000,360.0000000,
3323.000,-0.000007,0.000000,0.000000,Landed,0.0000000,360.0000000,
3323.500,-0.000007,0.000000,0.000000,Landed,0.0000000,360.0000000,
3324.000,-0.000005,0.000000,0.000000,Landed,0.0000000,360.0000000,
3324.500,-0.000001,0.000000,0.000000,Landed,0.0000000,360.0000000,
3325.000,0.000004,0.000000,0.000000,Landed,0.0000000,360.0000000,
3325.500,0.000010,0.000000,0.000000,Landed,0.0000000,360.0000000,
3326.000,-0.000011,0.000000,0.000000,Landed,0.0000000,360.0000000,
3326.500,0.000002,0.000000,0.000000,Landed,0.0000000,360.0000000,
3327.000,-0.000013,0.000000,0.000000,Landed,0.0000000,360.0000000,
3327.500,0.000006,0.000000,0.000000,Landed,0.0000000,360.0000000,
3328.000,-0.000004,0.000000,0.000000,Landed,0.0000000,360.0000000,
3328.500,-0.000011,0.000000,0.000000,Landed,0.0000000,360.0000000,
3329.000,-0.000014,0.000000,0.000000,Landed,0.0000000,360.0000000,
3329.500,0.000013,0.000000,0.000000,Landed,0.0000000,360.0000000,
3330.000,0.000009,0.000000,0.000000,Landed,0.0000000,360.0000000,
3330.500,0.000008,0.000000,0.000000,Landed,0.0000000,360.0000000,
3331.000,0.000008,0.000000,0.000000,Landed,0.0000000,360.0000000,
3331.500,0.000011,0.000000,0.000000,Landed,0.0000000,360.0000000,
3332.000,-0.000013,0.000000,0.000000,Landed,0.0000000,360.0000000,
3332.500,-0.000002,0.000000,0.000000,Landed,0.0000000,360.0000000,
3333.000,0.000008,0.000000,0.000000,Landed,0.0000000,360.0000000,
3333.500,-0.000009,0.000000,0.000000,Landed,0.0000000,360.0000000,
3334.000,0.000008,0.000000,0.000000,Landed,0.0000000,360.0000000,
3334.500,-0.000005,0.000000,0.000000,Landed,0.0000000,360.0000000,
3335.000,-0.000012,0.000000,0.000000,Landed,0.0000000,360.0000000,
3335.500,0.000011,0.000000,0.000000,Landed,0.0000000,360.0000000,
3336.000,0.000003,0.000000,0.000000,Landed,0.0000000,360.0000000,
3336.500,-0.000001,0.000000,0.000000,Landed,0.0000000,360.0000000,
3337.000,-0.000002,0.000000,0.000000,Landed,0.0000000,360.0000000,
3337.500,-0.000002,0.000000,0.000000,Landed,0.0000000,360.0000000,
3338.000,0.000001,0.000000,0.000000,Landed,0.0000000,360.0000000,
3338.500,0.000004,0.000000,0.000000,Landed,0.0000000,360.0000000,
3339.000,0.000009,0.000000,0.000000,Landed,0.0000000,360.0000000,
3339.500,0.000014,0.000000,0.000000,Landed,0.0000000,360.0000000,
3340.000,-0.000008,0.000000,0.000000,Landed,0.0000000,360.0000000,
3340.500,0.000004,0.000000,0.000000,Landed,0.0000000,360.0000000,
3341.000,-0.000012,0.000000,0.000000,Landed,0.0000000,360.0000000,
3341.500,0.000006,0.000000,0.000000,Landed,0.0000000,360.0000000,
3342.000,-0.000006,0.000000,0.000000,Landed,0.0000000,360.0000000,
3342.500,-0.000014,0.000000,0.000000,Landed,0.0000000,360.0000000,
3343.000,0.000010,0.000000,0.000000,Landed,0.0000000,360.0000000,
3343.500,0.000002,0.000000,0.000000,Landed,0.0000000,360.0000000,
3344.000,-0.000003,0.000000,0.000000,Landed,0.0000000,360.0000000,
3344.500,-0.000004,0.000000,0.000000,Landed,0.0000000,360.0000000,
3345.000,-0.000004,0.000000,0.000000,Landed,0.0000000,360.0000000,
3345.500,-0.000003,0.000000,0.000000,Landed,0.0000000,360.0000000,
3346.000,0.000000,0.000000,0.000000,Landed,0.0000000,360.0000000,
3346.500,0.000004,0.000000,0.000000,Landed,0.0000000,360.0000000,
3347.000,0.000009,0.000000,0.000000,Landed,0.0000000,360.0000000,
3347.500,0.000014,0.000000,0.000000,Landed,0.0000000,360.0000000,
3348.000,-0.000008,0.000000,0.000000,Landed,0.0000000,360.0000000,
3348.500,0.000003,0.000000,0.000000,Landed,0.0000000,360.0000000,
3349.000,-0.000014,0.000000,0.000000,Landed,0.0000000,360.0000000,
3349.500,0.000002,0.000000,0.000000,Landed,0.0000000,360.0000000,
3350.000,-0.000010,0.000000,0.000000,Landed,0.0000000,360.0000000,
3350.500,0.000010,0.000000,0.000000,Landed,0.0000000,360.0000000,
3351.000,-0.000001,0.000000,0.000000,Landed,0.0000000,360.0000000,
3351.500,-0.000008,0.000000,0.000000,Landed,0.0000000,360.0000000,
3352.000,-0.000012,0.000000,0.000000,Landed,0.0000000,360.0000000,
3352.500,-0.000014,0.000000,0.000000,Landed,0.0000000,360.0000000,
3353.000,-0.000014,0.000000,0.000000,Landed,0.0000000,360.0000000,
3353.500,-0.000012,0.000000,0.000000,Landed,0.0000000,360.0000000,
3354.000,-0.000010,0.000000,0.000000,Landed,0.0000000,360.0000000,
3354.500,-0.000007,0.000000,0.000000,Landed,0.0000000,360.0000000,
3355.000,-0.000003,0.000000,0.000000,Landed,0.0000000,360.0000000,
3355.500,0.000002,0.000000,0.000000,Landed,0.0000000,360.0000000,
3356.000,0.000007,0.000000,0.000000,Landed,0.0000000,360.0000000,
3356.500,0.000012,0.000000,0.000000,Landed,0.0000000,360.0000000,
3357.000,-0.000010,0.000000,0.000000,Landed,0.0000000,360.0000000,
3357.500,0.000001,0.000000,0.000000,Landed,0.0000000,360.0000000,
3358.000,0.000012,0.000000,0.000000,Landed,0.0000000,360.0000000,
3358.500,-0.000007,0.000000,0.000000,Landed,0.0000000,360.0000000,
3359.000,0.000009,0.000000,0.000000,Landed,0.0000000,360.0000000,
3359.500,-0.000004,0.000000,0.000000,Landed,0.0000000,360.0000000,
3360.000,-0.000014,0.000000,0.000000,Landed,0.0000000,360.0000000,
3360.500,0.000008,0.000000,0.000000,Landed,0.0000000,360.0000000,
3361.000,-0.000002,0.000000,0.000000,Landed,0.0000000,360.0000000,
3361.500,-0.000008,0.000000,0.000000,Landed,0.0000000,360.0000000,
3362.000,-0.000012,0.000000,0.000000,Landed,0.0000000,360.0000000,
3362.500,-0.000014,0.000000,0.000000,Landed,0.0000000,360.0000000,
3363.000,0.000014,0.000000,0.000000,Landed,0.0000000,360.0000000,
3363.500,0.000009,0.000000,0.000000,Landed,0.0000000,360.0000000,
3364.000,0.000006,0.000000,0.000000,Landed,0.0000000,360.0000000,
3364.500,0.000005,0.000000,0.000000,Landed,0.0000000,360.0000000,
3365.000,0.000006,0.000000,0.000000,Landed,0.0000000,360.0000000,
3365.500,0.000007,0.000000,0.000000,Landed,0.0000000,360.0000000,
3366.000,0.000009,0.000000,0.000000,Landed,0.0000000,360.0000000,
3366.500,0.000012,0.000000,0.000000,Landed,0.0000000,360.0000000,
3367.000,-0.000012,0.000000,0.000000,Landed,0.0000000,360.0000000,
3367.500,-0.000003,0.000000,0.000000,Landed,0.0000000,360.0000000,
3368.000,0.000006,0.000000,0.000000,Landed,0.0000000,360.0000000,
3368.500,-0.000014,0.000000,0.000000,Landed,0.0000000,360.0000000,
3369.000,-0.000001,0.000000,0.000000,Landed,0.0000000,360.0000000,
3369.500,0.000011,0.000000,0.000000,Landed,0.0000000,360.0000000,
3370.000,-0.000007,0.000000,0.000000,Landed,0.0000000,360.0000000,
3370.500,0.000010,0.000000,0.000000,Landed,0.0000000,360.0000000,
3371.000,-0.000004,0.000000,0.000000,Landed,0.0000000,360.0000000,
3371.500,0.000014,0.000000,0.000000,Landed,0.0000000,360.0000000,
3372.000,0.000001,0.000000,0.000000,Landed,0.0000000,360.0000000,
3372.500,-0.000008,0.000000,0.000000,Landed,0.0000000,360.0000000,
3373.000,0.000014,0.000000,0.000000,Landed,0.0000000,360.0000000,
3373.500,0.000004,0.000000,0.000000,Landed,0.0000000,360.0000000,
3374.000,-0.000003,0.000000,0.000000,Landed,0.0000000,360.0000000,
3374.500,-0.000007,0.000000,0.000000,Landed,0.0000000,360.0000000,
3375.000,-0.000010,0.000000,0.000000,Landed,0.0000000,360.0000000,
3375.500,-0.000011,0.000000,0.000000,Landed,0.0000000,360.0000000,
3376.000,-0.000011,0.000000,0.000000,Landed,0.0000000,360.0000000,
3376.500,-0.000010,0.000000,0.000000,Landed,0.0000000,360.0000000,
3377.000,-0.000009,0.000000,0.000000,Landed,0.0000000,360.0000000,
3377.500,-0.000006,0.000000,0.000000,Landed,0.0000000,360.0000000,
3378.000,-0.000004,0.000000,0.000000,Landed,0.0000000,360.0000000,
3378.500,-0.000001,0.000000,0.000000,Landed,0.0000000,360.0000000,
3379.000,0.000002,0.000000,0.000000,Landed,0.0000000,360.0000000,
3379.500,0.000005,0.000000,0.000000,Landed,0.0000000,360.0000000,
3380.000,0.000008,0.000000,0.000000,Landed,0.0000000,360.0000000,
3380.500,0.000012,0.000000,0.000000,Landed,0.0000000,360.0000000,
3381.000,-0.000013,0.000000,0.000000,Landed,0.0000000,360.0000000,
3381.500,-0.000003,0.000000,0.000000,Landed,0.0000000,360.0000000,
3382.000,0.000005,0.000000,0.000000,Landed,0.0000000,360.0000000,
3382.500,0.000012,0.000000,0.000000,Landed,0.0000000,360.0000000,
3383.000,-0.000009,0.000000,0.000000,Landed,0.0000000,360.0000000,
3383.500,0.000002,0.000000,0.000000,Landed,0.0000000,360.0000000,
3384.000,0.000012,0.000000,0.000000,Landed,0.0000000,360.0000000,
3384.500,-0.000007,0.000000,0.000000,Landed,0.0000000,360.0000000,
3385.000,0.000006,0.000000,0.000000,Landed,0.0000000,360.0000000,
3385.500,-0.000010,0.000000,0.000000,Landed,0.0000000,360.0000000,
3386.000,0.000007,0.000000,0.000000,Landed,0.0000000,360.0000000,
3386.500,-0.000007,0.000000,0.000000,Landed,0.0000000,360.0000000,
3387.000,0.000010,0.000000,0.000000,Landed,0.0000000,360.0000000,
3387.500,-0.000003,0.000000,0.000000,Landed,0.0000000,360.0000000,
3388.000,-0.000013,0.000000,0.000000,Landed,0.0000000,360.0000000,
3388.500,0.000008,0.000000,0.000000,Landed,0.0000000,360.0000000,
3389.000,-0.000003,0.000000,0.000000,Landed,0.0000000,360.0000000,
3389.500,-0.000011,0.000000,0.000000,Landed,0.0000000,360.0000000,
3390.000,0.000011,0.000000,0.000000,Landed,0.0000000,360.0000000,
3390.500,0.000001,0.000000,0.000000,Landed,0.0000000,360.0000000,
3391.000,-0.000006,0.000000,0.000000,Landed,0.0000000,360.0000000,
3391.500,-0.000011,0.000000,0.000000,Landed,0.0000000,360.0000000,
3392.000,0.000013,0.000000,0.000000,Landed,0.0000000,360.0000000,
3392.500,0.000005,0.000000,0.000000,Landed,0.0000000,360.0000000,
3393.000,-0.000001,0.000000,0.000000,Landed,0.0000000,360.0000000,
3393.500,-0.000005,0.000000,0.000000,Landed,0.0000000,360.0000000,
3394.000,-0.000008,0.000000,0.000000,Landed,0.0000000,360.0000000,
3394.500,-0.000010,0.000000,0.000000,Landed,0.0000000,360.0000000,
3395.000,-0.000011,0.000000,0.000000,Landed,0.0000000,360.0000000,
3395.500,-0.000011,0.000000,0.000000,Landed,0.0000000,360.0000000,
3396.000,-0.000011,0.000000,0.000000,Landed,0.0000000,360.0000000,
3396.500,-0.000010,0.000000,0.000000,Landed,0.0000000,360.0000000,
3397.000,-0.000009,0.000000,0.000000,Landed,0.0000000,360.0000000,
3397.500,-0.000008,0.000000,0.000000,Landed,0.0000000,360.0000000,
3398.000,-0.000007,0.000000,0.000000,Landed,0.0000000,360.0000000,
3398.500,-0.000006,0.000000,0.000000,Landed,0.0000000,360.0000000,
3399.000,-0.000004,0.000000,0.000000,Landed,0.0000000,360.0000000,
3399.500,-0.000003,0.000000,0.000000,Landed,0.0000000,360.0000000,
3400.000,-0.000001,0.000000,0.000000,Landed,0.0000000,360.0000000,
3400.500,0.000000,0.000000,0.000000,Landed,0.0000000,360.0000000,
3401.000,0.000002,0.000000,0.000000,Landed,0.0000000,360.0000000,
3401.500,0.000003,0.000000,0.000000,Landed,0.0000000,360.0000000,
3402.000,0.000005,0.000000,0.000000,Landed,0.0000000,360.0000000,
3402.500,0.000006,0.000000,0.000000,Landed,0.0000000,360.0000000,
3403.000,0.000007,0.000000,0.000000,Landed,0.0000000,360.0000000,
3403.500,0.000009,0.000000,0.000000,Landed,0.0000000,360.0000000,
3404.000,0.000010,0.000000,0.000000,Landed,0.0000000,360.0000000,
3404.500,0.000011,0.000000,0.000000,Landed,0.0000000,360.0000000,
3405.000,0.000013,0.000000,0.000000,Landed,0.0000000,360.0000000,
3405.500,0.000014,0.000000,0.000000,Landed,0.0000000,360.0000000,
3406.000,-0.000013,0.000000,0.000000,Landed,0.0000000,360.0000000,
3406.500,-0.000006,0.000000,0.000000,Landed,0.0000000,360.0000000,
3407.000,-0.000000,0.000000,0.000000,Landed,0.0000000,360.0000000,
3407.500,0.000005,0.000000,0.000000,Landed,0.0000000,360.0000000,
3408.000,0.000008,0.000000,0.000000,Landed,0.0000000,360.0000000,
3408.500,0.000011,0.000000,0.000000,Landed,0.0000000,360.0000000,
3409.000,-0.000014,0.000000,0.000000,Landed,0.0000000,360.0000000,
3409.500,-0.000006,0.000000,0.000000,Landed,0.0000000,360.0000000,
3410.000,0.000001,0.000000,0.000000,Landed,0.0000000,360.0000000,
3410.500,0.000006,0.000000,0.000000,Landed,0.0000000,360.0000000,
3411.000,0.000010,0.000000,0.000000,Landed,0.0000000,360.0000000,
3411.500,0.000014,0.000000,0.000000,Landed,0.0000000,360.0000000,
3412.000,-0.000012,0.000000,0.000000,Landed,0.0000000,360.0000000,
3412.500,-0.000003,0.000000,0.000000,Landed,0.0000000,360.0000000,
3413.000,0.000003,0.000000,0.000000,Landed,0.0000000,360.0000000,
3413.500,0.000008,0.000000,0.000000,Landed,0.0000000,360.0000000,
3414.000,0.000012,0.000000,0.000000,Landed,0.0000000,360.0000000,
3414.500,-0.000012,0.000000,0.000000,Landed,0.0000000,360.0000000,
3415.000,-0.000004,0.000000,0.000000,Landed,0.0000000,360.0000000,
3415.500,0.000003,0.000000,0.000000,Landed,0.0000000,360.0000000,
3416.000,0.000008,0.000000,0.000000,Landed,0.0000000,360.0000000,
3416.500,0.000012,0.000000,0.000000,Landed,0.0000000,360.0000000,
3417.000,-0.000013,0.000000,0.000000,Landed,0.0000000,360.0000000,
3417.500,-0.000004,0.000000,0.000000,Landed,0.0000000,360.0000000,
3418.000,0.000002,0.000000,0.000000,Landed,0.0000000,360.0000000,
3418.500,0.000007,0.000000,0.000000,Landed,0.0000000,360.0000000,
3419.000,0.000011,0.000000,0.000000,Landed,0.0000000,360.0000000,
3419.500,0.000014,0.000000,0.000000,Landed,0.0000000,360.0000000,
3420.000,-0.000012,0.000000,0.000000,Landed,0.0000000,360.0000000,
3420.500,-0.000004,0.000000,0.000000,Landed,0.0000000,360.0000000,
3421.000,0.000001,0.000000,0.000000,Landed,0.0000000,360.0000000,
3421.500,0.000006,0.000000,0.000000,Landed,0.0000000,360.0000000,
3422.000,0.000009,0.000000,0.000000,Landed,0.0000000,360.0000000,
3422.500,0.000011,0.000000,0.000000,Landed,0.0000000,360.0000000,
3423.000,0.000013,0.000000,0.000000,Landed,0.0000000,360.0000000,
3423.500,-0.000014,0.000000,0.000000,Landed,0.0000000,360.0000000,
3424.000,-0.000007,0.000000,0.000000,Landed,0.0000000,360.0000000,
3424.500,-0.000002,0.000000,0.000000,Landed,0.0000000,360.0000000,
3425.000,0.000002,0.000000,0.000000,Landed,0.0000000,360.0000000,
3425.500,0.000004,0.000000,0.000000,Landed,0.0000000,360.0000000,
3426.000,0.000006,0.000000,0.000000,Landed,0.0000000,360.0000000,
3426.500,0.000007,0.000000,0.000000,Landed,0.0000000,360.0000000,
3427.000,0.000008,0.000000,0.000000,Landed,0.0000000,360.0000000,
3427.500,0.000008,0.000000,0.000000,Landed,0.0000000,360.0000000,
3428.000,0.000008,0.000000,0.000000,Landed,0.0000000,360.0000000,
3428.500,0.000007,0.000000,0.000000,Landed,0.0000000,360.0000000,
3429.000,0.000007,0.000000,0.000000,Landed,0.0000000,360.0000000,
3429.500,0.000006,0.000000,0.000000,Landed,0.0000000,360.0000000,
3430.000,0.000005,0.000000,0.000000,Landed,0.0000000,360.0000000,
3430.500,0.000004,0.000000,0.000000,Landed,0.0000000,360.0000000,
3431.000,0.000002,0.000000,0.000000,Landed,0.0000000,360.0000000,
3431.500,0.000001,0.000000,0.000000,Landed,0.0000000,360.0000000,
3432.000,-0.000000,0.000000,0.000000,Landed,0.0000000,360.0000000,
3432.500,-0.000002,0.000000,0.000000,Landed,0.0000000,360.0000000,
3433.000,-0.000004,0.000000,0.000000,Landed,0.0000000,360.0000000,
3433.500,-0.000005,0.000000,0.000000,Landed,0.0000000,360.0000000,
3434.000,-0.000007,0.000000,0.000000,Landed,0.0000000,360.0000000,
3434.500,-0.000009,0.000000,0.000000,Landed,0.0000000,360.0000000,
3435.000,-0.000011,0.000000,0.000000,Landed,0.0000000,360.0000000,
3435.500,-0.000013,0.000000,0.000000,Landed,0.0000000,360.0000000,
3436.000,0.000013,0.000000,0.000000,Landed,0.0000000,360.0000000,
3436.500,0.000005,0.000000,0.000000,Landed,0.0000000,360.0000000,
3437.000,-0.000002,0.000000,0.000000,Landed,0.0000000,360.0000000,
3437.500,-0.000008,0.000000,0.000000,Landed,0.0000000,360.0000000,
3438.000,-0.000013,0.000000,0.000000,Landed,0.0000000,360.0000000,
3438.500,0.000010,0.000000,0.000000,Landed,0.0000000,360.0000000,
3439.000,-0.000000,0.000000,0.000000,Landed,0.0000000,360.0000000,
3439.500,-0.000009,0.000000,0.000000,Landed,0.0000000,360.0000000,
3440.000,0.000012,0.000000,0.000000,Landed,0.0000000,360.0000000,
3440.500,-0.000001,0.000000,0.000000,Landed,0.0000000,360.0000000,
3441.000,-0.000011,0.000000,0.000000,Landed,0.0000000,360.0000000,
3441.500,0.000008,0.000000,0.000000,Landed,0.0000000,360.0000000,
3442.000,-0.000005,0.000000,0.000000,Landed,0.0000000,360.0000000,
3442.500,0.000011,0.000000,0.000000,Landed,0.0000000,360.0000000,
3443.000,-0.000004,0.000000,0.000000,Landed,0.0000000,360.0000000,
3443.500,0.000009,0.000000,0.000000,Landed,0.0000000,360.0000000,
3444.000,-0.000009,0.000000,0.000000,Landed,0.0000000,360.0000000,
3444.500,0.000004,0.000000,0.000000,Landed,0.0000000,360.0000000,
3445.000,0.000014,0.000000,0.000000,Landed,0.0000000,360.0000000,
3445.500,-0.000007,0.000000,0.000000,Landed,0.0000000,360.0000000,
3446.000,0.000003,0.000000,0.000000,Landed,0.0000000,360.0000000,
3446.500,0.000011,0.000000,0.000000,Landed,0.0000000,360.0000000,
3447.000,-0.000012,0.000000,0.000000,Landed,0.0000000,360.0000000,
3447.500,-0.000002,0.000000,0.000000,Landed,0.0000000,360.0000000,
3448.000,0.000004,0.000000,0.000000,Landed,0.0000000,360.0000000,
3448.500,0.000008,0.000000,0.000000,Landed,0.0000000,360.0000000,
3449.000,0.000011,0.000000,0.000000,Landed,0.0000000,360.0000000,
3449.500,0.000012,0.000000,0.000000,Landed,0.0000000,360.0000000,
3450.000,0.000012,0.000000,0.000000,Landed,0.0000000,360.0000000,
3450.500,0.000011,0.000000,0.000000,Landed,0.0000000,360.0000000,
3451.000,0.000010,0.000000,0.000000,Landed,0.0000000,360.0000000,
3451.500,0.000008,0.000000,0.000000,Landed,0.0000000,360.0000000,
3452.000,0.000006,0.000000,0.000000,Landed,0.0000000,360.0000000,
3452.500,0.000003,0.000000,0.000000,Landed,0.0000000,360.0000000,
3453.000,-0.000000,0.000000,0.000000,Landed,0.0000000,360.0000000,
3453.500,-0.000003,0.000000,0.000000,Landed,0.0000000,360.0000000,
3454.000,-0.000007,0.000000,0.000000,Landed,0.0000000,360.0000000,
3454.500,-0.000010,0.000000,0.000000,Landed,0.0000000,360.0000000,
3455.000,0.000014,0.000000,0.000000,Landed,0.0000000,360.0000000,
3455.500,0.000004,0.000000,0.000000,Landed,0.0000000,360.0000000,
3456.000,-0.000005,0.000000,0.000000,Landed,0.0000000,360.0000000,
3456.500,-0.000013,0.000000,0.000000,Landed,0.0000000,360.0000000,
3457.000,0.000008,0.000000,0.000000,Landed,0.0000000,360.0000000,
3457.500,-0.000005,0.000000,0.000000,Landed,0.0000000,360.0000000,
3458.000,0.000012,0.000000,0.000000,Landed,0.0000000,360.0000000,
3458.500,-0.000003,0.000000,0.000000,Landed,0.0000000,360.0000000,
3459.000,0.000010,0.000000,0.000000,Landed,0.0000000,360.0000000,
3459.500,-0.000009,0.000000,0.000000,Landed,0.0000000,360.0000000,
3460.000,0.000003,0.000000,0.000000,Landed,0.0000000,360.0000000,
3460.500,0.000011,0.000000,0.000000,Landed,0.0000000,360.0000000,
3461.000,-0.000011,0.000000,0.000000,Landed,0.0000000,360.0000000,
3461.500,-0.000002,0.000000,0.000000,Landed,0.0000000,360.0000000,
3462.000,0.000004,0.000000,0.000000,Landed,0.0000000,360.0000000,
3462.500,0.000008,0.000000,0.000000,Landed,0.0000000,360.0000000,
3463.000,0.000010,0.000000,0.000000,Landed,0.0000000,360.0000000,
3463.500,0.000010,0.000000,0.000000,Landed,0.0000000,360.0000000,
3464.000,0.000009,0.000000,0.000000,Landed,0.0000000,360.0000000,
3464.500,0.000007,0.000000,0.000000,Landed,0.0000000,360.0000000,
3465.000,0.000004,0.000000,0.000000,Landed,0.0000000,360.0000000,
3465.500,0.000001,0.000000,0.000000,Landed,0.0000000,360.0000000,
3466.000,-0.000002,0.000000,0.000000,Landed,0.0000000,360.0000000,
3466.500,-0.000007,0.000000,0.000000,Landed,0.0000000,360.0000000,
3467.000,-0.000011,0.000000,0.000000,Landed,0.0000000,360.0000000,
3467.500,0.000012,0.000000,0.000000,Landed,0.0000000,360.0000000,
3468.000,0.000001,0.000000,0.000000,Landed,0.0000000,360.0000000,
3468.500,-0.000009,0.000000,0.000000,Landed,0.0000000,360.0000000,
3469.000,0.000010,0.000000,0.000000,Landed,0.0000000,360.0000000,
3469.500,-0.000004,0.000000,0.000000,Landed,0.0000000,360.0000000,
3470.000,0.000010,0.000000,0.000000,Landed,0.0000000,360.0000000,
3470.500,-0.000009,0.000000,0.000000,Landed,0.0000000,360.0000000,
3471.000,0.000003,0.000000,0.000000,Landed,0.0000000,360.0000000,
3471.500,0.000011,0.000000,0.000000,Landed,0.0000000,360.0000000,
3472.000,-0.000012,0.000000,0.000000,Landed,0.0000000,360.0000000,
3472.500,-0.000003,0.000000,0.000000,Landed,0.0000000,360.0000000,
3473.000,0.000003,0.000000,0.000000,Landed,0.0000000,360.0000000,
3473.500,0.000005,0.000000,0.000000,Landed,0.0000000,360.0000000,
3474.000,0.000006,0.000000,0.000000,Landed,0.0000000,360.0000000,
3474.500,0.000005,0.000000,0.000000,Landed,0.0000000,360.0000000,
3475.000,0.000003,0.000000,0.000000,Landed,0.0000000,360.0000000,
3475.500,0.000000,0.000000,0.000000,Landed,0.0000000,360.0000000,
3476.000,-0.000003,0.000000,0.000000,Landed,0.0000000,360.0000000,
3476.500,-0.000008,0.000000,0.000000,Landed,0.0000000,360.0000000,
3477.000,-0.000012,0.000000,0.000000,Landed,0.0000000,360.0000000,
3477.500,0.000010,0.000000,0.000000,Landed,0.0000000,360.0000000,
3478.000,-0.000001,0.000000,0.000000,Landed,0.0000000,360.0000000,
3478.500,-0.000012,0.000000,0.000000,Landed,0.0000000,360.0000000,
3479.000,0.000006,0.000000,0.000000,Landed,0.0000000,360.0000000,
3479.500,-0.000011,0.000000,0.000000,Landed,0.0000000,360.0000000,
3480.000,0.000002,0.000000,0.000000,Landed,0.0000000,360.0000000,
3480.500,0.000011,0.000000,0.000000,Landed,0.0000000,360.0000000,
3481.000,-0.000012,0.000000,0.000000,Landed,0.0000000,360.0000000,
3481.500,-0.000003,0.000000,0.000000,Landed,0.0000000,360.0000000,
3482.000,0.000002,0.000000,0.000000,Landed,0.0000000,360.0000000,
3482.500,0.000004,0.000000,0.000000,Landed,0.0000000,360.0000000,
3483.000,0.000005,0.000000,0.000000,Landed,0.0000000,360.0000000,
3483.500,0.000003,0.000000,0.000000,Landed,0.0000000,360.0000000,
3484.000,0.000001,0.000000,0.000000,Landed,0.0000000,360.0000000,
3484.500,-0.000003,0.000000,0.000000,Landed,0.0000000,360.0000000,
3485.000,-0.000007,0.000000,0.000000,Landed,0.0000000,360.0000000,
3485.500,-0.000013,0.000000,0.000000,Landed,0.0000000,360.0000000,
3486.000,0.000010,0.000000,0.000000,Landed,0.0000000,360.0000000,
3486.500,-0.000003,0.000000,0.000000,Landed,0.0000000,360.0000000,
3487.000,0.000014,0.000000,0.000000,Landed,0.0000000,360.0000000,
3487.500,-0.000005,0.000000,0.000000,Landed,0.0000000,360.0000000,
3488.000,0.000007,0.000000,0.000000,Landed,0.0000000,360.0000000,
3488.500,-0.000013,0.000000,0.000000,Landed,0.0000000,360.0000000,
3489.000,-0.000003,0.000000,0.000000,Landed,0.0000000,360.0000000,
3489.500,0.000004,0.000000,0.000000,Landed,0.0000000,360.0000000,
3490.000,0.000007,0.000000,0.000000,Landed,0.0000000,360.0000000,
3490.500,0.000007,0.000000,0.000000,Landed,0.0000000,360.0000000,
3491.000,0.000006,0.000000,0.000000,Landed,0.0000000,360.0000000,
3491.500,0.000003,0.000000,0.000000,Landed,0.0000000,360.0000000,
3492.000,-0.000001,0.000000,0.000000,Landed,0.0000000,360.0000000,
3492.500,-0.000006,0.000000,0.000000,Landed,0.0000000,360.0000000,
3493.000,-0.000011,0.000000,0.000000,Landed,0.0000000,360.0000000,
3493.500,0.000010,0.000000,0.000000,Landed,0.0000000,360.0000000,
3494.000,-0.000002,0.000000,0.000000,Landed,0.0000000,360.0000000,
3494.500,0.000013,0.000000,0.000000,Landed,0.0000000,360.0000000,
3495.000,-0.000006,0.000000,0.000000,Landed,0.0000000,360.0000000,
3495.500,0.000006,0.000000,0.000000,Landed,0.0000000,360.0000000,
3496.000,0.000012,0.000000,0.000000,Landed,0.0000000,360.0000000,
3496.500,-0.000012,0.000000,0.000000,Landed,0.0000000,360.0000000,
3497.000,-0.000005,0.000000,0.000000,Landed,0.0000000,360.0000000,
3497.500,-0.000002,0.000000,0.000000,Landed,0.0000000,360.0000000,
3498.000,-0.000001,0.000000,0.000000,Landed,0.0000000,360.0000000,
3498.500,-0.000002,0.000000,0.000000,Landed,0.0000000,360.0000000,
3499.000,-0.000005,0.000000,0.000000,Landed,0.0000000,360.0000000,
3499.500,-0.000010,0.000000,0.000000,Landed,0.0000000,360.0000000,
3500.000,0.000013,0.000000,0.000000,Landed,0.0000000,360.0000000,
3500.500,0.000000,0.000000,0.000000,Landed,0.0000000,360.0000000,
3501.000,-0.000011,0.000000,0.000000,Landed,0.0000000,360.0000000,
3501.500,0.000004,0.000000,0.000000,Landed,0.0000000,360.0000000,
3502.000,0.000013,0.000000,0.000000,Landed,0.0000000,360.0000000,
3502.500,-0.000009,0.000000,0.000000,Landed,0.0000000,360.0000000,
3503.000,-0.000001,0.000000,0.000000,Landed,0.0000000,360.0000000,
3503.500,0.000004,0.000000,0.000000,Landed,0.0000000,360.0000000,
3504.000,0.000005,0.000000,0.000000,Landed,0.0000000,360.0000000,
3504.500,0.000004,0.000000,0.000000,Landed,0.0000000,360.0000000,
3505.000,0.000001,0.000000,0.000000,Landed,0.0000000,360.0000000,
3505.500,-0.000003,0.000000,0.000000,Landed,0.0000000,360.0000000,
3506.000,-0.000009,0.000000,0.000000,Landed,0.0000000,360.0000000,
3506.500,0.000012,0.000000,0.000000,Landed,0.0000000,360.0000000,
3507.000,-0.000001,0.000000,0.000000,Landed,0.0000000,360.0000000,
3507.500,-0.000013,0.000000,0.000000,Landed,0.0000000,360.0000000,
3508.000,0.000001,0.000000,0.000000,Landed,0.0000000,360.0000000,
3508.500,0.000009,0.000000,0.000000,Landed,0.0000000,360.0000000,
3509.000,-0.000014,0.000000,0.000000,Landed,0.0000000,360.0000000,
3509.500,-0.000006,0.000000,0.000000,Landed,0.0000000,360.0000000,
3510.000,-0.000002,0.000000,0.000000,Landed,0.0000000,360.0000000,
3510.500,-0.000002,0.000000,0.000000,Landed,0.0000000,360.0000000,
3511.000,-0.000004,0.000000,0.000000,Landed,0.0000000,360.0000000,
3511.500,-0.000007,0.000000,0.000000,Landed,0.0000000,360.0000000,
3512.000,-0.000012,0.000000,0.000000,Landed,0.0000000,360.0000000,
3512.500,0.000009,0.000000,0.000000,Landed,0.0000000,360.0000000,
3513.000,-0.000004,0.000000,0.000000,Landed,0.0000000,360.0000000,
3513.500,0.000009,0.000000,0.000000,Landed,0.0000000,360.0000000,
3514.000,-0.000010,0.000000,0.000000,Landed,0.0000000,360.0000000,
3514.500,-0.000000,0.000000,0.000000,Landed,0.0000000,360.0000000,
3515.000,0.000005,0.000000,0.000000,Landed,0.0000000,360.0000000,
3515.500,0.000007,0.000000,0.000000,Landed,0.0000000,360.0000000,
3516.000,0.000006,0.000000,0.000000,Landed,0.0000000,360.0000000,
3516.500,0.000003,0.000000,0.000000,Landed,0.0000000,360.0000000,
3517.000,-0.000002,0.000000,0.000000,Landed,0.0000000,360.0000000,
3517.500,-0.000008,0.000000,0.000000,Landed,0.0000000,360.0000000,
3518.000,0.000013,0.000000,0.000000,Landed,0.0000000,360.0000000,
3518.500,-0.000001,0.000000,0.000000,Landed,0.0000000,360.0000000,
3519.000,0.000011,0.000000,0.000000,Landed,0.0000000,360.0000000,
3519.500,-0.000009,0.000000,0.000000,Landed,0.0000000,360.0000000,
3520.000,0.000000,0.000000,0.000000,Landed,0.0000000,360.0000000,
3520.500,0.000005,0.000000,0.000000,Landed,0.0000000,360.0000000,
3521.000,0.000006,0.000000,0.000000,Landed,0.0000000,360.0000000,
3521.500,0.000005,0.000000,0.000000,Landed,0.0000000,360.0000000,
3522.000,0.000001,0.000000,0.000000,Landed,0.0000000,360.0000000,
3522.500,-0.000004,0.000000,0.000000,Landed,0.0000000,360.0000000,
3523.000,-0.000011,0.000000,0.000000,Landed,0.0000000,360.0000000,
3523.500,0.000009,0.000000,0.000000,Landed,0.0000000,360.0000000,
3524.000,-0.000005,0.000000,0.000000,Landed,0.0000000,360.0000000,
3524.500,0.000007,0.000000,0.000000,Landed,0.0000000,360.0000000,
3525.000,0.000013,0.000000,0.000000,Landed,0.0000000,360.0000000,
3525.500,-0.000012,0.000000,0.000000,Landed,0.0000000,360.0000000,
3526.000,-0.000006,0.000000,0.000000,Landed,0.0000000,360.0000000,
3526.500,-0.000004,0.000000,0.000000,Landed,0.0000000,360.0000000,
3527.000,-0.000006,0.000000,0.000000,Landed,0.0000000,360.0000000,
3527.500,-0.000009,0.000000,0.000000,Landed,0.0000000,360.0000000,
3528.000,0.000013,0.000000,0.000000,Landed,0.0000000,360.0000000,
3528.500,-0.000000,0.000000,0.000000,Landed,0.0000000,360.0000000,
3529.000,-0.000013,0.000000,0.000000,Landed,0.0000000,360.0000000,
3529.500,0.000001,0.000000,0.000000,Landed,0.0000000,360.0000000,
3530.000,0.000008,0.000000,0.000000,Landed,0.0000000,360.0000000,
3530.500,0.000011,0.000000,0.000000,Landed,0.0000000,360.0000000,
3531.000,0.000011,0.000000,0.000000,Landed,0.0000000,360.0000000,
3531.500,0.000008,0.000000,0.000000,Landed,0.0000000,360.0000000,
3532.000,0.000003,0.000000,0.000000,Landed,0.0000000,360.0000000,
3532.500,-0.000003,0.000000,0.000000,Landed,0.0000000,360.0000000,
3533.000,-0.000011,0.000000,0.000000,Landed,0.0000000,360.0000000,
3533.500,0.000008,0.000000,0.000000,Landed,0.0000000,360.0000000,
3534.000,-0.000010,0.000000,0.000000,Landed,0.0000000,360.0000000,
3534.500,0.000001,0.000000,0.000000,Landed,0.0000000,360.0000000,
3535.000,0.000007,0.000000,0.000000,Landed,0.0000000,360.0000000,
3535.500,0.000009,0.000000,0.000000,Landed,0.0000000,360.0000000,
3536.000,0.000007,0.000000,0.000000,Landed,0.0000000,360.0000000,
3536.500,0.000003,0.000000,0.000000,Landed,0.0000000,360.0000000,
3537.000,-0.000003,0.000000,0.000000,Landed,0.0000000,360.0000000,
3537.500,-0.000010,0.000000,0.000000,Landed,0.0000000,360.0000000,
3538.000,0.000009,0.000000,0.000000,Landed,0.0000000,360.0000000,
3538.500,-0.000009,0.000000,0.000000,Landed,0.0000000,360.0000000,
3539.000,0.000003,0.000000,0.000000,Landed,0.0000000,360.0000000,
3539.500,0.000008,0.000000,0.000000,Landed,0.0000000,360.0000000,
3540.000,0.000010,0.000000,0.000000,Landed,0.0000000,360.0000000,
3540.500,0.000008,0.000000,0.000000,Landed,0.0000000,360.0000000,
3541.000,0.000004,0.000000,0.000000,Landed,0.0000000,360.0000000,
3541.500,-0.000003,0.000000,0.000000,Landed,0.0000000,360.0000000,
3542.000,-0.000010,0.000000,0.000000,Landed,0.0000000,360.0000000,
3542.500,0.000008,0.000000,0.000000,Landed,0.0000000,360.0000000,
3543.000,-0.000010,0.000000,0.000000,Landed,0.0000000,360.0000000,
3543.500,0.000001,0.000000,0.000000,Landed,0.0000000,360.0000000,
3544.000,0.000006,0.000000,0.000000,Landed,0.0000000,360.0000000,
3544.500,0.000007,0.000000,0.000000,Landed,0.0000000,360.0000000,
3545.000,0.000005,0.000000,0.000000,Landed,0.0000000,360.0000000,
3545.500,0.000000,0.000000,0.000000,Landed,0.0000000,360.0000000,
3546.000,-0.000007,0.000000,0.000000,Landed,0.0000000,360.0000000,
3546.500,0.000013,0.000000,0.000000,Landed,0.0000000,360.0000000,
3547.000,-0.000003,0.000000,0.000000,Landed,0.0000000,360.0000000,
3547.500,0.000008,0.000000,0.000000,Landed,0.0000000,360.0000000,
3548.000,0.000013,0.000000,0.000000,Landed,0.0000000,360.0000000,
3548.500,0.000013,0.000000,0.000000,Landed,0.0000000,360.0000000,
3549.000,0.000011,0.000000,0.000000,Landed,0.0000000,360.0000000,
3549.500,0.000006,0.000000,0.000000,Landed,0.0000000,360.0000000,
3550.000,-0.000001,0.000000,0.000000,Landed,0.0000000,360.0000000,
3550.500,-0.000010,0.000000,0.000000,Landed,0.0000000,360.0000000,
3551.000,0.000008,0.000000,0.000000,Landed,0.0000000,360.0000000,
3551.500,-0.000011,0.000000,0.000000,Landed,0.0000000,360.0000000,
3552.000,-0.000001,0.000000,0.000000,Landed,0.0000000,360.0000000,
3552.500,0.000003,0.000000,0.000000,Landed,0.0000000,360.0000000,
3553.000,0.000004,0.000000,0.000000,Landed,0.0000000,360.0000000,
3553.500,0.000000,0.000000,0.000000,Landed,0.0000000,360.0000000,
3554.000,-0.000005,0.000000,0.000000,Landed,0.0000000,360.0000000,
3554.500,-0.000013,0.000000,0.000000,Landed,0.0000000,360.0000000,
3555.000,0.000006,0.000000,0.000000,Landed,0.0000000,360.0000000,
3555.500,-0.000013,0.000000,0.000000,Landed,0.0000000,360.0000000,
3556.000,-0.000002,0.000000,0.000000,Landed,0.0000000,360.0000000,
3556.500,0.000002,0.000000,0.000000,Landed,0.0000000,360.0000000,
3557.000,0.000002,0.000000,0.000000,Landed,0.0000000,360.0000000,
3557.500,-0.000001,0.000000,0.000000,Landed,0.0000000,360.0000000,
3558.000,-0.000007,0.000000,0.000000,Landed,0.0000000,360.0000000,
3558.500,0.000013,0.000000,0.000000,Landed,0.0000000,360.0000000,
3559.000,-0.000003,0.000000,0.000000,Landed,0.0000000,360.0000000,
3559.500,0.000007,0.000000,0.000000,Landed,0.0000000,360.0000000,
3560.000,0.000012,0.000000,0.000000,Landed,0.0000000,360.0000000,
3560.500,0.000012,0.000000,0.000000,Landed,0.0000000,360.0000000,
3561.000,0.000009,0.000000,0.000000,Landed,0.0000000,360.0000000,
3561.500,0.000003,0.000000,0.000000,Landed,0.0000000,360.0000000,
3562.000,-0.000005,0.000000,0.000000,Landed,0.0000000,360.0000000,
3562.500,0.000013,0.000000,0.000000,Landed,0.0000000,360.0000000,
3563.000,-0.000006,0.000000,0.000000,Landed,0.0000000,360.0000000,
3563.500,0.000003,0.000000,0.000000,Landed,0.0000000,360.0000000,
3564.000,0.000007,0.000000,0.000000,Landed,0.0000000,360.0000000,
3564.500,0.000006,0.000000,0.000000,Landed,0.0000000,360.0000000,
3565.000,0.000002,0.000000,0.000000,Landed,0.0000000,360.0000000,
3565.500,-0.000004,0.000000,0.000000,Landed,0.0000000,360.0000000,
3566.000,-0.000013,0.000000,0.000000,Landed,0.0000000,360.0000000,
3566.500,0.000003,0.000000,0.000000,Landed,0.0000000,360.0000000,
3567.000,0.000012,0.000000,0.000000,Landed,0.0000000,360.0000000,
3567.500,-0.000013,0.000000,0.000000,Landed,0.0000000,360.0000000,
3568.000,-0.000008,0.000000,0.000000,Landed,0.0000000,360.0000000,
3568.500,-0.000007,0.000000,0.000000,Landed,0.0000000,360.0000000,
3569.000,-0.000011,0.000000,0.000000,Landed,0.0000000,360.0000000,
3569.500,0.000011,0.000000,0.000000,Landed,0.0000000,360.0000000,
3570.000,-0.000004,0.000000,0.000000,Landed,0.0000000,360.0000000,
3570.500,0.000007,0.000000,0.000000,Landed,0.0000000,360.0000000,
3571.000,0.000011,0.000000,0.000000,Landed,0.0000000,360.0000000,
3571.500,0.000011,0.000000,0.000000,Landed,0.0000000,360.0000000,
3572.000,0.000007,0.000000,0.000000,Landed,0.0000000,360.0000000,
3572.500,0.000001,0.000000,0.000000,Landed,0.0000000,360.0000000,
3573.000,-0.000008,0.000000,0.000000,Landed,0.0000000,360.0000000,
3573.500,0.000009,0.000000,0.000000,Landed,0.0000000,360.0000000,
3574.000,-0.000011,0.000000,0.000000,Landed,0.0000000,360.0000000,
3574.500,-0.000002,0.000000,0.000000,Landed,0.0000000,360.0000000,
3575.000,0.000001,0.000000,0.000000,Landed,0.0000000,360.0000000,
3575.500,-0.000001,0.000000,0.000000,Landed,0.0000000,360.0000000,
3576.000,-0.000006,0.000000,0.000000,Landed,0.0000000,360.0000000,
3576.500,-0.000013,0.000000,0.000000,Landed,0.0000000,360.0000000,
3577.000,0.000005,0.000000,0.000000,Landed,0.0000000,360.0000000,
3577.500,0.000013,0.000000,0.000000,Landed,0.0000000,360.0000000,
3578.000,-0.000012,0.000000,0.000000,Landed,0.0000000,360.0000000,
3578.500,-0.000007,0.000000,0.000000,Landed,0.0000000,360.0000000,
3579.000,-0.000008,0.000000,0.000000,Landed,0.0000000,360.0000000,
3579.500,-0.000012,0.000000,0.000000,Landed,0.0000000,360.0000000,
3580.000,0.000009,0.000000,0.000000,Landed,0.0000000,360.0000000,
3580.500,-0.000009,0.000000,0.000000,Landed,0.0000000,360.0000000,
3581.000,0.000001,0.000000,0.000000,Landed,0.0000000,360.0000000,
3581.500,0.000005,0.000000,0.000000,Landed,0.0000000,360.0000000,
3582.000,0.000004,0.000000,0.000000,Landed,0.0000000,360.0000000,
3582.500,-0.000000,0.000000,0.000000,Landed,0.0000000,360.0000000,
3583.000,-0.000008,0.000000,0.000000,Landed,0.0000000,360.0000000,
3583.500,0.000010,0.000000,0.000000,Landed,0.0000000,360.0000000,
3584.000,-0.000009,0.000000,0.000000,Landed,0.0000000,360.0000000,
3584.500,-0.000001,0.000000,0.000000,Landed,0.0000000,360.0000000,
3585.000,0.000002,0.000000,0.000000,Landed,0.0000000,360.0000000,
3585.500,0.000000,0.000000,0.000000,Landed,0.0000000,360.0000000,
3586.000,-0.000005,0.000000,0.000000,Landed,0.0000000,360.0000000,
3586.500,-0.000014,0.000000,0.000000,Landed,0.0000000,360.0000000,
3587.000,0.000002,0.000000,0.000000,Landed,0.0000000,360.0000000,
3587.500,0.000010,0.000000,0.000000,Landed,0.0000000,360.0000000,
3588.000,0.000011,0.000000,0.000000,Landed,0.0000000,360.0000000,
3588.500,0.000009,0.000000,0.000000,Landed,0.0000000,360.0000000,
3589.000,0.000003,0.000000,0.000000,Landed,0.0000000,360.0000000,
3589.500,-0.000006,0.000000,0.000000,Landed,0.0000000,360.0000000,
3590.000,0.000011,0.000000,0.000000,Landed,0.0000000,360.0000000,
3590.500,-0.000010,0.000000,0.000000,Landed,0.0000000,360.0000000,
3591.000,-0.000002,0.000000,0.000000,Landed,0.0000000,360.0000000,
3591.500,-0.000000,0.000000,0.000000,Landed,0.0000000,360.0000000,
3592.000,-0.000003,0.000000,0.000000,Landed,0.0000000,360.0000000,
3592.500,-0.000009,0.000000,0.000000,Landed,0.0000000,360.0000000,
3593.000,0.000009,0.000000,0.000000,Landed,0.0000000,360.0000000,
3593.500,-0.000010,0.000000,0.000000,Landed,0.0000000,360.0000000,
3594.000,-0.000002,0.000000,0.000000,Landed,0.0000000,360.0000000,
3594.500,0.000001,0.000000,0.000000,Landed,0.0000000,360.0000000,
3595.000,-0.000002,0.000000,0.000000,Landed,0.0000000,360.0000000,
3595.500,-0.000008,0.000000,0.000000,Landed,0.0000000,360.0000000,
3596.000,0.000011,0.000000,0.000000,Landed,0.0000000,360.0000000,
3596.500,-0.000008,0.000000,0.000000,Landed,0.0000000,360.0000000,
3597.000,0.000000,0.000000,0.000000,Landed,0.0000000,360.0000000,
3597.500,0.000002,0.000000,0.000000,Landed,0.0000000,360.0000000,
3598.000,-0.000000,0.000000,0.000000,Landed,0.0000000,360.0000000,
3598.500,-0.000006,0.000000,0.000000,Landed,0.0000000,360.0000000,
3599.000,0.000012,0.000000,0.000000,Landed,0.0000000,360.0000000,
3599.500,-0.000008,0.000000,0.000000,Landed,0.0000000,360.0000000,
3600.000,0.000001,0.000000,0.000000,Landed,0.0000000,360.0000000,
