t,alt,v_radial,v_tangential,regime,lat,lon,event
0.000,5000.000000,-3.000000,0.363610,Flying,0.0000000,0.0000000,
0.500,4997.834219,-5.238149,0.201172,Flying,-0.0000000,359.9999930,
1.000,4995.034453,-5.818871,0.093574,Flying,-0.0000000,359.9999894,
1.500,4992.086912,-5.940018,0.041638,Flying,-0.0000000,359.9999878,
2.000,4989.109456,-5.963421,0.018207,Flying,-0.0000000,359.9999871,
2.500,4986.126438,-5.967226,0.007779,Flying,-0.0000000,359.9999868,
3.000,4983.142771,-5.967150,0.003152,Flying,-0.0000000,359.9999867,
3.500,4980.159432,-5.966304,0.001101,Flying,-0.0000000,359.9999866,
4.000,4977.176542,-5.965311,0.000191,Flying,-0.0000000,359.9999866,
4.500,4974.194164,-5.964288,0.000212,Flying,-0.0000000,359.9999866,
5.000,4971.212265,-5.963259,0.000391,Flying,-0.0000000,359.9999866,
5.500,4968.230878,-5.962229,0.000470,Flying,-0.0000000,359.9999867,
6.000,4965.250031,-5.961199,0.000505,Flying,-0.0000000,359.9999867,
6.500,4962.269695,-5.960169,0.000520,Flying,-0.0000000,359.9999867,
7.000,4959.289839,-5.959140,0.000527,Flying,-0.0000000,359.9999867,
7.500,4956.310524,-5.958111,0.000530,Flying,-0.0000000,359.9999867,
8.000,4953.331689,-5.957082,0.000531,Flying,-0.0000000,359.9999867,
8.500,4950.353395,-5.956054,0.000531,Flying,-0.0000000,359.9999867,
9.000,4947.375673,-5.955026,0.000531,Flying,-0.0000000,359.9999867,
9.500,4944.398400,-5.953998,0.000531,Flying,-0.0000000,359.9999868,
10.000,4941.421668,-5.952971,0.000531,Flying,-0.0000000,359.9999868,
10.500,4938.445416,-5.951944,0.000531,Flying,-0.0000000,359.9999868,
11.000,4935.469736,-5.950917,0.000531,Flying,-0.0000000,359.9999868,
11.500,4932.494536,-5.949891,0.000531,Flying,-0.0000000,359.9999868,
12.000,4929.519816,-5.948865,0.000530,Flying,-0.0000000,359.9999868,
12.500,4926.545667,-5.947840,0.000530,Flying,-0.0000000,359.9999868,
13.000,4923.571998,-5.946815,0.000530,Flying,-0.0000000,359.9999869,
13.500,4920.598839,-5.945790,0.000530,Flying,-0.0000000,359.9999869,
14.000,4917.626222,-5.944766,0.000530,Flying,-0.0000000,359.9999869,
14.500,4914.654084,-5.943742,0.000529,Flying,-0.0000000,359.9999869,
15.000,4911.682487,-5.942718,0.000529,Flying,-0.0000000,359.9999869,
15.500,4908.711401,-5.941695,0.000529,Flying,-0.0000000,359.9999869,
16.000,4905.740795,-5.940672,0.000529,Flying,-0.0000000,359.9999869,
16.500,4902.770729,-5.939649,0.000529,Flying,-0.0000000,359.9999869,
17.000,4899.801143,-5.938627,0.000528,Flying,-0.0000000,359.9999870,
17.500,4896.832068,-5.937605,0.000528,Flying,-0.0000000,359.9999870,
18.000,4893.863533,-5.936583,0.000528,Flying,-0.0000000,359.9999870,
18.500,4890.895478,-5.935562,0.000528,Flying,-0.0000000,359.9999870,
19.000,4887.927964,-5.934541,0.000528,Flying,-0.0000000,359.9999870,
19.500,4884.960900,-5.933520,0.000528,Flying,-0.0000000,359.9999870,
20.000,4881.994406,-5.932500,0.000527,Flying,-0.0000000,359.9999870,
20.500,4879.028423,-5.931480,0.000527,Flying,-0.0000000,359.9999870,
21.000,4876.062950,-5.930461,0.000527,Flying,-0.0000000,359.9999871,
21.500,4873.097988,-5.929442,0.000527,Flying,-0.0000000,359.9999871,
22.000,4870.133505,-5.928423,0.000527,Flying,-0.0000000,359.9999871,
22.500,4867.169562,-5.927405,0.000526,Flying,-0.0000000,359.9999871,
23.000,4864.206100,-5.926387,0.000526,Flying,-0.0000000,359.9999871,
23.500,4861.243148,-5.925369,0.000526,Flying,-0.0000000,359.9999871,
24.000,4858.280706,-5.924351,0.000526,Flying,-0.0000000,359.9999871,
24.500,4855.318774,-5.923334,0.000526,Flying,-0.0000000,359.9999872,
25.000,4852.357352,-5.922318,0.000526,Flying,-0.0000000,359.9999872,
25.500,4849.396471,-5.921301,0.000525,Flying,-0.0000000,359.9999872,
26.000,4846.436130,-5.920285,0.000525,Flying,-0.0000000,359.9999872,
26.500,4843.476269,-5.919270,0.000525,Flying,-0.0000000,359.9999872,
27.000,4840.516858,-5.918255,0.000525,Flying,-0.0000000,359.9999872,
27.500,4837.557986,-5.917240,0.000525,Flying,-0.0000000,359.9999872,
28.000,4834.599625,-5.916225,0.000524,Flying,-0.0000000,359.9999872,
28.500,4831.641774,-5.915211,0.000524,Flying,-0.0000000,359.9999873,
29.000,4828.684403,-5.914197,0.000524,Flying,-0.0000000,359.9999873,
29.500,4825.727541,-5.913183,0.000524,Flying,-0.0000000,359.9999873,
30.000,4822.771190,-5.912170,0.000524,Flying,-0.0000000,359.9999873,
30.500,4819.815349,-5.911157,0.000523,Flying,-0.0000000,359.9999873,
31.000,4816.860079,-5.910145,0.000523,Flying,-0.0000000,359.9999873,
31.500,4813.905257,-5.909133,0.000523,Flying,-0.0000000,359.9999873,
32.000,4810.950915,-5.908121,0.000523,Flying,-0.0000000,359.9999874,
32.500,4807.997114,-5.907109,0.000523,Flying,-0.0000000,359.9999874,
33.000,4805.043823,-5.906098,0.000523,Flying,-0.0000000,359.9999874,
33.500,4802.091011,-5.905087,0.000522,Flying,-0.0000000,359.9999874,
34.000,4799.138740,-5.904077,0.000522,Flying,-0.0000000,359.9999874,
34.500,4796.186948,-5.903067,0.000522,Flying,-0.0000000,359.9999874,
35.000,4793.235696,-5.902057,0.000522,Flying,-0.0000000,359.9999874,
35.500,4790.284893,-5.901048,0.000522,Flying,-0.0000000,359.9999874,
36.000,4787.334601,-5.900039,0.000521,Flying,-0.0000000,359.9999875,
36.500,4784.384787,-5.899030,0.000521,Flying,-0.0000000,359.9999875,
37.000,4781.435514,-5.898022,0.000521,Flying,-0.0000000,359.9999875,
37.500,4778.486720,-5.897014,0.000521,Flying,-0.0000000,359.9999875,
38.000,4775.538467,-5.896006,0.000521,Flying,-0.0000000,359.9999875,
38.500,4772.590724,-5.894999,0.000521,Flying,-0.0000000,359.9999875,
39.000,4769.643460,-5.893992,0.000520,Flying,-0.0000000,359.9999875,
39.500,4766.696705,-5.892985,0.000520,Flying,-0.0000000,359.9999875,
40.000,4763.750522,-5.891979,0.000520,Flying,-0.0000000,359.9999876,
40.500,4760.804757,-5.890973,0.000520,Flying,-0.0000000,359.9999876,
41.000,4757.859532,-5.889967,0.000520,Flying,-0.0000000,359.9999876,
41.500,4754.914817,-5.888962,0.000519,Flying,-0.0000000,359.9999876,
42.000,4751.970611,-5.887957,0.000519,Flying,-0.0000000,359.9999876,
42.500,4749.026885,-5.886952,0.000519,Flying,-0.0000000,359.9999876,
43.000,4746.083699,-5.885948,0.000519,Flying,-0.0000000,359.9999876,
43.500,4743.140931,-5.884944,0.000519,Flying,-0.0000000,359.9999876,
44.000,4740.198704,-5.883941,0.000519,Flying,-0.0000000,359.9999877,
44.500,4737.256956,-5.882938,0.000518,Flying,-0.0000000,359.9999877,
45.000,4734.315748,-5.881935,0.000518,Flying,-0.0000000,359.9999877,
45.500,4731.374988,-5.880932,0.000518,Flying,-0.0000000,359.9999877,
46.000,4728.434738,-5.879930,0.000518,Flying,-0.0000000,359.9999877,
46.500,4725.495029,-5.878928,0.000518,Flying,-0.0000000,359.9999877,
47.000,4722.555829,-5.877927,0.000518,Flying,-0.0000000,359.9999877,
47.500,4719.617108,-5.876926,0.000517,Flying,-0.0000000,359.9999878,
48.000,4716.678927,-5.875925,0.000517,Flying,-0.0000000,359.9999878,
48.500,4713.741226,-5.874924,0.000517,Flying,-0.0000000,359.9999878,
49.000,4710.804003,-5.873924,0.000517,Flying,-0.0000000,359.9999878,
49.500,4707.867321,-5.872924,0.000517,Flying,-0.0000000,359.9999878,
50.000,4704.931117,-5.871925,0.000516,Flying,-0.0000000,359.9999878,
50.500,4701.995393,-5.870926,0.000516,Flying,-0.0000000,359.9999878,
51.000,4699.060209,-5.869927,0.000516,Flying,-0.0000000,359.9999878,
51.500,4696.125473,-5.868929,0.000516,Flying,-0.0000000,359.9999879,
52.000,4693.191278,-5.867931,0.000516,Flying,-0.0000000,359.9999879,
52.500,4690.257561,-5.866933,0.000516,Flying,-0.0000000,359.9999879,
53.000,4687.324384,-5.865935,0.000515,Flying,-0.0000000,359.9999879,
53.500,4684.391656,-5.864938,0.000515,Flying,-0.0000000,359.9999879,
54.000,4681.459437,-5.863942,0.000515,Flying,-0.0000000,359.9999879,
54.500,4678.527728,-5.862945,0.000515,Flying,-0.0000000,359.9999879,
55.000,4675.596528,-5.861949,0.000515,Flying,-0.0000000,359.9999879,
55.500,4672.665777,-5.860953,0.000514,Flying,-0.0000000,359.9999880,
56.000,4669.735535,-5.859958,0.000514,Flying,-0.0000000,359.9999880,
56.500,4666.805772,-5.858963,0.000514,Flying,-0.0000000,359.9999880,
57.000,4663.876488,-5.857968,0.000514,Flying,-0.0000000,359.9999880,
57.500,4660.947774,-5.856974,0.000514,Flying,-0.0000000,359.9999880,
58.000,4658.019539,-5.855980,0.000514,Flying,-0.0000000,359.9999880,
58.500,4655.091783,-5.854986,0.000513,Flying,-0.0000000,359.9999880,
59.000,4652.164567,-5.853993,0.000513,Flying,-0.0000000,359.9999880,
59.500,4649.237799,-5.853000,0.000513,Flying,-0.0000000,359.9999881,
60.000,4646.311571,-5.852007,0.000513,Flying,-0.0000000,359.9999881,
60.500,4643.385822,-5.851015,0.000513,Flying,-0.0000000,359.9999881,
61.000,4640.460552,-5.850023,0.000513,Flying,-0.0000000,359.9999881,
61.500,4637.535791,-5.849031,0.000512,Flying,-0.0000000,359.9999881,
62.000,4634.611509,-5.848040,0.000512,Flying,-0.0000000,359.9999881,
62.500,4631.687736,-5.847049,0.000512,Flying,-0.0000000,359.9999881,
63.000,4628.764472,-5.846058,0.000512,Flying,-0.0000000,359.9999882,
63.500,4625.841687,-5.845068,0.000512,Flying,-0.0000000,359.9999882,
64.000,4622.919381,-5.844078,0.000511,Flying,-0.0000000,359.9999882,
64.500,4619.997584,-5.843088,0.000511,Flying,-0.0000000,359.9999882,
65.000,4617.076266,-5.842099,0.000511,Flying,-0.0000000,359.9999882,
65.500,4614.155457,-5.841110,0.000511,Flying,-0.0000000,359.9999882,
66.000,4611.235157,-5.840121,0.000511,Flying,-0.0000000,359.9999882,
66.500,4608.315305,-5.839133,0.000511,Flying,-0.0000000,359.9999882,
67.000,4605.395963,-5.838145,0.000510,Flying,-0.0000000,359.9999883,
67.500,4602.477130,-5.837157,0.000510,Flying,-0.0000000,359.9999883,
68.000,4599.558806,-5.836170,0.000510,Flying,-0.0000000,359.9999883,
68.500,4596.640930,-5.835183,0.000510,Flying,-0.0000000,359.9999883,
69.000,4593.723593,-5.834196,0.000510,Flying,-0.0000000,359.9999883,
69.500,4590.806735,-5.833210,0.000510,Flying,-0.0000000,359.9999883,
70.000,4587.890387,-5.832224,0.000509,Flying,-0.0000000,359.9999883,
70.500,4584.974517,-5.831239,0.000509,Flying,-0.0000000,359.9999883,
71.000,4582.059186,-5.830253,0.000509,Flying,-0.0000000,359.9999884,
71.500,4579.144273,-5.829268,0.000509,Flying,-0.0000000,359.9999884,
72.000,4576.229869,-5.828284,0.000509,Flying,-0.0000000,359.9999884,
72.500,4573.316005,-5.827299,0.000508,Flying,-0.0000000,359.9999884,
73.000,4570.402589,-5.826315,0.000508,Flying,-0.0000000,359.9999884,
73.500,4567.489651,-5.825332,0.000508,Flying,-0.0000000,359.9999884,
74.000,4564.577252,-5.824348,0.000508,Flying,-0.0000000,359.9999884,
74.500,4561.665272,-5.823365,0.000508,Flying,-0.0000000,359.9999884,
75.000,4558.753861,-5.822383,0.000508,Flying,-0.0000000,359.9999885,
75.500,4555.842898,-5.821400,0.000507,Flying,-0.0000000,359.9999885,
76.000,4552.932444,-5.820418,0.000507,Flying,-0.0000000,359.9999885,
76.500,4550.022499,-5.819437,0.000507,Flying,-0.0000000,359.9999885,
77.000,4547.112972,-5.818455,0.000507,Flying,-0.0000000,359.9999885,
77.500,4544.203984,-5.817474,0.000507,Flying,-0.0000000,359.9999885,
78.000,4541.295505,-5.816494,0.000507,Flying,-0.0000000,359.9999885,
78.500,4538.387504,-5.815513,0.000506,Flying,-0.0000000,359.9999885,
79.000,4535.479981,-5.814533,0.000506,Flying,-0.0000000,359.9999886,
79.500,4532.572968,-5.813554,0.000506,Flying,-0.0000000,359.9999886,
80.000,4529.666433,-5.812574,0.000506,Flying,-0.0000000,359.9999886,
80.500,4526.760376,-5.811595,0.000506,Flying,-0.0000000,359.9999886,
81.000,4523.854828,-5.810617,0.000505,Flying,-0.0000000,359.9999886,
81.500,4520.949789,-5.809638,0.000505,Flying,-0.0000000,359.9999886,
82.000,4518.045228,-5.808660,0.000505,Flying,-0.0000000,359.9999886,
82.500,4515.141146,-5.807683,0.000505,Flying,-0.0000000,359.9999886,
83.000,4512.237603,-5.806705,0.000505,Flying,-0.0000000,359.9999887,
83.500,4509.334508,-5.805728,0.000505,Flying,-0.0000000,359.9999887,
84.000,4506.431890,-5.804752,0.000504,Flying,-0.0000000,359.9999887,
84.500,4503.529752,-5.803775,0.000504,Flying,-0.0000000,359.9999887,
85.000,4500.628152,-5.802799,0.000504,Flying,-0.0000000,359.9999887,
85.500,4497.727000,-5.801824,0.000504,Flying,-0.0000000,359.9999887,
86.000,4494.826296,-5.800848,0.000504,Flying,-0.0000000,359.9999887,
86.500,4491.926162,-5.799873,0.000504,Flying,-0.0000000,359.9999887,
87.000,4489.026445,-5.798898,0.000503,Flying,-0.0000000,359.9999888,
87.500,4486.127267,-5.797924,0.000503,Flying,-0.0000000,359.9999888,
88.000,4483.228597,-5.796950,0.000503,Flying,-0.0000000,359.9999888,
88.500,4480.330376,-5.795976,0.000503,Flying,-0.0000000,359.9999888,
89.000,4477.432663,-5.795003,0.000503,Flying,-0.0000000,359.9999888,
89.500,4474.535428,-5.794030,0.000503,Flying,-0.0000000,359.9999888,
90.000,4471.638671,-5.793057,0.000502,Flying,-0.0000000,359.9999888,
90.500,4468.742393,-5.792084,0.000502,Flying,-0.0000000,359.9999888,
91.000,4465.846592,-5.791112,0.000502,Flying,-0.0000000,359.9999889,
91.500,4462.951331,-5.790141,0.000502,Flying,-0.0000000,359.9999889,
92.000,4460.056487,-5.789169,0.000502,Flying,-0.0000000,359.9999889,
92.500,4457.162121,-5.788198,0.000502,Flying,-0.0000000,359.9999889,
93.000,4454.268324,-5.787227,0.000501,Flying,-0.0000000,359.9999889,
93.500,4451.375006,-5.786257,0.000501,Flying,-0.0000000,359.9999889,
94.000,4448.482135,-5.785287,0.000501,Flying,-0.0000000,359.9999889,
94.500,4445.589711,-5.784317,0.000501,Flying,-0.0000000,359.9999889,
95.000,4442.697766,-5.783347,0.000501,Flying,-0.0000000,359.9999890,
95.500,4439.806329,-5.782378,0.000500,Flying,-0.0000000,359.9999890,
96.000,4436.915370,-5.781409,0.000500,Flying,-0.0000000,359.9999890,
96.500,4434.024858,-5.780441,0.000500,Flying,-0.0000000,359.9999890,
97.000,4431.134886,-5.779472,0.000500,Flying,-0.0000000,359.9999890,
97.500,4428.245391,-5.778505,0.000500,Flying,-0.0000000,359.9999890,
98.000,4425.356375,-5.777537,0.000500,Flying,-0.0000000,359.9999890,
98.500,4422.467836,-5.776570,0.000499,Flying,-0.0000000,359.9999890,
99.000,4419.579806,-5.775603,0.000499,Flying,-0.0000000,359.9999891,
99.500,4416.692223,-5.774636,0.000499,Flying,-0.0000000,359.9999891,
100.000,4413.805148,-5.773670,0.000499,Flying,-0.0000000,359.9999891,
100.500,4410.918552,-5.772704,0.000499,Flying,-0.0000000,359.9999891,
101.000,4408.032372,-5.771738,0.000499,Flying,-0.0000000,359.9999891,
101.500,4405.146762,-5.770773,0.000498,Flying,-0.0000000,359.9999891,
102.000,4402.261599,-5.769808,0.000498,Flying,-0.0000000,359.9999891,
102.500,4399.376914,-5.768843,0.000498,Flying,-0.0000000,359.9999891,
103.000,4396.492768,-5.767879,0.000498,Flying,-0.0000000,359.9999892,
103.500,4393.609038,-5.766915,0.000498,Flying,-0.0000000,359.9999892,
104.000,4390.725817,-5.765951,0.000498,Flying,-0.0000000,359.9999892,
104.500,4387.843074,-5.764988,0.000497,Flying,-0.0000000,359.9999892,
105.000,4384.960809,-5.764025,0.000497,Flying,-0.0000000,359.9999892,
105.500,4382.079021,-5.763062,0.000497,Flying,-0.0000000,359.9999892,
106.000,4379.197741,-5.762100,0.000497,Flying,-0.0000000,359.9999892,
106.500,4376.316970,-5.761138,0.000497,Flying,-0.0000000,359.9999892,
107.000,4373.436616,-5.760176,0.000497,Flying,-0.0000000,359.9999893,
107.500,4370.556769,-5.759215,0.000496,Flying,-0.0000000,359.9999893,
108.000,4367.677401,-5.758254,0.000496,Flying,-0.0000000,359.9999893,
108.500,4364.798510,-5.757293,0.000496,Flying,-0.0000000,359.9999893,
109.000,4361.920097,-5.756332,0.000496,Flying,-0.0000000,359.9999893,
109.500,4359.042192,-5.755372,0.000496,Flying,-0.0000000,359.9999893,
110.000,4356.164765,-5.754412,0.000496,Flying,-0.0000000,359.9999893,
110.500,4353.287785,-5.753453,0.000495,Flying,-0.0000000,359.9999893,
111.000,4350.411313,-5.752494,0.000495,Flying,-0.0000000,359.9999894,
111.500,4347.535288,-5.751535,0.000495,Flying,-0.0000000,359.9999894,
112.000,4344.659802,-5.750576,0.000495,Flying,-0.0000000,359.9999894,
112.500,4341.784793,-5.749618,0.000495,Flying,-0.0000000,359.9999894,
113.000,4338.910232,-5.748660,0.000495,Flying,-0.0000000,359.9999894,
113.500,4336.036118,-5.747703,0.000494,Flying,-0.0000000,359.9999894,
114.000,4333.162511,-5.746745,0.000494,Flying,-0.0000000,359.9999894,
114.500,4330.289383,-5.745788,0.000494,Flying,-0.0000000,359.9999894,
115.000,4327.416762,-5.744832,0.000494,Flying,-0.0000000,359.9999895,
115.500,4324.544558,-5.743875,0.000494,Flying,-0.0000000,359.9999895,
116.000,4321.672831,-5.742919,0.000494,Flying,-0.0000000,359.9999895,
116.500,4318.801613,-5.741964,0.000493,Flying,-0.0000000,359.9999895,
117.000,4315.930841,-5.741008,0.000493,Flying,-0.0000000,359.9999895,
117.500,4313.060547,-5.740053,0.000493,Flying,-0.0000000,359.9999895,
118.000,4310.190761,-5.739098,0.000493,Flying,-0.0000000,359.9999895,
118.500,4307.321483,-5.738144,0.000493,Flying,-0.0000000,359.9999895,
119.000,4304.452652,-5.737190,0.000493,Flying,-0.0000000,359.9999896,
119.500,4301.584268,-5.736236,0.000492,Flying,-0.0000000,359.9999896,
120.000,4298.716361,-5.735283,0.000492,Flying,-0.0000000,359.9999896,
120.500,4295.848962,-5.734330,0.000492,Flying,-0.0000000,359.9999896,
121.000,4292.982041,-5.733377,0.000492,Flying,-0.0000000,359.9999896,
121.500,4290.115627,-5.732424,0.000492,Flying,-0.0000000,359.9999896,
122.000,4287.249630,-5.731472,0.000492,Flying,-0.0000000,359.9999896,
122.500,4284.384141,-5.730520,0.000491,Flying,-0.0000000,359.9999896,
123.000,4281.519129,-5.729569,0.000491,Flying,-0.0000000,359.9999897,
123.500,4278.654595,-5.728617,0.000491,Flying,-0.0000000,359.9999897,
124.000,4275.790538,-5.727667,0.000491,Flying,-0.0000000,359.9999897,
124.500,4272.926928,-5.726716,0.000491,Flying,-0.0000000,359.9999897,
125.000,4270.063825,-5.725766,0.000491,Flying,-0.0000000,359.9999897,
125.500,4267.201170,-5.724816,0.000490,Flying,-0.0000000,359.9999897,
126.000,4264.338991,-5.723866,0.000490,Flying,-0.0000000,359.9999897,
126.500,4261.477290,-5.722917,0.000490,Flying,-0.0000000,359.9999897,
127.000,4258.616006,-5.721968,0.000490,Flying,-0.0000000,359.9999898,
127.500,4255.755229,-5.721019,0.000490,Flying,-0.0000000,359.9999898,
128.000,4252.894990,-5.720070,0.000490,Flying,-0.0000000,359.9999898,
128.500,4250.035259,-5.719122,0.000489,Flying,-0.0000000,359.9999898,
129.000,4247.175914,-5.718175,0.000489,Flying,-0.0000000,359.9999898,
129.500,4244.317076,-5.717227,0.000489,Flying,-0.0000000,359.9999898,
130.000,4241.458686,-5.716280,0.000489,Flying,-0.0000000,359.9999898,
130.500,4238.600803,-5.715333,0.000489,Flying,-0.0000000,359.9999898,
131.000,4235.743366,-5.714387,0.000489,Flying,-0.0000000,359.9999898,
131.500,4232.886437,-5.713441,0.000488,Flying,-0.0000000,359.9999899,
132.000,4230.029955,-5.712495,0.000488,Flying,-0.0000000,359.9999899,
132.500,4227.173920,-5.711549,0.000488,Flying,-0.0000000,359.9999899,
133.000,4224.318392,-5.710604,0.000488,Flying,-0.0000000,359.9999899,
133.500,4221.463342,-5.709659,0.000488,Flying,-0.0000000,359.9999899,
134.000,4218.608738,-5.708714,0.000488,Flying,-0.0000000,359.9999899,
134.500,4215.754611,-5.707770,0.000487,Flying,-0.0000000,359.9999899,
135.000,4212.901022,-5.706826,0.000487,Flying,-0.0000000,359.9999899,
135.500,4210.047849,-5.705882,0.000487,Flying,-0.0000000,359.9999900,
136.000,4207.195123,-5.704939,0.000487,Flying,-0.0000000,359.9999900,
136.500,4204.342905,-5.703996,0.000487,Flying,-0.0000000,359.9999900,
137.000,4201.491163,-5.703053,0.000487,Flying,-0.0000000,359.9999900,
137.500,4198.639868,-5.702110,0.000486,Flying,-0.0000000,359.9999900,
138.000,4195.789081,-5.701168,0.000486,Flying,-0.0000000,359.9999900,
138.500,4192.938710,-5.700227,0.000486,Flying,-0.0000000,359.9999900,
139.000,4190.088846,-5.699285,0.000486,Flying,-0.0000000,359.9999900,
139.500,4187.239489,-5.698344,0.000486,Flying,-0.0000000,359.9999901,
140.000,4184.390579,-5.697403,0.000486,Flying,-0.0000000,359.9999901,
140.500,4181.542116,-5.696462,0.000485,Flying,-0.0000000,359.9999901,
141.000,4178.694129,-5.695522,0.000485,Flying,-0.0000000,359.9999901,
141.500,4175.846650,-5.694582,0.000485,Flying,-0.0000000,359.9999901,
142.000,4172.999587,-5.693642,0.000485,Flying,-0.0000000,359.9999901,
142.500,4170.153032,-5.692703,0.000485,Flying,-0.0000000,359.9999901,
143.000,4167.306953,-5.691764,0.000485,Flying,-0.0000000,359.9999901,
143.500,4164.461290,-5.690825,0.000484,Flying,-0.0000000,359.9999902,
144.000,4161.616074,-5.689887,0.000484,Flying,-0.0000000,359.9999902,
144.500,4158.771303,-5.688949,0.000484,Flying,-0.0000000,359.9999902,
145.000,4155.927071,-5.688011,0.000484,Flying,-0.0000000,359.9999902,
145.500,4153.083285,-5.687074,0.000484,Flying,-0.0000000,359.9999902,
146.000,4150.239976,-5.686136,0.000484,Flying,-0.0000000,359.9999902,
146.500,4147.397114,-5.685199,0.000483,Flying,-0.0000000,359.9999902,
147.000,4144.554758,-5.684263,0.000483,Flying,-0.0000000,359.9999902,
147.500,4141.712849,-5.683327,0.000483,Flying,-0.0000000,359.9999902,
148.000,4138.871417,-5.682391,0.000483,Flying,-0.0000000,359.9999903,
148.500,4136.030462,-5.681455,0.000483,Flying,-0.0000000,359.9999903,
149.000,4133.190013,-5.680520,0.000483,Flying,-0.0000000,359.9999903,
149.500,4130.349951,-5.679585,0.000482,Flying,-0.0000000,359.9999903,
150.000,4127.510395,-5.678650,0.000482,Flying,-0.0000000,359.9999903,
150.500,4124.671286,-5.677716,0.000482,Flying,-0.0000000,359.9999903,
151.000,4121.832622,-5.676782,0.000482,Flying,-0.0000000,359.9999903,
151.500,4118.994466,-5.675848,0.000482,Flying,-0.0000000,359.9999903,
152.000,4116.156757,-5.674914,0.000482,Flying,-0.0000000,359.9999904,
152.500,4113.319554,-5.673981,0.000482,Flying,-0.0000000,359.9999904,
153.000,4110.482767,-5.673048,0.000481,Flying,-0.0000000,359.9999904,
153.500,4107.646518,-5.672116,0.000481,Flying,-0.0000000,359.9999904,
154.000,4104.810715,-5.671183,0.000481,Flying,-0.0000000,359.9999904,
154.500,4101.975389,-5.670251,0.000481,Flying,-0.0000000,359.9999904,
155.000,4099.140509,-5.669320,0.000481,Flying,-0.0000000,359.9999904,
155.500,4096.306044,-5.668389,0.000481,Flying,-0.0000000,359.9999904,
156.000,4093.472086,-5.667457,0.000480,Flying,-0.0000000,359.9999905,
156.500,4090.638575,-5.666527,0.000480,Flying,-0.0000000,359.9999905,
157.000,4087.805540,-5.665596,0.000480,Flying,-0.0000000,359.9999905,
157.500,4084.973013,-5.664666,0.000480,Flying,-0.0000000,359.9999905,
158.000,4082.140901,-5.663736,0.000480,Flying,-0.0000000,359.9999905,
158.500,4079.309296,-5.662807,0.000480,Flying,-0.0000000,359.9999905,
159.000,4076.478137,-5.661878,0.000479,Flying,-0.0000000,359.9999905,
159.500,4073.647424,-5.660949,0.000479,Flying,-0.0000000,359.9999905,
160.000,4070.817157,-5.660020,0.000479,Flying,-0.0000000,359.9999905,
160.500,4067.987397,-5.659092,0.000479,Flying,-0.0000000,359.9999906,
161.000,4065.158083,-5.658164,0.000479,Flying,-0.0000000,359.9999906,
161.500,4062.329215,-5.657236,0.000479,Flying,-0.0000000,359.9999906,
162.000,4059.500793,-5.656309,0.000478,Flying,-0.0000000,359.9999906,
162.500,4056.672847,-5.655382,0.000478,Flying,-0.0000000,359.9999906,
163.000,4053.845378,-5.654455,0.000478,Flying,-0.0000000,359.9999906,
163.500,4051.018355,-5.653529,0.000478,Flying,-0.0000000,359.9999906,
164.000,4048.191870,-5.652603,0.000478,Flying,-0.0000000,359.9999906,
164.500,4045.365830,-5.651677,0.000478,Flying,-0.0000000,359.9999907,
165.000,4042.540236,-5.650751,0.000478,Flying,-0.0000000,359.9999907,
165.500,4039.715088,-5.649826,0.000477,Flying,-0.0000000,359.9999907,
166.000,4036.890417,-5.648901,0.000477,Flying,-0.0000000,359.9999907,
166.500,4034.066191,-5.647976,0.000477,Flying,-0.0000000,359.9999907,
167.000,4031.242442,-5.647052,0.000477,Flying,-0.0000000,359.9999907,
167.500,4028.419108,-5.646128,0.000477,Flying,-0.0000000,359.9999907,
168.000,4025.596251,-5.645204,0.000477,Flying,-0.0000000,359.9999907,
168.500,4022.773900,-5.644281,0.000476,Flying,-0.0000000,359.9999908,
169.000,4019.951965,-5.643358,0.000476,Flying,-0.0000000,359.9999908,
169.500,4017.130536,-5.642435,0.000476,Flying,-0.0000000,359.9999908,
170.000,4014.309584,-5.641512,0.000476,Flying,-0.0000000,359.9999908,
170.500,4011.489077,-5.640590,0.000476,Flying,-0.0000000,359.9999908,
171.000,4008.668955,-5.639668,0.000476,Flying,-0.0000000,359.9999908,
171.500,4005.849371,-5.638747,0.000475,Flying,-0.0000000,359.9999908,
172.000,4003.030263,-5.637825,0.000475,Flying,-0.0000000,359.9999908,
172.500,4000.211600,-5.636904,0.000475,Flying,-0.0000000,359.9999908,
173.000,3997.393353,-5.635984,0.000475,Flying,-0.0000000,359.9999909,
173.500,3994.575582,-5.635063,0.000475,Flying,-0.0000000,359.9999909,
174.000,3991.758257,-5.634143,0.000475,Flying,-0.0000000,359.9999909,
174.500,3988.941438,-5.633223,0.000474,Flying,-0.0000000,359.9999909,
175.000,3986.125096,-5.632304,0.000474,Flying,-0.0000000,359.9999909,
175.500,3983.309138,-5.631385,0.000474,Flying,-0.0000000,359.9999909,
176.000,3980.493687,-5.630466,0.000474,Flying,-0.0000000,359.9999909,
176.500,3977.678682,-5.629547,0.000474,Flying,-0.0000000,359.9999909,
177.000,3974.864122,-5.628629,0.000474,Flying,-0.0000000,359.9999910,
177.500,3972.050008,-5.627711,0.000474,Flying,-0.0000000,359.9999910,
178.000,3969.236370,-5.626793,0.000473,Flying,-0.0000000,359.9999910,
178.500,3966.423208,-5.625876,0.000473,Flying,-0.0000000,359.9999910,
179.000,3963.610522,-5.624958,0.000473,Flying,-0.0000000,359.9999910,
179.500,3960.798282,-5.624042,0.000473,Flying,-0.0000000,359.9999910,
180.000,3957.986487,-5.623125,0.000473,Flying,-0.0000000,359.9999910,
180.500,3955.175169,-5.622209,0.000473,Flying,-0.0000000,359.9999910,
181.000,3952.364265,-5.621293,0.000472,Flying,-0.0000000,359.9999910,
181.500,3949.553838,-5.620377,0.000472,Flying,-0.0000000,359.9999911,
182.000,3946.743886,-5.619462,0.000472,Flying,-0.0000000,359.9999911,
182.500,3943.934350,-5.618547,0.000472,Flying,-0.0000000,359.9999911,
183.000,3941.125320,-5.617632,0.000472,Flying,-0.0000000,359.9999911,
183.500,3938.316766,-5.616718,0.000472,Flying,-0.0000000,359.9999911,
184.000,3935.508657,-5.615804,0.000471,Flying,-0.0000000,359.9999911,
184.500,3932.700933,-5.614890,0.000471,Flying,-0.0000000,359.9999911,
185.000,3929.893716,-5.613976,0.000471,Flying,-0.0000000,359.9999911,
185.500,3927.086974,-5.613063,0.000471,Flying,-0.0000000,359.9999912,
186.000,3924.280648,-5.612150,0.000471,Flying,-0.0000000,359.9999912,
186.500,3921.474827,-5.611238,0.000471,Flying,-0.0000000,359.9999912,
187.000,3918.669483,-5.610325,0.000471,Flying,-0.0000000,359.9999912,
187.500,3915.864493,-5.609413,0.000470,Flying,-0.0000000,359.9999912,
188.000,3913.060009,-5.608501,0.000470,Flying,-0.0000000,359.9999912,
188.500,3910.255970,-5.607590,0.000470,Flying,-0.0000000,359.9999912,
189.000,3907.452438,-5.606679,0.000470,Flying,-0.0000000,359.9999912,
189.500,3904.649320,-5.605768,0.000470,Flying,-0.0000000,359.9999912,
190.000,3901.846648,-5.604857,0.000470,Flying,-0.0000000,359.9999913,
190.500,3899.044483,-5.603947,0.000469,Flying,-0.0000000,359.9999913,
191.000,3896.242732,-5.603037,0.000469,Flying,-0.0000000,359.9999913,
191.500,3893.441487,-5.602127,0.000469,Flying,-0.0000000,359.9999913,
192.000,3890.640627,-5.601218,0.000469,Flying,-0.0000000,359.9999913,
192.500,3887.840242,-5.600309,0.000469,Flying,-0.0000000,359.9999913,
193.000,3885.040364,-5.599400,0.000469,Flying,-0.0000000,359.9999913,
193.500,3882.240870,-5.598492,0.000469,Flying,-0.0000000,359.9999913,
194.000,3879.441852,-5.597583,0.000468,Flying,-0.0000000,359.9999914,
194.500,3876.643310,-5.596676,0.000468,Flying,-0.0000000,359.9999914,
195.000,3873.845182,-5.595768,0.000468,Flying,-0.0000000,359.9999914,
195.500,3871.047561,-5.594861,0.000468,Flying,-0.0000000,359.9999914,
196.000,3868.250323,-5.593954,0.000468,Flying,-0.0000000,359.9999914,
196.500,3865.453562,-5.593047,0.000468,Flying,-0.0000000,359.9999914,
197.000,3862.657276,-5.592140,0.000467,Flying,-0.0000000,359.9999914,
197.500,3859.861466,-5.591234,0.000467,Flying,-0.0000000,359.9999914,
198.000,3857.066070,-5.590328,0.000467,Flying,-0.0000000,359.9999914,
198.500,3854.271150,-5.589423,0.000467,Flying,-0.0000000,359.9999915,
199.000,3851.476675,-5.588518,0.000467,Flying,-0.0000000,359.9999915,
199.500,3848.682615,-5.587613,0.000467,Flying,-0.0000000,359.9999915,
200.000,3845.889061,-5.586708,0.000467,Flying,-0.0000000,359.9999915,
200.500,3843.095922,-5.585804,0.000466,Flying,-0.0000000,359.9999915,
201.000,3840.303228,-5.584900,0.000466,Flying,-0.0000000,359.9999915,
201.500,3837.511040,-5.583996,0.000466,Flying,-0.0000000,359.9999915,
202.000,3834.719235,-5.583092,0.000466,Flying,-0.0000000,359.9999915,
202.500,3831.927968,-5.582189,0.000466,Flying,-0.0000000,359.9999916,
203.000,3829.137084,-5.581286,0.000466,Flying,-0.0000000,359.9999916,
203.500,3826.346677,-5.580383,0.000465,Flying,-0.0000000,359.9999916,
204.000,3823.556683,-5.579481,0.000465,Flying,-0.0000000,359.9999916,
204.500,3820.767196,-5.578579,0.000465,Flying,-0.0000000,359.9999916,
205.000,3817.978123,-5.577677,0.000465,Flying,-0.0000000,359.9999916,
205.500,3815.189495,-5.576776,0.000465,Flying,-0.0000000,359.9999916,
206.000,3812.401373,-5.575875,0.000465,Flying,-0.0000000,359.9999916,
206.500,3809.613666,-5.574974,0.000465,Flying,-0.0000000,359.9999916,
207.000,3806.826403,-5.574073,0.000464,Flying,-0.0000000,359.9999917,
207.500,3804.039586,-5.573173,0.000464,Flying,-0.0000000,359.9999917,
208.000,3801.253213,-5.572273,0.000464,Flying,-0.0000000,359.9999917,
208.500,3798.467316,-5.571373,0.000464,Flying,-0.0000000,359.9999917,
209.000,3795.681833,-5.570474,0.000464,Flying,-0.0000000,359.9999917,
209.500,3792.896857,-5.569575,0.000464,Flying,-0.0000000,359.9999917,
210.000,3790.112233,-5.568676,0.000463,Flying,-0.0000000,359.9999917,
210.500,3787.328116,-5.567777,0.000463,Flying,-0.0000000,359.9999917,
211.000,3784.544473,-5.566879,0.000463,Flying,-0.0000000,359.9999917,
211.500,3781.761246,-5.565981,0.000463,Flying,-0.0000000,359.9999918,
212.000,3778.978493,-5.565083,0.000463,Flying,-0.0000000,359.9999918,
212.500,3776.196186,-5.564186,0.000463,Flying,-0.0000000,359.9999918,
213.000,3773.414323,-5.563289,0.000463,Flying,-0.0000000,359.9999918,
213.500,3770.632905,-5.562392,0.000462,Flying,-0.0000000,359.9999918,
214.000,3767.851932,-5.561495,0.000462,Flying,-0.0000000,359.9999918,
214.500,3765.071373,-5.560599,0.000462,Flying,-0.0000000,359.9999918,
215.000,3762.291320,-5.559703,0.000462,Flying,-0.0000000,359.9999918,
215.500,3759.511681,-5.558808,0.000462,Flying,-0.0000000,359.9999919,
216.000,3756.732487,-5.557912,0.000462,Flying,-0.0000000,359.9999919,
216.500,3753.953738,-5.557017,0.000461,Flying,-0.0000000,359.9999919,
217.000,3751.175433,-5.556122,0.000461,Flying,-0.0000000,359.9999919,
217.500,3748.397604,-5.555228,0.000461,Flying,-0.0000000,359.9999919,
218.000,3745.620250,-5.554334,0.000461,Flying,-0.0000000,359.9999919,
218.500,3742.843310,-5.553440,0.000461,Flying,-0.0000000,359.9999919,
219.000,3740.066815,-5.552546,0.000461,Flying,-0.0000000,359.9999919,
219.500,3737.290795,-5.551653,0.000461,Flying,-0.0000000,359.9999919,
220.000,3734.515159,-5.550760,0.000460,Flying,-0.0000000,359.9999920,
220.500,3731.739997,-5.549867,0.000460,Flying,-0.0000000,359.9999920,
221.000,3728.965311,-5.548974,0.000460,Flying,-0.0000000,359.9999920,
221.500,3726.191100,-5.548082,0.000460,Flying,-0.0000000,359.9999920,
222.000,3723.417304,-5.547190,0.000460,Flying,-0.0000000,359.9999920,
222.500,3720.643921,-5.546299,0.000460,Flying,-0.0000000,359.9999920,
223.000,3717.871014,-5.545407,0.000460,Flying,-0.0000000,359.9999920,
223.500,3715.098520,-5.544516,0.000459,Flying,-0.0000000,359.9999920,
224.000,3712.326502,-5.543625,0.000459,Flying,-0.0000000,359.9999920,
224.500,3709.554928,-5.542735,0.000459,Flying,-0.0000000,359.9999921,
225.000,3706.783768,-5.541845,0.000459,Flying,-0.0000000,359.9999921,
225.500,3704.013053,-5.540955,0.000459,Flying,-0.0000000,359.9999921,
226.000,3701.242813,-5.540065,0.000459,Flying,-0.0000000,359.9999921,
226.500,3698.472987,-5.539176,0.000458,Flying,-0.0000000,359.9999921,
227.000,3695.703636,-5.538287,0.000458,Flying,-0.0000000,359.9999921,
227.500,3692.934699,-5.537398,0.000458,Flying,-0.0000000,359.9999921,
228.000,3690.166267,-5.536510,0.000458,Flying,-0.0000000,359.9999921,
228.500,3687.398219,-5.535621,0.000458,Flying,-0.0000000,359.9999922,
229.000,3684.630676,-5.534734,0.000458,Flying,-0.0000000,359.9999922,
229.500,3681.863487,-5.533846,0.000458,Flying,-0.0000000,359.9999922,
230.000,3679.096802,-5.532959,0.000457,Flying,-0.0000000,359.9999922,
230.500,3676.330563,-5.532071,0.000457,Flying,-0.0000000,359.9999922,
231.000,3673.564737,-5.531185,0.000457,Flying,-0.0000000,359.9999922,
231.500,3670.799355,-5.530298,0.000457,Flying,-0.0000000,359.9999922,
232.000,3668.034418,-5.529412,0.000457,Flying,-0.0000000,359.9999922,
232.500,3665.269926,-5.528526,0.000457,Flying,-0.0000000,359.9999922,
233.000,3662.505908,-5.527640,0.000457,Flying,-0.0000000,359.9999923,
233.500,3659.742365,-5.526755,0.000456,Flying,-0.0000000,359.9999923,
234.000,3656.979175,-5.525870,0.000456,Flying,-0.0000000,359.9999923,
234.500,3654.216429,-5.524985,0.000456,Flying,-0.0000000,359.9999923,
235.000,3651.454189,-5.524101,0.000456,Flying,-0.0000000,359.9999923,
235.500,3648.692332,-5.523216,0.000456,Flying,-0.0000000,359.9999923,
236.000,3645.930949,-5.522333,0.000456,Flying,-0.0000000,359.9999923,
236.500,3643.170012,-5.521449,0.000455,Flying,-0.0000000,359.9999923,
237.000,3640.409487,-5.520566,0.000455,Flying,-0.0000000,359.9999923,
237.500,3637.649408,-5.519682,0.000455,Flying,-0.0000000,359.9999924,
238.000,3634.889802,-5.518800,0.000455,Flying,-0.0000000,359.9999924,
238.500,3632.130611,-5.517917,0.000455,Flying,-0.0000000,359.9999924,
239.000,3629.371895,-5.517035,0.000455,Flying,-0.0000000,359.9999924,
239.500,3626.613561,-5.516153,0.000455,Flying,-0.0000000,359.9999924,
240.000,3623.855703,-5.515271,0.000454,Flying,-0.0000000,359.9999924,
240.500,3621.098319,-5.514390,0.000454,Flying,-0.0000000,359.9999924,
241.000,3618.341348,-5.513509,0.000454,Flying,-0.0000000,359.9999924,
241.500,3615.584822,-5.512628,0.000454,Flying,-0.0000000,359.9999924,
242.000,3612.828710,-5.511747,0.000454,Flying,-0.0000000,359.9999925,
242.500,3610.073072,-5.510867,0.000454,Flying,-0.0000000,359.9999925,
243.000,3607.317818,-5.509987,0.000454,Flying,-0.0000000,359.9999925,
243.500,3604.563069,-5.509107,0.000453,Flying,-0.0000000,359.9999925,
244.000,3601.808733,-5.508228,0.000453,Flying,-0.0000000,359.9999925,
244.500,3599.054841,-5.507349,0.000453,Flying,-0.0000000,359.9999925,
245.000,3596.301394,-5.506470,0.000453,Flying,-0.0000000,359.9999925,
245.500,3593.548360,-5.505591,0.000453,Flying,-0.0000000,359.9999925,
246.000,3590.795740,-5.504713,0.000453,Flying,-0.0000000,359.9999926,
246.500,3588.043655,-5.503835,0.000453,Flying,-0.0000000,359.9999926,
247.000,3585.291984,-5.502957,0.000452,Flying,-0.0000000,359.9999926,
247.500,3582.540696,-5.502080,0.000452,Flying,-0.0000000,359.9999926,
248.000,3579.789882,-5.501203,0.000452,Flying,-0.0000000,359.9999926,
248.500,3577.039452,-5.500326,0.000452,Flying,-0.0000000,359.9999926,
249.000,3574.289526,-5.499449,0.000452,Flying,-0.0000000,359.9999926,
249.500,3571.540045,-5.498573,0.000452,Flying,-0.0000000,359.9999926,
250.000,3568.790946,-5.497697,0.000451,Flying,-0.0000000,359.9999926,
250.500,3566.042292,-5.496821,0.000451,Flying,-0.0000000,359.9999927,
251.000,3563.294081,-5.495945,0.000451,Flying,-0.0000000,359.9999927,
251.500,3560.546345,-5.495070,0.000451,Flying,-0.0000000,359.9999927,
252.000,3557.799053,-5.494195,0.000451,Flying,-0.0000000,359.9999927,
252.500,3555.052144,-5.493320,0.000451,Flying,-0.0000000,359.9999927,
253.000,3552.305679,-5.492446,0.000451,Flying,-0.0000000,359.9999927,
253.500,3549.559657,-5.491572,0.000450,Flying,-0.0000000,359.9999927,
254.000,3546.814141,-5.490698,0.000450,Flying,-0.0000000,359.9999927,
254.500,3544.069008,-5.489825,0.000450,Flying,-0.0000000,359.9999927,
255.000,3541.324288,-5.488951,0.000450,Flying,-0.0000000,359.9999928,
255.500,3538.580042,-5.488078,0.000450,Flying,-0.0000000,359.9999928,
256.000,3535.836179,-5.487206,0.000450,Flying,-0.0000000,359.9999928,
256.500,3533.092821,-5.486333,0.000450,Flying,-0.0000000,359.9999928,
257.000,3530.349876,-5.485461,0.000449,Flying,-0.0000000,359.9999928,
257.500,3527.607376,-5.484589,0.000449,Flying,-0.0000000,359.9999928,
258.000,3524.865258,-5.483717,0.000449,Flying,-0.0000000,359.9999928,
258.500,3522.123614,-5.482846,0.000449,Flying,-0.0000000,359.9999928,
259.000,3519.382414,-5.481975,0.000449,Flying,-0.0000000,359.9999928,
259.500,3516.641658,-5.481104,0.000449,Flying,-0.0000000,359.9999929,
260.000,3513.901315,-5.480234,0.000449,Flying,-0.0000000,359.9999929,
260.500,3511.161386,-5.479363,0.000448,Flying,-0.0000000,359.9999929,
261.000,3508.421931,-5.478493,0.000448,Flying,-0.0000000,359.9999929,
261.500,3505.682889,-5.477624,0.000448,Flying,-0.0000000,359.9999929,
262.000,3502.944321,-5.476754,0.000448,Flying,-0.0000000,359.9999929,
262.500,3500.206166,-5.475885,0.000448,Flying,-0.0000000,359.9999929,
263.000,3497.468425,-5.475016,0.000448,Flying,-0.0000000,359.9999929,
263.500,3494.731097,-5.474148,0.000448,Flying,-0.0000000,359.9999929,
264.000,3491.994273,-5.473280,0.000447,Flying,-0.0000000,359.9999930,
264.500,3489.257863,-5.472412,0.000447,Flying,-0.0000000,359.9999930,
265.000,3486.521866,-5.471544,0.000447,Flying,-0.0000000,359.9999930,
265.500,3483.786313,-5.470676,0.000447,Flying,-0.0000000,359.9999930,
266.000,3481.051172,-5.469809,0.000447,Flying,-0.0000000,359.9999930,
266.500,3478.316506,-5.468942,0.000447,Flying,-0.0000000,359.9999930,
267.000,3475.582253,-5.468076,0.000447,Flying,-0.0000000,359.9999930,
267.500,3472.848413,-5.467209,0.000446,Flying,-0.0000000,359.9999930,
268.000,3470.115017,-5.466343,0.000446,Flying,-0.0000000,359.9999930,
268.500,3467.382095,-5.465477,0.000446,Flying,-0.0000000,359.9999931,
269.000,3464.649555,-5.464612,0.000446,Flying,-0.0000000,359.9999931,
269.500,3461.917459,-5.463746,0.000446,Flying,-0.0000000,359.9999931,
270.000,3459.185806,-5.462881,0.000446,Flying,-0.0000000,359.9999931,
270.500,3456.454567,-5.462017,0.000446,Flying,-0.0000000,359.9999931,
271.000,3453.723771,-5.461152,0.000445,Flying,-0.0000000,359.9999931,
271.500,3450.993449,-5.460288,0.000445,Flying,-0.0000000,359.9999931,
272.000,3448.263479,-5.459424,0.000445,Flying,-0.0000000,359.9999931,
272.500,3445.533983,-5.458560,0.000445,Flying,-0.0000000,359.9999931,
273.000,3442.804931,-5.457697,0.000445,Flying,-0.0000000,359.9999932,
273.500,3440.076291,-5.456834,0.000445,Flying,-0.0000000,359.9999932,
274.000,3437.348095,-5.455971,0.000445,Flying,-0.0000000,359.9999932,
274.500,3434.620343,-5.455109,0.000444,Flying,-0.0000000,359.9999932,
275.000,3431.892973,-5.454246,0.000444,Flying,-0.0000000,359.9999932,
275.500,3429.166107,-5.453384,0.000444,Flying,-0.0000000,359.9999932,
276.000,3426.439593,-5.452523,0.000444,Flying,-0.0000000,359.9999932,
276.500,3423.713523,-5.451661,0.000444,Flying,-0.0000000,359.9999932,
277.000,3420.987896,-5.450800,0.000444,Flying,-0.0000000,359.9999932,
277.500,3418.262713,-5.449939,0.000444,Flying,-0.0000000,359.9999933,
278.000,3415.538003,-5.449079,0.000443,Flying,-0.0000000,359.9999933,
278.500,3412.813676,-5.448218,0.000443,Flying,-0.0000000,359.9999933,
279.000,3410.089761,-5.447358,0.000443,Flying,-0.0000000,359.9999933,
279.500,3407.366321,-5.446498,0.000443,Flying,-0.0000000,359.9999933,
280.000,3404.643263,-5.445639,0.000443,Flying,-0.0000000,359.9999933,
280.500,3401.920648,-5.444779,0.000443,Flying,-0.0000000,359.9999933,
281.000,3399.198507,-5.443920,0.000443,Flying,-0.0000000,359.9999933,
281.500,3396.476748,-5.443062,0.000442,Flying,-0.0000000,359.9999933,
282.000,3393.755432,-5.442203,0.000442,Flying,-0.0000000,359.9999934,
282.500,3391.034560,-5.441345,0.000442,Flying,-0.0000000,359.9999934,
283.000,3388.314070,-5.440487,0.000442,Flying,-0.0000000,359.9999934,
283.500,3385.594054,-5.439629,0.000442,Flying,-0.0000000,359.9999934,
284.000,3382.874512,-5.438772,0.000442,Flying,-0.0000000,359.9999934,
284.500,3380.155291,-5.437915,0.000442,Flying,-0.0000000,359.9999934,
285.000,3377.436574,-5.437058,0.000441,Flying,-0.0000000,359.9999934,
285.500,3374.718269,-5.436202,0.000441,Flying,-0.0000000,359.9999934,
286.000,3372.000378,-5.435345,0.000441,Flying,-0.0000000,359.9999934,
286.500,3369.282899,-5.434489,0.000441,Flying,-0.0000000,359.9999935,
287.000,3366.565833,-5.433633,0.000441,Flying,-0.0000000,359.9999935,
287.500,3363.849210,-5.432778,0.000441,Flying,-0.0000000,359.9999935,
288.000,3361.133060,-5.431923,0.000441,Flying,-0.0000000,359.9999935,
288.500,3358.417324,-5.431068,0.000440,Flying,-0.0000000,359.9999935,
289.000,3355.702000,-5.430213,0.000440,Flying,-0.0000000,359.9999935,
289.500,3352.987088,-5.429359,0.000440,Flying,-0.0000000,359.9999935,
290.000,3350.272589,-5.428505,0.000440,Flying,-0.0000000,359.9999935,
290.500,3347.558564,-5.427651,0.000440,Flying,-0.0000000,359.9999935,
291.000,3344.844951,-5.426797,0.000440,Flying,-0.0000000,359.9999936,
291.500,3342.131751,-5.425944,0.000440,Flying,-0.0000000,359.9999936,
292.000,3339.418994,-5.425091,0.000439,Flying,-0.0000000,359.9999936,
292.500,3336.706711,-5.424238,0.000439,Flying,-0.0000000,359.9999936,
293.000,3333.994779,-5.423385,0.000439,Flying,-0.0000000,359.9999936,
293.500,3331.283351,-5.422533,0.000439,Flying,-0.0000000,359.9999936,
294.000,3328.572275,-5.421681,0.000439,Flying,-0.0000000,359.9999936,
294.500,3325.861672,-5.420829,0.000439,Flying,-0.0000000,359.9999936,
295.000,3323.151451,-5.419978,0.000439,Flying,-0.0000000,359.9999936,
295.500,3320.441643,-5.419127,0.000438,Flying,-0.0000000,359.9999937,
296.000,3317.732278,-5.418276,0.000438,Flying,-0.0000000,359.9999937,
296.500,3315.023355,-5.417425,0.000438,Flying,-0.0000000,359.9999937,
297.000,3312.314845,-5.416575,0.000438,Flying,-0.0000000,359.9999937,
297.500,3309.606809,-5.415724,0.000438,Flying,-0.0000000,359.9999937,
298.000,3306.899124,-5.414875,0.000438,Flying,-0.0000000,359.9999937,
298.500,3304.191912,-5.414025,0.000438,Flying,-0.0000000,359.9999937,
299.000,3301.485083,-5.413176,0.000437,Flying,-0.0000000,359.9999937,
299.500,3298.778726,-5.412327,0.000437,Flying,-0.0000000,359.9999937,
300.000,3296.072782,-5.411478,0.000437,Flying,-0.0000000,359.9999938,
300.500,3293.367251,-5.410629,0.000437,Flying,-0.0000000,359.9999938,
301.000,3290.662162,-5.409781,0.000437,Flying,-0.0000000,359.9999938,
301.500,3287.957425,-5.408933,0.000437,Flying,-0.0000000,359.9999938,
302.000,3285.253192,-5.408085,0.000437,Flying,-0.0000000,359.9999938,
302.500,3282.549371,-5.407238,0.000436,Flying,-0.0000000,359.9999938,
303.000,3279.845931,-5.406391,0.000436,Flying,-0.0000000,359.9999938,
303.500,3277.142935,-5.405544,0.000436,Flying,-0.0000000,359.9999938,
304.000,3274.440351,-5.404697,0.000436,Flying,-0.0000000,359.9999938,
304.500,3271.738209,-5.403851,0.000436,Flying,-0.0000000,359.9999938,
305.000,3269.036480,-5.403004,0.000436,Flying,-0.0000000,359.9999939,
305.500,3266.335194,-5.402159,0.000436,Flying,-0.0000000,359.9999939,
306.000,3263.634381,-5.401313,0.000435,Flying,-0.0000000,359.9999939,
306.500,3260.933950,-5.400468,0.000435,Flying,-0.0000000,359.9999939,
307.000,3258.233900,-5.399623,0.000435,Flying,-0.0000000,359.9999939,
307.500,3255.534293,-5.398778,0.000435,Flying,-0.0000000,359.9999939,
308.000,3252.835099,-5.397933,0.000435,Flying,-0.0000000,359.9999939,
308.500,3250.136377,-5.397089,0.000435,Flying,-0.0000000,359.9999939,
309.000,3247.438068,-5.396245,0.000435,Flying,-0.0000000,359.9999939,
309.500,3244.740141,-5.395401,0.000434,Flying,-0.0000000,359.9999940,
310.000,3242.042656,-5.394558,0.000434,Flying,-0.0000000,359.9999940,
310.500,3239.345614,-5.393714,0.000434,Flying,-0.0000000,359.9999940,
311.000,3236.648923,-5.392871,0.000434,Flying,-0.0000000,359.9999940,
311.500,3233.952735,-5.392029,0.000434,Flying,-0.0000000,359.9999940,
312.000,3231.256930,-5.391186,0.000434,Flying,-0.0000000,359.9999940,
312.500,3228.561567,-5.390344,0.000434,Flying,-0.0000000,359.9999940,
313.000,3225.866616,-5.389502,0.000434,Flying,-0.0000000,359.9999940,
313.500,3223.172046,-5.388661,0.000433,Flying,-0.0000000,359.9999940,
314.000,3220.477919,-5.387819,0.000433,Flying,-0.0000000,359.9999941,
314.500,3217.784266,-5.386978,0.000433,Flying,-0.0000000,359.9999941,
315.000,3215.090963,-5.386137,0.000433,Flying,-0.0000000,359.9999941,
315.500,3212.398133,-5.385297,0.000433,Flying,-0.0000000,359.9999941,
316.000,3209.705685,-5.384456,0.000433,Flying,-0.0000000,359.9999941,
316.500,3207.013649,-5.383616,0.000433,Flying,-0.0000000,359.9999941,
317.000,3204.322086,-5.382776,0.000432,Flying,-0.0000000,359.9999941,
317.500,3201.630935,-5.381937,0.000432,Flying,-0.0000000,359.9999941,
318.000,3198.940165,-5.381098,0.000432,Flying,-0.0000000,359.9999941,
318.500,3196.249869,-5.380259,0.000432,Flying,-0.0000000,359.9999942,
319.000,3193.559954,-5.379420,0.000432,Flying,-0.0000000,359.9999942,
319.500,3190.870450,-5.378581,0.000432,Flying,-0.0000000,359.9999942,
320.000,3188.181390,-5.377743,0.000432,Flying,-0.0000000,359.9999942,
320.500,3185.492741,-5.376905,0.000431,Flying,-0.0000000,359.9999942,
321.000,3182.804504,-5.376067,0.000431,Flying,-0.0000000,359.9999942,
321.500,3180.116649,-5.375230,0.000431,Flying,-0.0000000,359.9999942,
322.000,3177.429236,-5.374393,0.000431,Flying,-0.0000000,359.9999942,
322.500,3174.742235,-5.373556,0.000431,Flying,-0.0000000,359.9999942,
323.000,3172.055676,-5.372719,0.000431,Flying,-0.0000000,359.9999942,
323.500,3169.369499,-5.371883,0.000431,Flying,-0.0000000,359.9999943,
324.000,3166.683733,-5.371047,0.000430,Flying,-0.0000000,359.9999943,
324.500,3163.998441,-5.370211,0.000430,Flying,-0.0000000,359.9999943,
325.000,3161.313590,-5.369375,0.000430,Flying,-0.0000000,359.9999943,
325.500,3158.629091,-5.368540,0.000430,Flying,-0.0000000,359.9999943,
326.000,3155.945064,-5.367705,0.000430,Flying,-0.0000000,359.9999943,
326.500,3153.261389,-5.366870,0.000430,Flying,-0.0000000,359.9999943,
327.000,3150.578186,-5.366035,0.000430,Flying,-0.0000000,359.9999943,
327.500,3147.895364,-5.365201,0.000430,Flying,-0.0000000,359.9999943,
328.000,3145.213015,-5.364367,0.000429,Flying,-0.0000000,359.9999944,
328.500,3142.531047,-5.363533,0.000429,Flying,-0.0000000,359.9999944,
329.000,3139.849491,-5.362699,0.000429,Flying,-0.0000000,359.9999944,
329.500,3137.168347,-5.361866,0.000429,Flying,-0.0000000,359.9999944,
330.000,3134.487584,-5.361033,0.000429,Flying,-0.0000000,359.9999944,
330.500,3131.807264,-5.360200,0.000429,Flying,-0.0000000,359.9999944,
331.000,3129.127355,-5.359368,0.000429,Flying,-0.0000000,359.9999944,
331.500,3126.447918,-5.358535,0.000428,Flying,-0.0000000,359.9999944,
332.000,3123.768863,-5.357703,0.000428,Flying,-0.0000000,359.9999944,
332.500,3121.090220,-5.356872,0.000428,Flying,-0.0000000,359.9999945,
333.000,3118.411988,-5.356040,0.000428,Flying,-0.0000000,359.9999945,
333.500,3115.734198,-5.355209,0.000428,Flying,-0.0000000,359.9999945,
334.000,3113.056851,-5.354378,0.000428,Flying,-0.0000000,359.9999945,
334.500,3110.379854,-5.353547,0.000428,Flying,-0.0000000,359.9999945,
335.000,3107.703269,-5.352717,0.000427,Flying,-0.0000000,359.9999945,
335.500,3105.027126,-5.351887,0.000427,Flying,-0.0000000,359.9999945,
336.000,3102.351394,-5.351057,0.000427,Flying,-0.0000000,359.9999945,
336.500,3099.676044,-5.350227,0.000427,Flying,-0.0000000,359.9999945,
337.000,3097.001105,-5.349398,0.000427,Flying,-0.0000000,359.9999946,
337.500,3094.326639,-5.348568,0.000427,Flying,-0.0000000,359.9999946,
338.000,3091.652614,-5.347740,0.000427,Flying,-0.0000000,359.9999946,
338.500,3088.978941,-5.346911,0.000427,Flying,-0.0000000,359.9999946,
339.000,3086.305679,-5.346082,0.000426,Flying,-0.0000000,359.9999946,
339.500,3083.632828,-5.345254,0.000426,Flying,-0.0000000,359.9999946,
340.000,3080.960389,-5.344426,0.000426,Flying,-0.0000000,359.9999946,
340.500,3078.288392,-5.343599,0.000426,Flying,-0.0000000,359.9999946,
341.000,3075.616837,-5.342771,0.000426,Flying,-0.0000000,359.9999946,
341.500,3072.945663,-5.341944,0.000426,Flying,-0.0000000,359.9999946,
342.000,3070.274870,-5.341117,0.000426,Flying,-0.0000000,359.9999947,
342.500,3067.604518,-5.340291,0.000425,Flying,-0.0000000,359.9999947,
343.000,3064.934609,-5.339465,0.000425,Flying,-0.0000000,359.9999947,
343.500,3062.265050,-5.338638,0.000425,Flying,-0.0000000,359.9999947,
344.000,3059.595934,-5.337813,0.000425,Flying,-0.0000000,359.9999947,
344.500,3056.927228,-5.336987,0.000425,Flying,-0.0000000,359.9999947,
345.000,3054.258965,-5.336162,0.000425,Flying,-0.0000000,359.9999947,
345.500,3051.591051,-5.335337,0.000425,Flying,-0.0000000,359.9999947,
346.000,3048.923611,-5.334512,0.000425,Flying,-0.0000000,359.9999947,
346.500,3046.256551,-5.333687,0.000424,Flying,-0.0000000,359.9999948,
347.000,3043.589902,-5.332863,0.000424,Flying,-0.0000000,359.9999948,
347.500,3040.923665,-5.332039,0.000424,Flying,-0.0000000,359.9999948,
348.000,3038.257870,-5.331215,0.000424,Flying,-0.0000000,359.9999948,
348.500,3035.592486,-5.330392,0.000424,Flying,-0.0000000,359.9999948,
349.000,3032.927513,-5.329568,0.000424,Flying,-0.0000000,359.9999948,
349.500,3030.262921,-5.328745,0.000424,Flying,-0.0000000,359.9999948,
350.000,3027.598771,-5.327922,0.000423,Flying,-0.0000000,359.9999948,
350.500,3024.935032,-5.327100,0.000423,Flying,-0.0000000,359.9999948,
351.000,3022.271644,-5.326278,0.000423,Flying,-0.0000000,359.9999948,
351.500,3019.608697,-5.325456,0.000423,Flying,-0.0000000,359.9999949,
352.000,3016.946192,-5.324634,0.000423,Flying,-0.0000000,359.9999949,
352.500,3014.284098,-5.323812,0.000423,Flying,-0.0000000,359.9999949,
353.000,3011.622415,-5.322991,0.000423,Flying,-0.0000000,359.9999949,
353.500,3008.961114,-5.322170,0.000423,Flying,-0.0000000,359.9999949,
354.000,3006.300223,-5.321349,0.000422,Flying,-0.0000000,359.9999949,
354.500,3003.639774,-5.320529,0.000422,Flying,-0.0000000,359.9999949,
355.000,3000.979706,-5.319709,0.000422,Flying,-0.0000000,359.9999949,
355.500,2998.320049,-5.318889,0.000422,Flying,-0.0000000,359.9999949,
356.000,2995.660803,-5.318069,0.000422,Flying,-0.0000000,359.9999950,
356.500,2993.001968,-5.317249,0.000422,Flying,-0.0000000,359.9999950,
357.000,2990.343575,-5.316430,0.000422,Flying,-0.0000000,359.9999950,
357.500,2987.685593,-5.315611,0.000421,Flying,-0.0000000,359.9999950,
358.000,2985.027961,-5.314793,0.000421,Flying,-0.0000000,359.9999950,
358.500,2982.370740,-5.313974,0.000421,Flying,-0.0000000,359.9999950,
359.000,2979.713930,-5.313156,0.000421,Flying,-0.0000000,359.9999950,
359.500,2977.057562,-5.312338,0.000421,Flying,-0.0000000,359.9999950,
360.000,2974.401636,-5.311520,0.000421,Flying,-0.0000000,359.9999950,
360.500,2971.746059,-5.310703,0.000421,Flying,-0.0000000,359.9999950,
361.000,2969.090955,-5.309885,0.000421,Flying,-0.0000000,359.9999951,
361.500,2966.436201,-5.309069,0.000420,Flying,-0.0000000,359.9999951,
362.000,2963.781857,-5.308252,0.000420,Flying,-0.0000000,359.9999951,
362.500,2961.127956,-5.307435,0.000420,Flying,-0.0000000,359.9999951,
363.000,2958.474404,-5.306619,0.000420,Flying,-0.0000000,359.9999951,
363.500,2955.821293,-5.305803,0.000420,Flying,-0.0000000,359.9999951,
364.000,2953.168625,-5.304987,0.000420,Flying,-0.0000000,359.9999951,
364.500,2950.516367,-5.304172,0.000420,Flying,-0.0000000,359.9999951,
365.000,2947.864459,-5.303357,0.000419,Flying,-0.0000000,359.9999951,
365.500,2945.213023,-5.302542,0.000419,Flying,-0.0000000,359.9999952,
366.000,2942.561937,-5.301727,0.000419,Flying,-0.0000000,359.9999952,
366.500,2939.911262,-5.300913,0.000419,Flying,-0.0000000,359.9999952,
367.000,2937.260998,-5.300099,0.000419,Flying,-0.0000000,359.9999952,
367.500,2934.611145,-5.299285,0.000419,Flying,-0.0000000,359.9999952,
368.000,2931.961733,-5.298471,0.000419,Flying,-0.0000000,359.9999952,
368.500,2929.312671,-5.297657,0.000419,Flying,-0.0000000,359.9999952,
369.000,2926.664051,-5.296844,0.000418,Flying,-0.0000000,359.9999952,
369.500,2924.015811,-5.296031,0.000418,Flying,-0.0000000,359.9999952,
370.000,2921.367981,-5.295219,0.000418,Flying,-0.0000000,359.9999952,
370.500,2918.720593,-5.294406,0.000418,Flying,-0.0000000,359.9999953,
371.000,2916.073616,-5.293594,0.000418,Flying,-0.0000000,359.9999953,
371.500,2913.426989,-5.292782,0.000418,Flying,-0.0000000,359.9999953,
372.000,2910.780834,-5.291970,0.000418,Flying,-0.0000000,359.9999953,
372.500,2908.135058,-5.291159,0.000418,Flying,-0.0000000,359.9999953,
373.000,2905.489664,-5.290348,0.000417,Flying,-0.0000000,359.9999953,
373.500,2902.844741,-5.289537,0.000417,Flying,-0.0000000,359.9999953,
374.000,2900.200167,-5.288726,0.000417,Flying,-0.0000000,359.9999953,
374.500,2897.556005,-5.287915,0.000417,Flying,-0.0000000,359.9999953,
375.000,2894.912253,-5.287105,0.000417,Flying,-0.0000000,359.9999954,
375.500,2892.268881,-5.286295,0.000417,Flying,-0.0000000,359.9999954,
376.000,2889.625951,-5.285486,0.000417,Flying,-0.0000000,359.9999954,
376.500,2886.983431,-5.284676,0.000416,Flying,-0.0000000,359.9999954,
377.000,2884.341292,-5.283867,0.000416,Flying,-0.0000000,359.9999954,
377.500,2881.699594,-5.283058,0.000416,Flying,-0.0000000,359.9999954,
378.000,2879.058245,-5.282249,0.000416,Flying,-0.0000000,359.9999954,
378.500,2876.417307,-5.281441,0.000416,Flying,-0.0000000,359.9999954,
379.000,2873.776811,-5.280632,0.000416,Flying,-0.0000000,359.9999954,
379.500,2871.136664,-5.279824,0.000416,Flying,-0.0000000,359.9999954,
380.000,2868.496927,-5.279017,0.000416,Flying,-0.0000000,359.9999955,
380.500,2865.857632,-5.278209,0.000415,Flying,-0.0000000,359.9999955,
381.000,2863.218778,-5.277402,0.000415,Flying,-0.0000000,359.9999955,
381.500,2860.580273,-5.276595,0.000415,Flying,-0.0000000,359.9999955,
382.000,2857.942179,-5.275788,0.000415,Flying,-0.0000000,359.9999955,
382.500,2855.304496,-5.274982,0.000415,Flying,-0.0000000,359.9999955,
383.000,2852.667162,-5.274176,0.000415,Flying,-0.0000000,359.9999955,
383.500,2850.030300,-5.273370,0.000415,Flying,-0.0000000,359.9999955,
384.000,2847.393787,-5.272564,0.000415,Flying,-0.0000000,359.9999955,
384.500,2844.757685,-5.271758,0.000414,Flying,-0.0000000,359.9999955,
385.000,2842.122054,-5.270953,0.000414,Flying,-0.0000000,359.9999956,
385.500,2839.486804,-5.270148,0.000414,Flying,-0.0000000,359.9999956,
386.000,2836.851964,-5.269343,0.000414,Flying,-0.0000000,359.9999956,
386.500,2834.217504,-5.268539,0.000414,Flying,-0.0000000,359.9999956,
387.000,2831.583424,-5.267734,0.000414,Flying,-0.0000000,359.9999956,
387.500,2828.949754,-5.266930,0.000414,Flying,-0.0000000,359.9999956,
388.000,2826.316464,-5.266127,0.000413,Flying,-0.0000000,359.9999956,
388.500,2823.683585,-5.265323,0.000413,Flying,-0.0000000,359.9999956,
389.000,2821.051086,-5.264520,0.000413,Flying,-0.0000000,359.9999956,
389.500,2818.418997,-5.263717,0.000413,Flying,-0.0000000,359.9999957,
390.000,2815.787380,-5.262914,0.000413,Flying,-0.0000000,359.9999957,
390.500,2813.156173,-5.262111,0.000413,Flying,-0.0000000,359.9999957,
391.000,2810.525346,-5.261309,0.000413,Flying,-0.0000000,359.9999957,
391.500,2807.894898,-5.260507,0.000413,Flying,-0.0000000,359.9999957,
392.000,2805.264862,-5.259705,0.000412,Flying,-0.0000000,359.9999957,
392.500,2802.635174,-5.258903,0.000412,Flying,-0.0000000,359.9999957,
393.000,2800.005958,-5.258102,0.000412,Flying,-0.0000000,359.9999957,
393.500,2797.377030,-5.257301,0.000412,Flying,-0.0000000,359.9999957,
394.000,2794.748574,-5.256500,0.000412,Flying,-0.0000000,359.9999957,
394.500,2792.120528,-5.255699,0.000412,Flying,-0.0000000,359.9999958,
395.000,2789.492862,-5.254899,0.000412,Flying,-0.0000000,359.9999958,
395.500,2786.865667,-5.254099,0.000412,Flying,-0.0000000,359.9999958,
396.000,2784.238790,-5.253299,0.000411,Flying,-0.0000000,359.9999958,
396.500,2781.612386,-5.252499,0.000411,Flying,-0.0000000,359.9999958,
397.000,2778.986330,-5.251700,0.000411,Flying,-0.0000000,359.9999958,
397.500,2776.360685,-5.250901,0.000411,Flying,-0.0000000,359.9999958,
398.000,2773.735419,-5.250102,0.000411,Flying,-0.0000000,359.9999958,
398.500,2771.110564,-5.249303,0.000411,Flying,-0.0000000,359.9999958,
399.000,2768.486118,-5.248505,0.000411,Flying,-0.0000000,359.9999958,
399.500,2765.862053,-5.247707,0.000411,Flying,-0.0000000,359.9999959,
400.000,2763.238459,-5.246909,0.000410,Flying,-0.0000000,359.9999959,
400.500,2760.615153,-5.246111,0.000410,Flying,-0.0000000,359.9999959,
401.000,2757.992287,-5.245314,0.000410,Flying,-0.0000000,359.9999959,
401.500,2755.369802,-5.244516,0.000410,Flying,-0.0000000,359.9999959,
402.000,2752.747726,-5.243719,0.000410,Flying,-0.0000000,359.9999959,
402.500,2750.126030,-5.242923,0.000410,Flying,-0.0000000,359.9999959,
403.000,2747.504775,-5.242126,0.000410,Flying,-0.0000000,359.9999959,
403.500,2744.883899,-5.241330,0.000410,Flying,-0.0000000,359.9999959,
404.000,2742.263434,-5.240534,0.000409,Flying,-0.0000000,359.9999960,
404.500,2739.643409,-5.239738,0.000409,Flying,-0.0000000,359.9999960,
405.000,2737.023733,-5.238943,0.000409,Flying,-0.0000000,359.9999960,
405.500,2734.404498,-5.238147,0.000409,Flying,-0.0000000,359.9999960,
406.000,2731.785612,-5.237352,0.000409,Flying,-0.0000000,359.9999960,
406.500,2729.167136,-5.236558,0.000409,Flying,-0.0000000,359.9999960,
407.000,2726.549100,-5.235763,0.000409,Flying,-0.0000000,359.9999960,
407.500,2723.931383,-5.234969,0.000409,Flying,-0.0000000,359.9999960,
408.000,2721.314107,-5.234175,0.000408,Flying,-0.0000000,359.9999960,
408.500,2718.697241,-5.233381,0.000408,Flying,-0.0000000,359.9999960,
409.000,2716.080754,-5.232587,0.000408,Flying,-0.0000000,359.9999961,
409.500,2713.464677,-5.231794,0.000408,Flying,-0.0000000,359.9999961,
410.000,2710.849010,-5.231001,0.000408,Flying,-0.0000000,359.9999961,
410.500,2708.233722,-5.230208,0.000408,Flying,-0.0000000,359.9999961,
411.000,2705.618845,-5.229415,0.000408,Flying,-0.0000000,359.9999961,
411.500,2703.004286,-5.228623,0.000407,Flying,-0.0000000,359.9999961,
412.000,2700.390167,-5.227831,0.000407,Flying,-0.0000000,359.9999961,
412.500,2697.776398,-5.227039,0.000407,Flying,-0.0000000,359.9999961,
413.000,2695.163069,-5.226247,0.000407,Flying,-0.0000000,359.9999961,
413.500,2692.550088,-5.225456,0.000407,Flying,-0.0000000,359.9999961,
414.000,2689.937548,-5.224665,0.000407,Flying,-0.0000000,359.9999962,
414.500,2687.325388,-5.223874,0.000407,Flying,-0.0000000,359.9999962,
415.000,2684.713637,-5.223083,0.000407,Flying,-0.0000000,359.9999962,
415.500,2682.102296,-5.222293,0.000406,Flying,-0.0000000,359.9999962,
416.000,2679.491335,-5.221502,0.000406,Flying,-0.0000000,359.9999962,
416.500,2676.880753,-5.220712,0.000406,Flying,-0.0000000,359.9999962,
417.000,2674.270581,-5.219923,0.000406,Flying,-0.0000000,359.9999962,
417.500,2671.660788,-5.219133,0.000406,Flying,-0.0000000,359.9999962,
418.000,2669.051405,-5.218344,0.000406,Flying,-0.0000000,359.9999962,
418.500,2666.442401,-5.217555,0.000406,Flying,-0.0000000,359.9999962,
419.000,2663.833807,-5.216766,0.000406,Flying,-0.0000000,359.9999963,
419.500,2661.225592,-5.215977,0.000405,Flying,-0.0000000,359.9999963,
420.000,2658.617757,-5.215189,0.000405,Flying,-0.0000000,359.9999963,
420.500,2656.010331,-5.214401,0.000405,Flying,-0.0000000,359.9999963,
421.000,2653.403346,-5.213613,0.000405,Flying,-0.0000000,359.9999963,
421.500,2650.796740,-5.212826,0.000405,Flying,-0.0000000,359.9999963,
422.000,2648.190543,-5.212038,0.000405,Flying,-0.0000000,359.9999963,
422.500,2645.584695,-5.211251,0.000405,Flying,-0.0000000,359.9999963,
423.000,2642.979257,-5.210464,0.000405,Flying,-0.0000000,359.9999963,
423.500,2640.374229,-5.209678,0.000404,Flying,-0.0000000,359.9999963,
424.000,2637.769519,-5.208891,0.000404,Flying,-0.0000000,359.9999964,
424.500,2635.165279,-5.208105,0.000404,Flying,-0.0000000,359.9999964,
425.000,2632.561389,-5.207319,0.000404,Flying,-0.0000000,359.9999964,
425.500,2629.957907,-5.206533,0.000404,Flying,-0.0000000,359.9999964,
426.000,2627.354836,-5.205748,0.000404,Flying,-0.0000000,359.9999964,
426.500,2624.752144,-5.204963,0.000404,Flying,-0.0000000,359.9999964,
427.000,2622.149861,-5.204178,0.000404,Flying,-0.0000000,359.9999964,
427.500,2619.547988,-5.203393,0.000403,Flying,-0.0000000,359.9999964,
428.000,2616.946463,-5.202608,0.000403,Flying,-0.0000000,359.9999964,
428.500,2614.345379,-5.201824,0.000403,Flying,-0.0000000,359.9999964,
429.000,2611.744673,-5.201040,0.000403,Flying,-0.0000000,359.9999965,
429.500,2609.144316,-5.200256,0.000403,Flying,-0.0000000,359.9999965,
430.000,2606.544400,-5.199473,0.000403,Flying,-0.0000000,359.9999965,
430.500,2603.944831,-5.198689,0.000403,Flying,-0.0000000,359.9999965,
431.000,2601.345673,-5.197906,0.000403,Flying,-0.0000000,359.9999965,
431.500,2598.746923,-5.197123,0.000402,Flying,-0.0000000,359.9999965,
432.000,2596.148523,-5.196341,0.000402,Flying,-0.0000000,359.9999965,
432.500,2593.550562,-5.195558,0.000402,Flying,-0.0000000,359.9999965,
433.000,2590.952980,-5.194776,0.000402,Flying,-0.0000000,359.9999965,
433.500,2588.355808,-5.193994,0.000402,Flying,-0.0000000,359.9999965,
434.000,2585.759015,-5.193213,0.000402,Flying,-0.0000000,359.9999966,
434.500,2583.162631,-5.192431,0.000402,Flying,-0.0000000,359.9999966,
435.000,2580.566596,-5.191650,0.000402,Flying,-0.0000000,359.9999966,
435.500,2577.971001,-5.190869,0.000401,Flying,-0.0000000,359.9999966,
436.000,2575.375693,-5.190088,0.000401,Flying,-0.0000000,359.9999966,
436.500,2572.780855,-5.189308,0.000401,Flying,-0.0000000,359.9999966,
437.000,2570.186335,-5.188527,0.000401,Flying,-0.0000000,359.9999966,
437.500,2567.592225,-5.187747,0.000401,Flying,-0.0000000,359.9999966,
438.000,2564.998524,-5.186968,0.000401,Flying,-0.0000000,359.9999966,
438.500,2562.405202,-5.186188,0.000401,Flying,-0.0000000,359.9999967,
439.000,2559.812290,-5.185409,0.000401,Flying,-0.0000000,359.9999967,
439.500,2557.219847,-5.184630,0.000401,Flying,-0.0000000,359.9999967,
440.000,2554.627753,-5.183851,0.000400,Flying,-0.0000000,359.9999967,
440.500,2552.036008,-5.183072,0.000400,Flying,-0.0000000,359.9999967,
441.000,2549.444702,-5.182294,0.000400,Flying,-0.0000000,359.9999967,
441.500,2546.853775,-5.181516,0.000400,Flying,-0.0000000,359.9999967,
442.000,2544.263227,-5.180738,0.000400,Flying,-0.0000000,359.9999967,
442.500,2541.673057,-5.179960,0.000400,Flying,-0.0000000,359.9999967,
443.000,2539.083297,-5.179182,0.000400,Flying,-0.0000000,359.9999967,
443.500,2536.493916,-5.178405,0.000400,Flying,-0.0000000,359.9999968,
444.000,2533.904882,-5.177628,0.000399,Flying,-0.0000000,359.9999968,
444.500,2531.316228,-5.176851,0.000399,Flying,-0.0000000,359.9999968,
445.000,2528.727983,-5.176075,0.000399,Flying,-0.0000000,359.9999968,
445.500,2526.140116,-5.175299,0.000399,Flying,-0.0000000,359.9999968,
446.000,2523.552659,-5.174523,0.000399,Flying,-0.0000000,359.9999968,
446.500,2520.965581,-5.173747,0.000399,Flying,-0.0000000,359.9999968,
447.000,2518.378911,-5.172971,0.000399,Flying,-0.0000000,359.9999968,
447.500,2515.792621,-5.172196,0.000399,Flying,-0.0000000,359.9999968,
448.000,2513.206739,-5.171421,0.000398,Flying,-0.0000000,359.9999968,
448.500,2510.621206,-5.170646,0.000398,Flying,-0.0000000,359.9999969,
449.000,2508.036082,-5.169871,0.000398,Flying,-0.0000000,359.9999969,
449.500,2505.451336,-5.169097,0.000398,Flying,-0.0000000,359.9999969,
450.000,2502.866969,-5.168322,0.000398,Flying,-0.0000000,359.9999969,
450.500,2500.283011,-5.167548,0.000398,Flying,-0.0000000,359.9999969,
451.000,2497.699462,-5.166775,0.000398,Flying,-0.0000000,359.9999969,
451.500,2495.116231,-5.166001,0.000398,Flying,-0.0000000,359.9999969,
452.000,2492.533440,-5.165228,0.000397,Flying,-0.0000000,359.9999969,
452.500,2489.951027,-5.164455,0.000397,Flying,-0.0000000,359.9999969,
453.000,2487.368992,-5.163682,0.000397,Flying,-0.0000000,359.9999969,
453.500,2484.787367,-5.162909,0.000397,Flying,-0.0000000,359.9999969,
454.000,2482.206150,-5.162137,0.000397,Flying,-0.0000000,359.9999970,
454.500,2479.625282,-5.161365,0.000397,Flying,-0.0000000,359.9999970,
455.000,2477.044792,-5.160593,0.000397,Flying,-0.0000000,359.9999970,
455.500,2474.464681,-5.159821,0.000397,Flying,-0.0000000,359.9999970,
456.000,2471.884948,-5.159050,0.000396,Flying,-0.0000000,359.9999970,
456.500,2469.305563,-5.158279,0.000396,Flying,-0.0000000,359.9999970,
457.000,2466.726648,-5.157508,0.000396,Flying,-0.0000000,359.9999970,
457.500,2464.148051,-5.156737,0.000396,Flying,-0.0000000,359.9999970,
458.000,2461.569893,-5.155967,0.000396,Flying,-0.0000000,359.9999970,
458.500,2458.992114,-5.155196,0.000396,Flying,-0.0000000,359.9999970,
459.000,2456.414682,-5.154426,0.000396,Flying,-0.0000000,359.9999971,
459.500,2453.837659,-5.153657,0.000396,Flying,-0.0000000,359.9999971,
460.000,2451.261015,-5.152887,0.000396,Flying,-0.0000000,359.9999971,
460.500,2448.684780,-5.152118,0.000395,Flying,-0.0000000,359.9999971,
461.000,2446.108862,-5.151348,0.000395,Flying,-0.0000000,359.9999971,
461.500,2443.533383,-5.150580,0.000395,Flying,-0.0000000,359.9999971,
462.000,2440.958344,-5.149811,0.000395,Flying,-0.0000000,359.9999971,
462.500,2438.383652,-5.149042,0.000395,Flying,-0.0000000,359.9999971,
463.000,2435.809278,-5.148274,0.000395,Flying,-0.0000000,359.9999971,
463.500,2433.235313,-5.147506,0.000395,Flying,-0.0000000,359.9999971,
464.000,2430.661757,-5.146738,0.000395,Flying,-0.0000000,359.9999972,
464.500,2428.088609,-5.145971,0.000394,Flying,-0.0000000,359.9999972,
465.000,2425.515809,-5.145204,0.000394,Flying,-0.0000000,359.9999972,
465.500,2422.943418,-5.144437,0.000394,Flying,-0.0000000,359.9999972,
466.000,2420.371405,-5.143670,0.000394,Flying,-0.0000000,359.9999972,
466.500,2417.799740,-5.142903,0.000394,Flying,-0.0000000,359.9999972,
467.000,2415.228454,-5.142137,0.000394,Flying,-0.0000000,359.9999972,
467.500,2412.657576,-5.141371,0.000394,Flying,-0.0000000,359.9999972,
468.000,2410.087076,-5.140605,0.000394,Flying,-0.0000000,359.9999972,
468.500,2407.516924,-5.139839,0.000393,Flying,-0.0000000,359.9999972,
469.000,2404.947211,-5.139074,0.000393,Flying,-0.0000000,359.9999973,
469.500,2402.377846,-5.138308,0.000393,Flying,-0.0000000,359.9999973,
470.000,2399.808890,-5.137543,0.000393,Flying,-0.0000000,359.9999973,
470.500,2397.240311,-5.136779,0.000393,Flying,-0.0000000,359.9999973,
471.000,2394.672142,-5.136014,0.000393,Flying,-0.0000000,359.9999973,
471.500,2392.104351,-5.135250,0.000393,Flying,-0.0000000,359.9999973,
472.000,2389.536937,-5.134486,0.000393,Flying,-0.0000000,359.9999973,
472.500,2386.969902,-5.133722,0.000393,Flying,-0.0000000,359.9999973,
473.000,2384.403245,-5.132958,0.000392,Flying,-0.0000000,359.9999973,
473.500,2381.836936,-5.132195,0.000392,Flying,-0.0000000,359.9999973,
474.000,2379.271035,-5.131431,0.000392,Flying,-0.0000000,359.9999974,
474.500,2376.705482,-5.130669,0.000392,Flying,-0.0000000,359.9999974,
475.000,2374.140368,-5.129906,0.000392,Flying,-0.0000000,359.9999974,
475.500,2371.575601,-5.129143,0.000392,Flying,-0.0000000,359.9999974,
476.000,2369.011213,-5.128381,0.000392,Flying,-0.0000000,359.9999974,
476.500,2366.447202,-5.127619,0.000392,Flying,-0.0000000,359.9999974,
477.000,2363.883570,-5.126857,0.000391,Flying,-0.0000000,359.9999974,
477.500,2361.320346,-5.126096,0.000391,Flying,-0.0000000,359.9999974,
478.000,2358.757439,-5.125334,0.000391,Flying,-0.0000000,359.9999974,
478.500,2356.194941,-5.124573,0.000391,Flying,-0.0000000,359.9999974,
479.000,2353.632851,-5.123812,0.000391,Flying,-0.0000000,359.9999975,
479.500,2351.071139,-5.123051,0.000391,Flying,-0.0000000,359.9999975,
480.000,2348.509836,-5.122291,0.000391,Flying,-0.0000000,359.9999975,
480.500,2345.948911,-5.121531,0.000391,Flying,-0.0000000,359.9999975,
481.000,2343.388363,-5.120771,0.000390,Flying,-0.0000000,359.9999975,
481.500,2340.828133,-5.120011,0.000390,Flying,-0.0000000,359.9999975,
482.000,2338.268311,-5.119251,0.000390,Flying,-0.0000000,359.9999975,
482.500,2335.708867,-5.118492,0.000390,Flying,-0.0000000,359.9999975,
483.000,2333.149861,-5.117733,0.000390,Flying,-0.0000000,359.9999975,
483.500,2330.591204,-5.116974,0.000390,Flying,-0.0000000,359.9999975,
484.000,2328.032893,-5.116215,0.000390,Flying,-0.0000000,359.9999975,
484.500,2325.474961,-5.115457,0.000390,Flying,-0.0000000,359.9999976,
485.000,2322.917406,-5.114699,0.000390,Flying,-0.0000000,359.9999976,
485.500,2320.360260,-5.113941,0.000389,Flying,-0.0000000,359.9999976,
486.000,2317.803491,-5.113183,0.000389,Flying,-0.0000000,359.9999976,
486.500,2315.247101,-5.112425,0.000389,Flying,-0.0000000,359.9999976,
487.000,2312.691057,-5.111668,0.000389,Flying,-0.0000000,359.9999976,
487.500,2310.135392,-5.110911,0.000389,Flying,-0.0000000,359.9999976,
488.000,2307.580135,-5.110154,0.000389,Flying,-0.0000000,359.9999976,
488.500,2305.025225,-5.109397,0.000389,Flying,-0.0000000,359.9999976,
489.000,2302.470662,-5.108641,0.000389,Flying,-0.0000000,359.9999976,
489.500,2299.916538,-5.107885,0.000388,Flying,-0.0000000,359.9999977,
490.000,2297.362762,-5.107129,0.000388,Flying,-0.0000000,359.9999977,
490.500,2294.809454,-5.106373,0.000388,Flying,-0.0000000,359.9999977,
491.000,2292.256464,-5.105617,0.000388,Flying,-0.0000000,359.9999977,
491.500,2289.703851,-5.104862,0.000388,Flying,-0.0000000,359.9999977,
492.000,2287.151616,-5.104107,0.000388,Flying,-0.0000000,359.9999977,
492.500,2284.599758,-5.103352,0.000388,Flying,-0.0000000,359.9999977,
493.000,2282.048309,-5.102598,0.000388,Flying,-0.0000000,359.9999977,
493.500,2279.497176,-5.101843,0.000388,Flying,-0.0000000,359.9999977,
494.000,2276.946482,-5.101089,0.000387,Flying,-0.0000000,359.9999977,
494.500,2274.396136,-5.100335,0.000387,Flying,-0.0000000,359.9999978,
495.000,2271.846197,-5.099581,0.000387,Flying,-0.0000000,359.9999978,
495.500,2269.296545,-5.098828,0.000387,Flying,-0.0000000,359.9999978,
496.000,2266.747331,-5.098075,0.000387,Flying,-0.0000000,359.9999978,
496.500,2264.198434,-5.097321,0.000387,Flying,-0.0000000,359.9999978,
497.000,2261.649975,-5.096569,0.000387,Flying,-0.0000000,359.9999978,
497.500,2259.101894,-5.095816,0.000387,Flying,-0.0000000,359.9999978,
498.000,2256.554160,-5.095064,0.000386,Flying,-0.0000000,359.9999978,
498.500,2254.006835,-5.094311,0.000386,Flying,-0.0000000,359.9999978,
499.000,2251.459856,-5.093559,0.000386,Flying,-0.0000000,359.9999978,
499.500,2248.913224,-5.092808,0.000386,Flying,-0.0000000,359.9999979,
500.000,2246.366970,-5.092056,0.000386,Flying,-0.0000000,359.9999979,
500.500,2243.821154,-5.091305,0.000386,Flying,-0.0000000,359.9999979,
501.000,2241.275686,-5.090554,0.000386,Flying,-0.0000000,359.9999979,
501.500,2238.730595,-5.089803,0.000386,Flying,-0.0000000,359.9999979,
502.000,2236.185851,-5.089052,0.000386,Flying,-0.0000000,359.9999979,
502.500,2233.641484,-5.088302,0.000385,Flying,-0.0000000,359.9999979,
503.000,2231.097587,-5.087552,0.000385,Flying,-0.0000000,359.9999979,
503.500,2228.554005,-5.086802,0.000385,Flying,-0.0000000,359.9999979,
504.000,2226.010771,-5.086052,0.000385,Flying,-0.0000000,359.9999979,
504.500,2223.467945,-5.085302,0.000385,Flying,-0.0000000,359.9999979,
505.000,2220.925496,-5.084553,0.000385,Flying,-0.0000000,359.9999980,
505.500,2218.383395,-5.083804,0.000385,Flying,-0.0000000,359.9999980,
506.000,2215.841670,-5.083055,0.000385,Flying,-0.0000000,359.9999980,
506.500,2213.300384,-5.082307,0.000385,Flying,-0.0000000,359.9999980,
507.000,2210.759414,-5.081558,0.000384,Flying,-0.0000000,359.9999980,
507.500,2208.218822,-5.080810,0.000384,Flying,-0.0000000,359.9999980,
508.000,2205.678607,-5.080062,0.000384,Flying,-0.0000000,359.9999980,
508.500,2203.138800,-5.079314,0.000384,Flying,-0.0000000,359.9999980,
509.000,2200.599310,-5.078567,0.000384,Flying,-0.0000000,359.9999980,
509.500,2198.060196,-5.077819,0.000384,Flying,-0.0000000,359.9999980,
510.000,2195.521460,-5.077072,0.000384,Flying,-0.0000000,359.9999981,
510.500,2192.983102,-5.076325,0.000384,Flying,-0.0000000,359.9999981,
511.000,2190.445090,-5.075579,0.000383,Flying,-0.0000000,359.9999981,
511.500,2187.907486,-5.074832,0.000383,Flying,-0.0000000,359.9999981,
512.000,2185.370259,-5.074086,0.000383,Flying,-0.0000000,359.9999981,
512.500,2182.833440,-5.073340,0.000383,Flying,-0.0000000,359.9999981,
513.000,2180.296938,-5.072594,0.000383,Flying,-0.0000000,359.9999981,
513.500,2177.760812,-5.071849,0.000383,Flying,-0.0000000,359.9999981,
514.000,2175.225094,-5.071103,0.000383,Flying,-0.0000000,359.9999981,
514.500,2172.689693,-5.070358,0.000383,Flying,-0.0000000,359.9999981,
515.000,2170.154699,-5.069613,0.000383,Flying,-0.0000000,359.9999981,
515.500,2167.620083,-5.068869,0.000382,Flying,-0.0000000,359.9999982,
516.000,2165.085843,-5.068124,0.000382,Flying,-0.0000000,359.9999982,
516.500,2162.551951,-5.067380,0.000382,Flying,-0.0000000,359.9999982,
517.000,2160.018435,-5.066636,0.000382,Flying,-0.0000000,359.9999982,
517.500,2157.485327,-5.065892,0.000382,Flying,-0.0000000,359.9999982,
518.000,2154.952536,-5.065149,0.000382,Flying,-0.0000000,359.9999982,
518.500,2152.420121,-5.064405,0.000382,Flying,-0.0000000,359.9999982,
519.000,2149.888084,-5.063662,0.000382,Flying,-0.0000000,359.9999982,
519.500,2147.356424,-5.062919,0.000382,Flying,-0.0000000,359.9999982,
520.000,2144.825141,-5.062176,0.000381,Flying,-0.0000000,359.9999982,
520.500,2142.294235,-5.061434,0.000381,Flying,-0.0000000,359.9999983,
521.000,2139.763706,-5.060692,0.000381,Flying,-0.0000000,359.9999983,
521.500,2137.233523,-5.059949,0.000381,Flying,-0.0000000,359.9999983,
522.000,2134.703779,-5.059208,0.000381,Flying,-0.0000000,359.9999983,
522.500,2132.174351,-5.058466,0.000381,Flying,-0.0000000,359.9999983,
523.000,2129.645330,-5.057725,0.000381,Flying,-0.0000000,359.9999983,
523.500,2127.116687,-5.056983,0.000381,Flying,-0.0000000,359.9999983,
524.000,2124.588420,-5.056242,0.000380,Flying,-0.0000000,359.9999983,
524.500,2122.060500,-5.055502,0.000380,Flying,-0.0000000,359.9999983,
525.000,2119.532927,-5.054761,0.000380,Flying,-0.0000000,359.9999983,
525.500,2117.005761,-5.054021,0.000380,Flying,-0.0000000,359.9999983,
526.000,2114.478972,-5.053281,0.000380,Flying,-0.0000000,359.9999984,
526.500,2111.952498,-5.052541,0.000380,Flying,-0.0000000,359.9999984,
527.000,2109.426463,-5.051801,0.000380,Flying,-0.0000000,359.9999984,
527.500,2106.900714,-5.051062,0.000380,Flying,-0.0000000,359.9999984,
528.000,2104.375372,-5.050322,0.000380,Flying,-0.0000000,359.9999984,
528.500,2101.850437,-5.049583,0.000379,Flying,-0.0000000,359.9999984,
529.000,2099.325818,-5.048845,0.000379,Flying,-0.0000000,359.9999984,
529.500,2096.801607,-5.048106,0.000379,Flying,-0.0000000,359.9999984,
530.000,2094.277742,-5.047368,0.000379,Flying,-0.0000000,359.9999984,
530.500,2091.754253,-5.046629,0.000379,Flying,-0.0000000,359.9999984,
531.000,2089.231142,-5.045892,0.000379,Flying,-0.0000000,359.9999985,
531.500,2086.708408,-5.045154,0.000379,Flying,-0.0000000,359.9999985,
532.000,2084.185989,-5.044416,0.000379,Flying,-0.0000000,359.9999985,
532.500,2081.664009,-5.043679,0.000379,Flying,-0.0000000,359.9999985,
533.000,2079.142344,-5.042942,0.000378,Flying,-0.0000000,359.9999985,
533.500,2076.621056,-5.042205,0.000378,Flying,-0.0000000,359.9999985,
534.000,2074.100145,-5.041468,0.000378,Flying,-0.0000000,359.9999985,
534.500,2071.579610,-5.040732,0.000378,Flying,-0.0000000,359.9999985,
535.000,2069.059392,-5.039996,0.000378,Flying,-0.0000000,359.9999985,
535.500,2066.539550,-5.039260,0.000378,Flying,-0.0000000,359.9999985,
536.000,2064.020115,-5.038524,0.000378,Flying,-0.0000000,359.9999985,
536.500,2061.500996,-5.037788,0.000378,Flying,-0.0000000,359.9999986,
537.000,2058.982285,-5.037053,0.000378,Flying,-0.0000000,359.9999986,
537.500,2056.463920,-5.036318,0.000377,Flying,-0.0000000,359.9999986,
538.000,2053.945962,-5.035583,0.000377,Flying,-0.0000000,359.9999986,
538.500,2051.428319,-5.034848,0.000377,Flying,-0.0000000,359.9999986,
539.000,2048.911054,-5.034114,0.000377,Flying,-0.0000000,359.9999986,
539.500,2046.394165,-5.033379,0.000377,Flying,-0.0000000,359.9999986,
540.000,2043.877653,-5.032645,0.000377,Flying,-0.0000000,359.9999986,
540.500,2041.361487,-5.031911,0.000377,Flying,-0.0000000,359.9999986,
541.000,2038.845697,-5.031178,0.000377,Flying,-0.0000000,359.9999986,
541.500,2036.330284,-5.030444,0.000377,Flying,-0.0000000,359.9999987,
542.000,2033.815248,-5.029711,0.000376,Flying,-0.0000000,359.9999987,
542.500,2031.300558,-5.028978,0.000376,Flying,-0.0000000,359.9999987,
543.000,2028.786245,-5.028245,0.000376,Flying,-0.0000000,359.9999987,
543.500,2026.272308,-5.027513,0.000376,Flying,-0.0000000,359.9999987,
544.000,2023.758718,-5.026780,0.000376,Flying,-0.0000000,359.9999987,
544.500,2021.245473,-5.026048,0.000376,Flying,-0.0000000,359.9999987,
545.000,2018.732666,-5.025316,0.000376,Flying,-0.0000000,359.9999987,
545.500,2016.220175,-5.024585,0.000376,Flying,-0.0000000,359.9999987,
546.000,2013.708030,-5.023853,0.000376,Flying,-0.0000000,359.9999987,
546.500,2011.196261,-5.023122,0.000375,Flying,-0.0000000,359.9999987,
547.000,2008.684869,-5.022391,0.000375,Flying,-0.0000000,359.9999988,
547.500,2006.173853,-5.021660,0.000375,Flying,-0.0000000,359.9999988,
548.000,2003.663214,-5.020929,0.000375,Flying,-0.0000000,359.9999988,
548.500,2001.152921,-5.020199,0.000375,Flying,-0.0000000,359.9999988,
549.000,1998.643034,-5.019468,0.000375,Flying,-0.0000000,359.9999988,
549.500,1996.133525,-5.018738,0.000375,Flying,-0.0000000,359.9999988,
550.000,1993.624331,-5.018009,0.000375,Flying,-0.0000000,359.9999988,
550.500,1991.115574,-5.017279,0.000375,Flying,-0.0000000,359.9999988,
551.000,1988.607132,-5.016550,0.000374,Flying,-0.0000000,359.9999988,
551.500,1986.099037,-5.015820,0.000374,Flying,-0.0000000,359.9999988,
552.000,1983.591288,-5.015091,0.000374,Flying,-0.0000000,359.9999988,
552.500,1981.083945,-5.014363,0.000374,Flying,-0.0000000,359.9999989,
553.000,1978.576949,-5.013634,0.000374,Flying,-0.0000000,359.9999989,
553.500,1976.070328,-5.012906,0.000374,Flying,-0.0000000,359.9999989,
554.000,1973.564024,-5.012178,0.000374,Flying,-0.0000000,359.9999989,
554.500,1971.058187,-5.011450,0.000374,Flying,-0.0000000,359.9999989,
555.000,1968.552635,-5.010722,0.000374,Flying,-0.0000000,359.9999989,
555.500,1966.047489,-5.009995,0.000373,Flying,-0.0000000,359.9999989,
556.000,1963.542690,-5.009267,0.000373,Flying,-0.0000000,359.9999989,
556.500,1961.038236,-5.008540,0.000373,Flying,-0.0000000,359.9999989,
557.000,1958.534129,-5.007814,0.000373,Flying,-0.0000000,359.9999989,
557.500,1956.030397,-5.007087,0.000373,Flying,-0.0000000,359.9999990,
558.000,1953.527073,-5.006360,0.000373,Flying,-0.0000000,359.9999990,
558.500,1951.024064,-5.005634,0.000373,Flying,-0.0000000,359.9999990,
559.000,1948.521430,-5.004908,0.000373,Flying,-0.0000000,359.9999990,
559.500,1946.019204,-5.004182,0.000373,Flying,-0.0000000,359.9999990,
560.000,1943.517293,-5.003457,0.000372,Flying,-0.0000000,359.9999990,
560.500,1941.015759,-5.002732,0.000372,Flying,-0.0000000,359.9999990,
561.000,1938.514539,-5.002006,0.000372,Flying,-0.0000000,359.9999990,
561.500,1936.013726,-5.001281,0.000372,Flying,-0.0000000,359.9999990,
562.000,1933.513259,-5.000557,0.000372,Flying,-0.0000000,359.9999990,
562.500,1931.013168,-4.999832,0.000372,Flying,-0.0000000,359.9999990,
563.000,1928.513454,-4.999108,0.000372,Flying,-0.0000000,359.9999991,
563.500,1926.014115,-4.998384,0.000372,Flying,-0.0000000,359.9999991,
564.000,1923.515122,-4.997660,0.000372,Flying,-0.0000000,359.9999991,
564.500,1921.016445,-4.996936,0.000371,Flying,-0.0000000,359.9999991,
565.000,1918.518204,-4.996213,0.000371,Flying,-0.0000000,359.9999991,
565.500,1916.020279,-4.995489,0.000371,Flying,-0.0000000,359.9999991,
566.000,1913.522730,-4.994766,0.000371,Flying,-0.0000000,359.9999991,
566.500,1911.025557,-4.994043,0.000371,Flying,-0.0000000,359.9999991,
567.000,1908.528760,-4.993321,0.000371,Flying,-0.0000000,359.9999991,
567.500,1906.032278,-4.992598,0.000371,Flying,-0.0000000,359.9999991,
568.000,1903.536203,-4.991876,0.000371,Flying,-0.0000000,359.9999991,
568.500,1901.040442,-4.991154,0.000371,Flying,-0.0000000,359.9999992,
569.000,1898.545058,-4.990432,0.000370,Flying,-0.0000000,359.9999992,
569.500,1896.050050,-4.989711,0.000370,Flying,-0.0000000,359.9999992,
570.000,1893.555418,-4.988989,0.000370,Flying,-0.0000000,359.9999992,
570.500,1891.061071,-4.988268,0.000370,Flying,-0.0000000,359.9999992,
571.000,1888.567160,-4.987547,0.000370,Flying,-0.0000000,359.9999992,
571.500,1886.073565,-4.986826,0.000370,Flying,-0.0000000,359.9999992,
572.000,1883.580376,-4.986106,0.000370,Flying,-0.0000000,359.9999992,
572.500,1881.087502,-4.985386,0.000370,Flying,-0.0000000,359.9999992,
573.000,1878.595065,-4.984665,0.000370,Flying,-0.0000000,359.9999992,
573.500,1876.102882,-4.983945,0.000369,Flying,-0.0000000,359.9999992,
574.000,1873.611105,-4.983226,0.000369,Flying,-0.0000000,359.9999993,
574.500,1871.119674,-4.982506,0.000369,Flying,-0.0000000,359.9999993,
575.000,1868.628650,-4.981787,0.000369,Flying,-0.0000000,359.9999993,
575.500,1866.137940,-4.981068,0.000369,Flying,-0.0000000,359.9999993,
576.000,1863.647606,-4.980349,0.000369,Flying,-0.0000000,359.9999993,
576.500,1861.157618,-4.979630,0.000369,Flying,-0.0000000,359.9999993,
577.000,1858.667975,-4.978912,0.000369,Flying,-0.0000000,359.9999993,
577.500,1856.178738,-4.978194,0.000369,Flying,-0.0000000,359.9999993,
578.000,1853.689877,-4.977475,0.000368,Flying,-0.0000000,359.9999993,
578.500,1851.201331,-4.976758,0.000368,Flying,-0.0000000,359.9999993,
579.000,1848.713131,-4.976040,0.000368,Flying,-0.0000000,359.9999993,
579.500,1846.225306,-4.975323,0.000368,Flying,-0.0000000,359.9999994,
580.000,1843.737827,-4.974605,0.000368,Flying,-0.0000000,359.9999994,
580.500,1841.250723,-4.973888,0.000368,Flying,-0.0000000,359.9999994,
581.000,1838.763904,-4.973171,0.000368,Flying,-0.0000000,359.9999994,
581.500,1836.277491,-4.972455,0.000368,Flying,-0.0000000,359.9999994,
582.000,1833.791424,-4.971738,0.000368,Flying,-0.0000000,359.9999994,
582.500,1831.305732,-4.971022,0.000367,Flying,-0.0000000,359.9999994,
583.000,1828.820355,-4.970306,0.000367,Flying,-0.0000000,359.9999994,
583.500,1826.335384,-4.969590,0.000367,Flying,-0.0000000,359.9999994,
584.000,1823.850728,-4.968875,0.000367,Flying,-0.0000000,359.9999994,
584.500,1821.366478,-4.968159,0.000367,Flying,-0.0000000,359.9999995,
585.000,1818.882573,-4.967444,0.000367,Flying,-0.0000000,359.9999995,
585.500,1816.398983,-4.966729,0.000367,Flying,-0.0000000,359.9999995,
586.000,1813.915769,-4.966015,0.000367,Flying,-0.0000000,359.9999995,
586.500,1811.432961,-4.965300,0.000367,Flying,-0.0000000,359.9999995,
587.000,1808.950468,-4.964586,0.000367,Flying,-0.0000000,359.9999995,
587.500,1806.468350,-4.963871,0.000366,Flying,-0.0000000,359.9999995,
588.000,1803.986578,-4.963158,0.000366,Flying,-0.0000000,359.9999995,
588.500,1801.505151,-4.962444,0.000366,Flying,-0.0000000,359.9999995,
589.000,1799.024099,-4.961730,0.000366,Flying,-0.0000000,359.9999995,
589.500,1796.543423,-4.961017,0.000366,Flying,-0.0000000,359.9999995,
590.000,1794.063061,-4.960304,0.000366,Flying,-0.0000000,359.9999996,
590.500,1791.583076,-4.959591,0.000366,Flying,-0.0000000,359.9999996,
591.000,1789.103465,-4.958878,0.000366,Flying,-0.0000000,359.9999996,
591.500,1786.624200,-4.958166,0.000366,Flying,-0.0000000,359.9999996,
592.000,1784.145250,-4.957453,0.000365,Flying,-0.0000000,359.9999996,
592.500,1781.666705,-4.956741,0.000365,Flying,-0.0000000,359.9999996,
593.000,1779.188506,-4.956029,0.000365,Flying,-0.0000000,359.9999996,
593.500,1776.710682,-4.955318,0.000365,Flying,-0.0000000,359.9999996,
594.000,1774.233172,-4.954606,0.000365,Flying,-0.0000000,359.9999996,
594.500,1771.756069,-4.953895,0.000365,Flying,-0.0000000,359.9999996,
595.000,1769.279280,-4.953184,0.000365,Flying,-0.0000000,359.9999996,
595.500,1766.802867,-4.952473,0.000365,Flying,-0.0000000,359.9999997,
596.000,1764.326768,-4.951762,0.000365,Flying,-0.0000000,359.9999997,
596.500,1761.851136,-4.951052,0.000364,Flying,-0.0000000,359.9999997,
597.000,1759.375758,-4.950342,0.000364,Flying,-0.0000000,359.9999997,
597.500,1756.900755,-4.949632,0.000364,Flying,-0.0000000,359.9999997,
598.000,1754.426127,-4.948922,0.000364,Flying,-0.0000000,359.9999997,
598.500,1751.951845,-4.948212,0.000364,Flying,-0.0000000,359.9999997,
599.000,1749.477907,-4.947503,0.000364,Flying,-0.0000000,359.9999997,
599.500,1747.004315,-4.946793,0.000364,Flying,-0.0000000,359.9999997,
600.000,1744.531128,-4.946084,0.000364,Flying,-0.0000000,359.9999997,
600.500,1742.058255,-4.945376,0.000364,Flying,-0.0000000,359.9999997,
601.000,1739.585758,-4.944667,0.000364,Flying,-0.0000000,359.9999998,
601.500,1737.113576,-4.943959,0.000363,Flying,-0.0000000,359.9999998,
602.000,1734.641799,-4.943250,0.000363,Flying,-0.0000000,359.9999998,
602.500,1732.170367,-4.942542,0.000363,Flying,-0.0000000,359.9999998,
603.000,1729.699280,-4.941834,0.000363,Flying,-0.0000000,359.9999998,
603.500,1727.228507,-4.941127,0.000363,Flying,-0.0000000,359.9999998,
604.000,1724.758171,-4.940419,0.000363,Flying,-0.0000000,359.9999998,
604.500,1722.288118,-4.939712,0.000363,Flying,-0.0000000,359.9999998,
605.000,1719.818471,-4.939005,0.000363,Flying,-0.0000000,359.9999998,
605.500,1717.349139,-4.938298,0.000363,Flying,-0.0000000,359.9999998,
606.000,1714.880212,-4.937592,0.000362,Flying,-0.0000000,359.9999998,
606.500,1712.411600,-4.936885,0.000362,Flying,-0.0000000,359.9999999,
607.000,1709.943362,-4.936179,0.000362,Flying,-0.0000000,359.9999999,
607.500,1707.475470,-4.935473,0.000362,Flying,-0.0000000,359.9999999,
608.000,1705.007892,-4.934768,0.000362,Flying,-0.0000000,359.9999999,
608.500,1702.540689,-4.934062,0.000362,Flying,-0.0000000,359.9999999,
609.000,1700.073830,-4.933357,0.000362,Flying,-0.0000000,359.9999999,
609.500,1697.607347,-4.932651,0.000362,Flying,-0.0000000,359.9999999,
610.000,1695.141178,-4.931946,0.000362,Flying,-0.0000000,359.9999999,
610.500,1692.675384,-4.931242,0.000362,Flying,-0.0000000,359.9999999,
611.000,1690.209905,-4.930537,0.000361,Flying,-0.0000000,359.9999999,
611.500,1687.744831,-4.929833,0.000361,Flying,-0.0000000,359.9999999,
612.000,1685.280071,-4.929128,0.000361,Flying,-0.0000000,360.0000000,
612.500,1682.815687,-4.928424,0.000361,Flying,-0.0000000,360.0000000,
613.000,1680.351647,-4.927721,0.000361,Flying,-0.0000000,360.0000000,
613.500,1677.887951,-4.927017,0.000361,Flying,-0.0000000,360.0000000,
614.000,1675.424601,-4.926314,0.000361,Flying,-0.0000000,360.0000000,
614.500,1672.961655,-4.925611,0.000361,Flying,-0.0000000,360.0000000,
615.000,1670.499024,-4.924908,0.000361,Flying,-0.0000000,0.0000000,
615.500,1668.036707,-4.924205,0.000360,Flying,-0.0000000,0.0000000,
616.000,1665.574796,-4.923502,0.000360,Flying,-0.0000000,0.0000000,
616.500,1663.113198,-4.922800,0.000360,Flying,-0.0000000,0.0000000,
617.000,1660.651946,-4.922098,0.000360,Flying,-0.0000000,0.0000000,
617.500,1658.191068,-4.921396,0.000360,Flying,-0.0000000,0.0000001,
618.000,1655.730535,-4.920694,0.000360,Flying,-0.0000000,0.0000001,
618.500,1653.270346,-4.919992,0.000360,Flying,-0.0000000,0.0000001,
619.000,1650.810562,-4.919291,0.000360,Flying,-0.0000000,0.0000001,
619.500,1648.351093,-4.918590,0.000360,Flying,-0.0000000,0.0000001,
620.000,1645.891999,-4.917889,0.000360,Flying,-0.0000000,0.0000001,
620.500,1643.433219,-4.917188,0.000359,Flying,-0.0000000,0.0000001,
621.000,1640.974813,-4.916488,0.000359,Flying,-0.0000000,0.0000001,
621.500,1638.516752,-4.915787,0.000359,Flying,-0.0000000,0.0000001,
622.000,1636.059036,-4.915087,0.000359,Flying,-0.0000000,0.0000001,
622.500,1633.601664,-4.914387,0.000359,Flying,-0.0000000,0.0000001,
623.000,1631.144666,-4.913687,0.000359,Flying,-0.0000000,0.0000002,
623.500,1628.687983,-4.912988,0.000359,Flying,-0.0000000,0.0000002,
624.000,1626.231675,-4.912288,0.000359,Flying,-0.0000000,0.0000002,
624.500,1623.775741,-4.911589,0.000359,Flying,-0.0000000,0.0000002,
625.000,1621.320122,-4.910890,0.000358,Flying,-0.0000000,0.0000002,
625.500,1618.864877,-4.910191,0.000358,Flying,-0.0000000,0.0000002,
626.000,1616.409916,-4.909493,0.000358,Flying,-0.0000000,0.0000002,
626.500,1613.955360,-4.908794,0.000358,Flying,-0.0000000,0.0000002,
627.000,1611.501117,-4.908096,0.000358,Flying,-0.0000000,0.0000002,
627.500,1609.047250,-4.907398,0.000358,Flying,-0.0000000,0.0000002,
628.000,1606.593696,-4.906700,0.000358,Flying,-0.0000000,0.0000002,
628.500,1604.140487,-4.906003,0.000358,Flying,-0.0000000,0.0000002,
629.000,1601.687653,-4.905306,0.000358,Flying,-0.0000000,0.0000003,
629.500,1599.235162,-4.904608,0.000358,Flying,-0.0000000,0.0000003,
630.000,1596.783047,-4.903911,0.000357,Flying,-0.0000000,0.0000003,
630.500,1594.331215,-4.903215,0.000357,Flying,-0.0000000,0.0000003,
631.000,1591.879788,-4.902518,0.000357,Flying,-0.0000000,0.0000003,
631.500,1589.428705,-4.901822,0.000357,Flying,-0.0000000,0.0000003,
632.000,1586.977966,-4.901125,0.000357,Flying,-0.0000000,0.0000003,
632.500,1584.527572,-4.900429,0.000357,Flying,-0.0000000,0.0000003,
633.000,1582.077522,-4.899734,0.000357,Flying,-0.0000000,0.0000003,
633.500,1579.627847,-4.899038,0.000357,Flying,-0.0000000,0.0000003,
634.000,1577.178454,-4.898343,0.000357,Flying,-0.0000000,0.0000003,
634.500,1574.729498,-4.897647,0.000356,Flying,-0.0000000,0.0000004,
635.000,1572.280825,-4.896952,0.000356,Flying,-0.0000000,0.0000004,
635.500,1569.832526,-4.896257,0.000356,Flying,-0.0000000,0.0000004,
636.000,1567.384602,-4.895563,0.000356,Flying,-0.0000000,0.0000004,
636.500,1564.936991,-4.894868,0.000356,Flying,-0.0000000,0.0000004,
637.000,1562.489694,-4.894174,0.000356,Flying,-0.0000000,0.0000004,
637.500,1560.042833,-4.893480,0.000356,Flying,-0.0000000,0.0000004,
638.000,1557.596285,-4.892786,0.000356,Flying,-0.0000000,0.0000004,
638.500,1555.150021,-4.892093,0.000356,Flying,-0.0000000,0.0000004,
639.000,1552.704222,-4.891399,0.000356,Flying,-0.0000000,0.0000004,
639.500,1550.258676,-4.890706,0.000355,Flying,-0.0000000,0.0000004,
640.000,1547.813475,-4.890013,0.000355,Flying,-0.0000000,0.0000005,
640.500,1545.368617,-4.889320,0.000355,Flying,-0.0000000,0.0000005,
641.000,1542.924103,-4.888628,0.000355,Flying,-0.0000000,0.0000005,
641.500,1540.479964,-4.887935,0.000355,Flying,-0.0000000,0.0000005,
642.000,1538.036168,-4.887243,0.000355,Flying,-0.0000000,0.0000005,
642.500,1535.592717,-4.886551,0.000355,Flying,-0.0000000,0.0000005,
643.000,1533.149610,-4.885859,0.000355,Flying,-0.0000000,0.0000005,
643.500,1530.706847,-4.885167,0.000355,Flying,-0.0000000,0.0000005,
644.000,1528.264397,-4.884476,0.000355,Flying,-0.0000000,0.0000005,
644.500,1525.822321,-4.883784,0.000354,Flying,-0.0000000,0.0000005,
645.000,1523.380590,-4.883093,0.000354,Flying,-0.0000000,0.0000005,
645.500,1520.939202,-4.882402,0.000354,Flying,-0.0000000,0.0000006,
646.000,1518.498189,-4.881712,0.000354,Flying,-0.0000000,0.0000006,
646.500,1516.057490,-4.881021,0.000354,Flying,-0.0000000,0.0000006,
647.000,1513.617195,-4.880331,0.000354,Flying,-0.0000000,0.0000006,
647.500,1511.177183,-4.879641,0.000354,Flying,-0.0000000,0.0000006,
648.000,1508.737576,-4.878951,0.000354,Flying,-0.0000000,0.0000006,
648.500,1506.298252,-4.878261,0.000354,Flying,-0.0000000,0.0000006,
649.000,1503.859333,-4.877572,0.000354,Flying,-0.0000000,0.0000006,
649.500,1501.420727,-4.876882,0.000353,Flying,-0.0000000,0.0000006,
650.000,1498.982465,-4.876193,0.000353,Flying,-0.0000000,0.0000006,
650.500,1496.544546,-4.875504,0.000353,Flying,-0.0000000,0.0000006,
651.000,1494.106972,-4.874816,0.000353,Flying,-0.0000000,0.0000006,
651.500,1491.669741,-4.874127,0.000353,Flying,-0.0000000,0.0000007,
652.000,1489.232824,-4.873439,0.000353,Flying,-0.0000000,0.0000007,
652.500,1486.796251,-4.872751,0.000353,Flying,-0.0000000,0.0000007,
653.000,1484.360021,-4.872063,0.000353,Flying,-0.0000000,0.0000007,
653.500,1481.924165,-4.871375,0.000353,Flying,-0.0000000,0.0000007,
654.000,1479.488623,-4.870687,0.000352,Flying,-0.0000000,0.0000007,
654.500,1477.053486,-4.870000,0.000352,Flying,-0.0000000,0.0000007,
655.000,1474.618631,-4.869313,0.000352,Flying,-0.0000000,0.0000007,
655.500,1472.184120,-4.868626,0.000352,Flying,-0.0000000,0.0000007,
656.000,1469.749983,-4.867939,0.000352,Flying,-0.0000000,0.0000007,
656.500,1467.316190,-4.867252,0.000352,Flying,-0.0000000,0.0000007,
657.000,1464.882741,-4.866566,0.000352,Flying,-0.0000000,0.0000008,
657.500,1462.449604,-4.865880,0.000352,Flying,-0.0000000,0.0000008,
658.000,1460.016873,-4.865194,0.000352,Flying,-0.0000000,0.0000008,
658.500,1457.584394,-4.864508,0.000352,Flying,-0.0000000,0.0000008,
659.000,1455.152380,-4.863822,0.000351,Flying,-0.0000000,0.0000008,
659.500,1452.720618,-4.863137,0.000351,Flying,-0.0000000,0.0000008,
660.000,1450.289231,-4.862451,0.000351,Flying,-0.0000000,0.0000008,
660.500,1447.858187,-4.861766,0.000351,Flying,-0.0000000,0.0000008,
661.000,1445.427486,-4.861082,0.000351,Flying,-0.0000000,0.0000008,
661.500,1442.997099,-4.860397,0.000351,Flying,-0.0000000,0.0000008,
662.000,1440.567056,-4.859712,0.000351,Flying,-0.0000000,0.0000008,
662.500,1438.137356,-4.859028,0.000351,Flying,-0.0000000,0.0000009,
663.000,1435.708030,-4.858344,0.000351,Flying,-0.0000000,0.0000009,
663.500,1433.278986,-4.857660,0.000351,Flying,-0.0000000,0.0000009,
664.000,1430.850348,-4.856976,0.000350,Flying,-0.0000000,0.0000009,
664.500,1428.422022,-4.856293,0.000350,Flying,-0.0000000,0.0000009,
665.000,1425.994070,-4.855610,0.000350,Flying,-0.0000000,0.0000009,
665.500,1423.566431,-4.854926,0.000350,Flying,-0.0000000,0.0000009,
666.000,1421.139166,-4.854243,0.000350,Flying,-0.0000000,0.0000009,
666.500,1418.712214,-4.853561,0.000350,Flying,-0.0000000,0.0000009,
667.000,1416.285606,-4.852878,0.000350,Flying,-0.0000000,0.0000009,
667.500,1413.859341,-4.852196,0.000350,Flying,-0.0000000,0.0000009,
668.000,1411.433420,-4.851514,0.000350,Flying,-0.0000000,0.0000009,
668.500,1409.007842,-4.850832,0.000350,Flying,-0.0000000,0.0000010,
669.000,1406.582607,-4.850150,0.000349,Flying,-0.0000000,0.0000010,
669.500,1404.157747,-4.849468,0.000349,Flying,-0.0000000,0.0000010,
670.000,1401.733199,-4.848787,0.000349,Flying,-0.0000000,0.0000010,
670.500,1399.308964,-4.848106,0.000349,Flying,-0.0000000,0.0000010,
671.000,1396.885073,-4.847425,0.000349,Flying,-0.0000000,0.0000010,
671.500,1394.461525,-4.846744,0.000349,Flying,-0.0000000,0.0000010,
672.000,1392.038320,-4.846063,0.000349,Flying,-0.0000000,0.0000010,
672.500,1389.615429,-4.845383,0.000349,Flying,-0.0000000,0.0000010,
673.000,1387.192911,-4.844703,0.000349,Flying,-0.0000000,0.0000010,
673.500,1384.770736,-4.844022,0.000349,Flying,-0.0000000,0.0000010,
674.000,1382.348905,-4.843343,0.000348,Flying,-0.0000000,0.0000011,
674.500,1379.927386,-4.842663,0.000348,Flying,-0.0000000,0.0000011,
675.000,1377.506272,-4.841983,0.000348,Flying,-0.0000000,0.0000011,
675.500,1375.085440,-4.841304,0.000348,Flying,-0.0000000,0.0000011,
676.000,1372.664952,-4.840625,0.000348,Flying,-0.0000000,0.0000011,
676.500,1370.244807,-4.839946,0.000348,Flying,-0.0000000,0.0000011,
677.000,1367.825005,-4.839267,0.000348,Flying,-0.0000000,0.0000011,
677.500,1365.405546,-4.838589,0.000348,Flying,-0.0000000,0.0000011,
678.000,1362.986461,-4.837910,0.000348,Flying,-0.0000000,0.0000011,
678.500,1360.567688,-4.837232,0.000348,Flying,-0.0000000,0.0000011,
679.000,1358.149229,-4.836554,0.000347,Flying,-0.0000000,0.0000011,
679.500,1355.731113,-4.835877,0.000347,Flying,-0.0000000,0.0000011,
680.000,1353.313339,-4.835199,0.000347,Flying,-0.0000000,0.0000012,
680.500,1350.895879,-4.834522,0.000347,Flying,-0.0000000,0.0000012,
681.000,1348.478792,-4.833844,0.000347,Flying,-0.0000000,0.0000012,
681.500,1346.062018,-4.833167,0.000347,Flying,-0.0000000,0.0000012,
682.000,1343.645618,-4.832491,0.000347,Flying,-0.0000000,0.0000012,
682.500,1341.229530,-4.831814,0.000347,Flying,-0.0000000,0.0000012,
683.000,1338.813755,-4.831137,0.000347,Flying,-0.0000000,0.0000012,
683.500,1336.398353,-4.830461,0.000347,Flying,-0.0000000,0.0000012,
684.000,1333.983325,-4.829785,0.000346,Flying,-0.0000000,0.0000012,
684.500,1331.568610,-4.829109,0.000346,Flying,-0.0000000,0.0000012,
685.000,1329.154207,-4.828434,0.000346,Flying,-0.0000000,0.0000012,
685.500,1326.740148,-4.827758,0.000346,Flying,-0.0000000,0.0000013,
686.000,1324.326462,-4.827083,0.000346,Flying,-0.0000000,0.0000013,
686.500,1321.913119,-4.826408,0.000346,Flying,-0.0000000,0.0000013,
687.000,1319.500027,-4.825733,0.000346,Flying,-0.0000000,0.0000013,
687.500,1317.087370,-4.825058,0.000346,Flying,-0.0000000,0.0000013,
688.000,1314.674996,-4.824383,0.000346,Flying,-0.0000000,0.0000013,
688.500,1312.262964,-4.823709,0.000346,Flying,-0.0000000,0.0000013,
689.000,1309.851275,-4.823035,0.000345,Flying,-0.0000000,0.0000013,
689.500,1307.439899,-4.822361,0.000345,Flying,-0.0000000,0.0000013,
690.000,1305.028926,-4.821687,0.000345,Flying,-0.0000000,0.0000013,
690.500,1302.618236,-4.821013,0.000345,Flying,-0.0000000,0.0000013,
691.000,1300.207889,-4.820340,0.000345,Flying,-0.0000000,0.0000013,
691.500,1297.797915,-4.819667,0.000345,Flying,-0.0000000,0.0000014,
692.000,1295.388253,-4.818994,0.000345,Flying,-0.0000000,0.0000014,
692.500,1292.978935,-4.818321,0.000345,Flying,-0.0000000,0.0000014,
693.000,1290.569928,-4.817648,0.000345,Flying,-0.0000000,0.0000014,
693.500,1288.161296,-4.816976,0.000345,Flying,-0.0000000,0.0000014,
694.000,1285.753006,-4.816303,0.000344,Flying,-0.0000000,0.0000014,
694.500,1283.344998,-4.815631,0.000344,Flying,-0.0000000,0.0000014,
695.000,1280.937333,-4.814959,0.000344,Flying,-0.0000000,0.0000014,
695.500,1278.530011,-4.814288,0.000344,Flying,-0.0000000,0.0000014,
696.000,1276.123031,-4.813616,0.000344,Flying,-0.0000000,0.0000014,
696.500,1273.716425,-4.812945,0.000344,Flying,-0.0000000,0.0000014,
697.000,1271.310101,-4.812273,0.000344,Flying,-0.0000000,0.0000015,
697.500,1268.904120,-4.811602,0.000344,Flying,-0.0000000,0.0000015,
698.000,1266.498512,-4.810932,0.000344,Flying,-0.0000000,0.0000015,
698.500,1264.093216,-4.810261,0.000344,Flying,-0.0000000,0.0000015,
699.000,1261.688264,-4.809591,0.000343,Flying,-0.0000000,0.0000015,
699.500,1259.283653,-4.808920,0.000343,Flying,-0.0000000,0.0000015,
700.000,1256.879356,-4.808250,0.000343,Flying,-0.0000000,0.0000015,
700.500,1254.475431,-4.807580,0.000343,Flying,-0.0000000,0.0000015,
701.000,1252.071849,-4.806911,0.000343,Flying,-0.0000000,0.0000015,
701.500,1249.668549,-4.806241,0.000343,Flying,-0.0000000,0.0000015,
702.000,1247.265562,-4.805572,0.000343,Flying,-0.0000000,0.0000015,
702.500,1244.862916,-4.804903,0.000343,Flying,-0.0000000,0.0000015,
703.000,1242.460614,-4.804234,0.000343,Flying,-0.0000000,0.0000016,
703.500,1240.058685,-4.803565,0.000343,Flying,-0.0000000,0.0000016,
704.000,1237.657068,-4.802897,0.000343,Flying,-0.0000000,0.0000016,
704.500,1235.255763,-4.802228,0.000342,Flying,-0.0000000,0.0000016,
705.000,1232.854832,-4.801560,0.000342,Flying,-0.0000000,0.0000016,
705.500,1230.454243,-4.800892,0.000342,Flying,-0.0000000,0.0000016,
706.000,1228.053996,-4.800224,0.000342,Flying,-0.0000000,0.0000016,
706.500,1225.654032,-4.799557,0.000342,Flying,-0.0000000,0.0000016,
707.000,1223.254440,-4.798889,0.000342,Flying,-0.0000000,0.0000016,
707.500,1220.855161,-4.798222,0.000342,Flying,-0.0000000,0.0000016,
708.000,1218.456224,-4.797555,0.000342,Flying,-0.0000000,0.0000016,
708.500,1216.057629,-4.796888,0.000342,Flying,-0.0000000,0.0000016,
709.000,1213.659347,-4.796221,0.000342,Flying,-0.0000000,0.0000017,
709.500,1211.261377,-4.795555,0.000341,Flying,-0.0000000,0.0000017,
710.000,1208.863750,-4.794888,0.000341,Flying,-0.0000000,0.0000017,
710.500,1206.466465,-4.794222,0.000341,Flying,-0.0000000,0.0000017,
711.000,1204.069553,-4.793556,0.000341,Flying,-0.0000000,0.0000017,
711.500,1201.672922,-4.792891,0.000341,Flying,-0.0000000,0.0000017,
712.000,1199.276635,-4.792225,0.000341,Flying,-0.0000000,0.0000017,
712.500,1196.880689,-4.791560,0.000341,Flying,-0.0000000,0.0000017,
713.000,1194.485117,-4.790894,0.000341,Flying,-0.0000000,0.0000017,
713.500,1192.089826,-4.790229,0.000341,Flying,-0.0000000,0.0000017,
714.000,1189.694908,-4.789564,0.000341,Flying,-0.0000000,0.0000017,
714.500,1187.300272,-4.788900,0.000340,Flying,-0.0000000,0.0000018,
715.000,1184.905947,-4.788235,0.000340,Flying,-0.0000000,0.0000018,
715.500,1182.512026,-4.787571,0.000340,Flying,-0.0000000,0.0000018,
716.000,1180.118387,-4.786907,0.000340,Flying,-0.0000000,0.0000018,
716.500,1177.725089,-4.786243,0.000340,Flying,-0.0000000,0.0000018,
717.000,1175.332135,-4.785579,0.000340,Flying,-0.0000000,0.0000018,
717.500,1172.939522,-4.784916,0.000340,Flying,-0.0000000,0.0000018,
718.000,1170.547191,-4.784252,0.000340,Flying,-0.0000000,0.0000018,
718.500,1168.155233,-4.783589,0.000340,Flying,-0.0000000,0.0000018,
719.000,1165.763648,-4.782926,0.000340,Flying,-0.0000000,0.0000018,
719.500,1163.372344,-4.782263,0.000340,Flying,-0.0000000,0.0000018,
720.000,1160.981413,-4.781601,0.000339,Flying,-0.0000000,0.0000018,
720.500,1158.590794,-4.780938,0.000339,Flying,-0.0000000,0.0000019,
721.000,1156.200456,-4.780276,0.000339,Flying,-0.0000000,0.0000019,
721.500,1153.810491,-4.779614,0.000339,Flying,-0.0000000,0.0000019,
722.000,1151.420838,-4.778952,0.000339,Flying,-0.0000000,0.0000019,
722.500,1149.031527,-4.778290,0.000339,Flying,-0.0000000,0.0000019,
723.000,1146.642528,-4.777629,0.000339,Flying,-0.0000000,0.0000019,
723.500,1144.253871,-4.776967,0.000339,Flying,-0.0000000,0.0000019,
724.000,1141.865526,-4.776306,0.000339,Flying,-0.0000000,0.0000019,
724.500,1139.477585,-4.775645,0.000339,Flying,-0.0000000,0.0000019,
725.000,1137.089924,-4.774984,0.000338,Flying,-0.0000000,0.0000019,
725.500,1134.702606,-4.774324,0.000338,Flying,-0.0000000,0.0000019,
726.000,1132.315599,-4.773663,0.000338,Flying,-0.0000000,0.0000019,
726.500,1129.928965,-4.773003,0.000338,Flying,-0.0000000,0.0000020,
727.000,1127.542612,-4.772343,0.000338,Flying,-0.0000000,0.0000020,
727.500,1125.156571,-4.771683,0.000338,Flying,-0.0000000,0.0000020,
728.000,1122.770873,-4.771023,0.000338,Flying,-0.0000000,0.0000020,
728.500,1120.385547,-4.770364,0.000338,Flying,-0.0000000,0.0000020,
729.000,1118.000502,-4.769704,0.000338,Flying,-0.0000000,0.0000020,
729.500,1115.615829,-4.769045,0.000338,Flying,-0.0000000,0.0000020,
730.000,1113.231438,-4.768386,0.000337,Flying,-0.0000000,0.0000020,
730.500,1110.847419,-4.767727,0.000337,Flying,-0.0000000,0.0000020,
731.000,1108.463743,-4.767069,0.000337,Flying,-0.0000000,0.0000020,
731.500,1106.080348,-4.766410,0.000337,Flying,-0.0000000,0.0000020,
732.000,1103.697325,-4.765752,0.000337,Flying,-0.0000000,0.0000020,
732.500,1101.314644,-4.765094,0.000337,Flying,-0.0000000,0.0000021,
733.000,1098.932245,-4.764436,0.000337,Flying,-0.0000000,0.0000021,
733.500,1096.550187,-4.763778,0.000337,Flying,-0.0000000,0.0000021,
734.000,1094.168411,-4.763121,0.000337,Flying,-0.0000000,0.0000021,
734.500,1091.786976,-4.762463,0.000337,Flying,-0.0000000,0.0000021,
735.000,1089.405945,-4.761806,0.000337,Flying,-0.0000000,0.0000021,
735.500,1087.025194,-4.761149,0.000336,Flying,-0.0000000,0.0000021,
736.000,1084.644816,-4.760492,0.000336,Flying,-0.0000000,0.0000021,
736.500,1082.264720,-4.759836,0.000336,Flying,-0.0000000,0.0000021,
737.000,1079.884995,-4.759179,0.000336,Flying,-0.0000000,0.0000021,
737.500,1077.505613,-4.758523,0.000336,Flying,-0.0000000,0.0000021,
738.000,1075.126481,-4.757867,0.000336,Flying,-0.0000000,0.0000021,
738.500,1072.747691,-4.757211,0.000336,Flying,-0.0000000,0.0000022,
739.000,1070.369273,-4.756555,0.000336,Flying,-0.0000000,0.0000022,
739.500,1067.991137,-4.755900,0.000336,Flying,-0.0000000,0.0000022,
740.000,1065.613373,-4.755245,0.000336,Flying,-0.0000000,0.0000022,
740.500,1063.235889,-4.754589,0.000336,Flying,-0.0000000,0.0000022,
741.000,1060.858748,-4.753934,0.000335,Flying,-0.0000000,0.0000022,
741.500,1058.481948,-4.753280,0.000335,Flying,-0.0000000,0.0000022,
742.000,1056.105460,-4.752625,0.000335,Flying,-0.0000000,0.0000022,
742.500,1053.729314,-4.751970,0.000335,Flying,-0.0000000,0.0000022,
743.000,1051.353540,-4.751316,0.000335,Flying,-0.0000000,0.0000022,
743.500,1048.978047,-4.750662,0.000335,Flying,-0.0000000,0.0000022,
744.000,1046.602866,-4.750008,0.000335,Flying,-0.0000000,0.0000023,
744.500,1044.228026,-4.749354,0.000335,Flying,-0.0000000,0.0000023,
745.000,1041.853528,-4.748701,0.000335,Flying,-0.0000000,0.0000023,
745.500,1039.479341,-4.748048,0.000335,Flying,-0.0000000,0.0000023,
746.000,1037.105466,-4.747394,0.000334,Flying,-0.0000000,0.0000023,
746.500,1034.731932,-4.746741,0.000334,Flying,-0.0000000,0.0000023,
747.000,1032.358740,-4.746088,0.000334,Flying,-0.0000000,0.0000023,
747.500,1029.985829,-4.745436,0.000334,Flying,-0.0000000,0.0000023,
748.000,1027.613321,-4.744783,0.000334,Flying,-0.0000000,0.0000023,
748.500,1025.241093,-4.744131,0.000334,Flying,-0.0000000,0.0000023,
749.000,1022.869177,-4.743479,0.000334,Flying,-0.0000000,0.0000023,
749.500,1020.497602,-4.742827,0.000334,Flying,-0.0000000,0.0000023,
750.000,1018.126339,-4.742175,0.000334,Flying,-0.0000000,0.0000024,
750.500,1015.755417,-4.741524,0.000334,Flying,-0.0000000,0.0000024,
751.000,1013.384837,-4.740872,0.000334,Flying,-0.0000000,0.0000024,
751.500,1011.014538,-4.740221,0.000333,Flying,-0.0000000,0.0000024,
752.000,1008.644580,-4.739570,0.000333,Flying,-0.0000000,0.0000024,
752.500,1006.274934,-4.738919,0.000333,Flying,-0.0000000,0.0000024,
753.000,1003.905659,-4.738268,0.000333,Flying,-0.0000000,0.0000024,
753.500,1001.536726,-4.737618,0.000333,Flying,-0.0000000,0.0000024,
754.000,999.168105,-4.736968,0.000333,Flying,-0.0000000,0.0000024,
754.500,996.799764,-4.736317,0.000333,Flying,-0.0000000,0.0000024,
755.000,994.431765,-4.735668,0.000333,Flying,-0.0000000,0.0000024,
755.500,992.064076,-4.735018,0.000333,Flying,-0.0000000,0.0000024,
756.000,989.696730,-4.734368,0.000333,Flying,-0.0000000,0.0000025,
756.500,987.329694,-4.733719,0.000332,Flying,-0.0000000,0.0000025,
757.000,984.963000,-4.733069,0.000332,Flying,-0.0000000,0.0000025,
757.500,982.596617,-4.732420,0.000332,Flying,-0.0000000,0.0000025,
758.000,980.230575,-4.731771,0.000332,Flying,-0.0000000,0.0000025,
758.500,977.864815,-4.731123,0.000332,Flying,-0.0000000,0.0000025,
759.000,975.499456,-4.730474,0.000332,Flying,-0.0000000,0.0000025,
759.500,973.134409,-4.729826,0.000332,Flying,-0.0000000,0.0000025,
760.000,970.769672,-4.729178,0.000332,Flying,-0.0000000,0.0000025,
760.500,968.405247,-4.728530,0.000332,Flying,-0.0000000,0.0000025,
761.000,966.041163,-4.727882,0.000332,Flying,-0.0000000,0.0000025,
761.500,963.677390,-4.727234,0.000332,Flying,-0.0000000,0.0000025,
762.000,961.313928,-4.726587,0.000331,Flying,-0.0000000,0.0000026,
762.500,958.950807,-4.725939,0.000331,Flying,-0.0000000,0.0000026,
763.000,956.587998,-4.725292,0.000331,Flying,-0.0000000,0.0000026,
763.500,954.225530,-4.724645,0.000331,Flying,-0.0000000,0.0000026,
764.000,951.863372,-4.723998,0.000331,Flying,-0.0000000,0.0000026,
764.500,949.501496,-4.723352,0.000331,Flying,-0.0000000,0.0000026,
765.000,947.139991,-4.722705,0.000331,Flying,-0.0000000,0.0000026,
765.500,944.778736,-4.722059,0.000331,Flying,-0.0000000,0.0000026,
766.000,942.417852,-4.721413,0.000331,Flying,-0.0000000,0.0000026,
766.500,940.057310,-4.720767,0.000331,Flying,-0.0000000,0.0000026,
767.000,937.697110,-4.720122,0.000331,Flying,-0.0000000,0.0000026,
767.500,935.337220,-4.719476,0.000330,Flying,-0.0000000,0.0000026,
768.000,932.977672,-4.718831,0.000330,Flying,-0.0000000,0.0000027,
768.500,930.618434,-4.718186,0.000330,Flying,-0.0000000,0.0000027,
769.000,928.259508,-4.717541,0.000330,Flying,-0.0000000,0.0000027,
769.500,925.900892,-4.716896,0.000330,Flying,-0.0000000,0.0000027,
770.000,923.542587,-4.716251,0.000330,Flying,-0.0000000,0.0000027,
770.500,921.184623,-4.715607,0.000330,Flying,-0.0000000,0.0000027,
771.000,918.826970,-4.714962,0.000330,Flying,-0.0000000,0.0000027,
771.500,916.469627,-4.714318,0.000330,Flying,-0.0000000,0.0000027,
772.000,914.112626,-4.713674,0.000330,Flying,-0.0000000,0.0000027,
772.500,911.755936,-4.713030,0.000330,Flying,-0.0000000,0.0000027,
773.000,909.399587,-4.712387,0.000329,Flying,-0.0000000,0.0000027,
773.500,907.043579,-4.711743,0.000329,Flying,-0.0000000,0.0000027,
774.000,904.687851,-4.711100,0.000329,Flying,-0.0000000,0.0000027,
774.500,902.332465,-4.710457,0.000329,Flying,-0.0000000,0.0000028,
775.000,899.977358,-4.709814,0.000329,Flying,-0.0000000,0.0000028,
775.500,897.622624,-4.709171,0.000329,Flying,-0.0000000,0.0000028,
776.000,895.268200,-4.708529,0.000329,Flying,-0.0000000,0.0000028,
776.500,892.914056,-4.707887,0.000329,Flying,-0.0000000,0.0000028,
777.000,890.560314,-4.707244,0.000329,Flying,-0.0000000,0.0000028,
777.500,888.206852,-4.706602,0.000329,Flying,-0.0000000,0.0000028,
778.000,885.853732,-4.705961,0.000329,Flying,-0.0000000,0.0000028,
778.500,883.500922,-4.705319,0.000328,Flying,-0.0000000,0.0000028,
779.000,881.148453,-4.704677,0.000328,Flying,-0.0000000,0.0000028,
779.500,878.796265,-4.704036,0.000328,Flying,-0.0000000,0.0000028,
780.000,876.444417,-4.703395,0.000328,Flying,-0.0000000,0.0000028,
780.500,874.092910,-4.702754,0.000328,Flying,-0.0000000,0.0000029,
781.000,871.741684,-4.702113,0.000328,Flying,-0.0000000,0.0000029,
781.500,869.390798,-4.701473,0.000328,Flying,-0.0000000,0.0000029,
782.000,867.040254,-4.700832,0.000328,Flying,-0.0000000,0.0000029,
782.500,864.689990,-4.700192,0.000328,Flying,-0.0000000,0.0000029,
783.000,862.340036,-4.699552,0.000328,Flying,-0.0000000,0.0000029,
783.500,859.990423,-4.698912,0.000328,Flying,-0.0000000,0.0000029,
784.000,857.641120,-4.698272,0.000327,Flying,-0.0000000,0.0000029,
784.500,855.292128,-4.697633,0.000327,Flying,-0.0000000,0.0000029,
785.000,852.943447,-4.696993,0.000327,Flying,-0.0000000,0.0000029,
785.500,850.595137,-4.696354,0.000327,Flying,-0.0000000,0.0000029,
786.000,848.247137,-4.695715,0.000327,Flying,-0.0000000,0.0000029,
786.500,845.899448,-4.695076,0.000327,Flying,-0.0000000,0.0000030,
787.000,843.552130,-4.694437,0.000327,Flying,-0.0000000,0.0000030,
787.500,841.205062,-4.693799,0.000327,Flying,-0.0000000,0.0000030,
788.000,838.858304,-4.693160,0.000327,Flying,-0.0000000,0.0000030,
788.500,836.511918,-4.692522,0.000327,Flying,-0.0000000,0.0000030,
789.000,834.165781,-4.691884,0.000327,Flying,-0.0000000,0.0000030,
789.500,831.820015,-4.691246,0.000326,Flying,-0.0000000,0.0000030,
790.000,829.474560,-4.690609,0.000326,Flying,-0.0000000,0.0000030,
790.500,827.129445,-4.689971,0.000326,Flying,-0.0000000,0.0000030,
791.000,824.784610,-4.689334,0.000326,Flying,-0.0000000,0.0000030,
791.500,822.440147,-4.688697,0.000326,Flying,-0.0000000,0.0000030,
792.000,820.095964,-4.688060,0.000326,Flying,-0.0000000,0.0000030,
792.500,817.752060,-4.687423,0.000326,Flying,-0.0000000,0.0000031,
793.000,815.408497,-4.686787,0.000326,Flying,-0.0000000,0.0000031,
793.500,813.065244,-4.686150,0.000326,Flying,-0.0000000,0.0000031,
794.000,810.722363,-4.685514,0.000326,Flying,-0.0000000,0.0000031,
794.500,808.379761,-4.684878,0.000326,Flying,-0.0000000,0.0000031,
795.000,806.037501,-4.684242,0.000325,Flying,-0.0000000,0.0000031,
795.500,803.695519,-4.683606,0.000325,Flying,-0.0000000,0.0000031,
796.000,801.353849,-4.682970,0.000325,Flying,-0.0000000,0.0000031,
796.500,799.012518,-4.682335,0.000325,Flying,-0.0000000,0.0000031,
797.000,796.671499,-4.681700,0.000325,Flying,-0.0000000,0.0000031,
797.500,794.330789,-4.681065,0.000325,Flying,-0.0000000,0.0000031,
798.000,791.990389,-4.680430,0.000325,Flying,-0.0000000,0.0000031,
798.500,789.650331,-4.679795,0.000325,Flying,-0.0000000,0.0000032,
799.000,787.310612,-4.679161,0.000325,Flying,-0.0000000,0.0000032,
799.500,784.971174,-4.678526,0.000325,Flying,-0.0000000,0.0000032,
800.000,782.632076,-4.677892,0.000325,Flying,-0.0000000,0.0000032,
800.500,780.293288,-4.677258,0.000324,Flying,-0.0000000,0.0000032,
801.000,777.954780,-4.676624,0.000324,Flying,-0.0000000,0.0000032,
801.500,775.616613,-4.675990,0.000324,Flying,-0.0000000,0.0000032,
802.000,773.278786,-4.675357,0.000324,Flying,-0.0000000,0.0000032,
802.500,770.941269,-4.674724,0.000324,Flying,-0.0000000,0.0000032,
803.000,768.604032,-4.674090,0.000324,Flying,-0.0000000,0.0000032,
803.500,766.267166,-4.673457,0.000324,Flying,-0.0000000,0.0000032,
804.000,763.930610,-4.672825,0.000324,Flying,-0.0000000,0.0000032,
804.500,761.594364,-4.672192,0.000324,Flying,-0.0000000,0.0000032,
805.000,759.258428,-4.671559,0.000324,Flying,-0.0000000,0.0000033,
805.500,756.922802,-4.670927,0.000324,Flying,-0.0000000,0.0000033,
806.000,754.587486,-4.670295,0.000323,Flying,-0.0000000,0.0000033,
806.500,752.252480,-4.669663,0.000323,Flying,-0.0000000,0.0000033,
807.000,749.917815,-4.669031,0.000323,Flying,-0.0000000,0.0000033,
807.500,747.583459,-4.668400,0.000323,Flying,-0.0000000,0.0000033,
808.000,745.249444,-4.667768,0.000323,Flying,-0.0000000,0.0000033,
808.500,742.915678,-4.667137,0.000323,Flying,-0.0000000,0.0000033,
809.000,740.582222,-4.666506,0.000323,Flying,-0.0000000,0.0000033,
809.500,738.249137,-4.665875,0.000323,Flying,-0.0000000,0.0000033,
810.000,735.916332,-4.665244,0.000323,Flying,-0.0000000,0.0000033,
810.500,733.583836,-4.664613,0.000323,Flying,-0.0000000,0.0000033,
811.000,731.251711,-4.663983,0.000323,Flying,-0.0000000,0.0000034,
811.500,728.919866,-4.663353,0.000322,Flying,-0.0000000,0.0000034,
812.000,726.588361,-4.662723,0.000322,Flying,-0.0000000,0.0000034,
812.500,724.257135,-4.662093,0.000322,Flying,-0.0000000,0.0000034,
813.000,721.926220,-4.661463,0.000322,Flying,-0.0000000,0.0000034,
813.500,719.595644,-4.660833,0.000322,Flying,-0.0000000,0.0000034,
814.000,717.265409,-4.660204,0.000322,Flying,-0.0000000,0.0000034,
814.500,714.935453,-4.659575,0.000322,Flying,-0.0000000,0.0000034,
815.000,712.605838,-4.658946,0.000322,Flying,-0.0000000,0.0000034,
815.500,710.276563,-4.658317,0.000322,Flying,-0.0000000,0.0000034,
816.000,707.947567,-4.657688,0.000322,Flying,-0.0000000,0.0000034,
816.500,705.618881,-4.657059,0.000322,Flying,-0.0000000,0.0000034,
817.000,703.290566,-4.656431,0.000321,Flying,-0.0000000,0.0000034,
817.500,700.962530,-4.655803,0.000321,Flying,-0.0000000,0.0000035,
818.000,698.634774,-4.655175,0.000321,Flying,-0.0000000,0.0000035,
818.500,696.307357,-4.654547,0.000321,Flying,-0.0000000,0.0000035,
819.000,693.980220,-4.653919,0.000321,Flying,-0.0000000,0.0000035,
819.500,691.653423,-4.653292,0.000321,Flying,-0.0000000,0.0000035,
820.000,689.326875,-4.652664,0.000321,Flying,-0.0000000,0.0000035,
820.500,687.000698,-4.652037,0.000321,Flying,-0.0000000,0.0000035,
821.000,684.674800,-4.651410,0.000321,Flying,-0.0000000,0.0000035,
821.500,682.349242,-4.650783,0.000321,Flying,-0.0000000,0.0000035,
822.000,680.023993,-4.650156,0.000321,Flying,-0.0000000,0.0000035,
822.500,677.699085,-4.649530,0.000320,Flying,-0.0000000,0.0000035,
823.000,675.374456,-4.648903,0.000320,Flying,-0.0000000,0.0000035,
823.500,673.050198,-4.648277,0.000320,Flying,-0.0000000,0.0000036,
824.000,670.726249,-4.647651,0.000320,Flying,-0.0000000,0.0000036,
824.500,668.402549,-4.647025,0.000320,Flying,-0.0000000,0.0000036,
825.000,666.079219,-4.646400,0.000320,Flying,-0.0000000,0.0000036,
825.500,663.756230,-4.645774,0.000320,Flying,-0.0000000,0.0000036,
826.000,661.433459,-4.645149,0.000320,Flying,-0.0000000,0.0000036,
826.500,659.111028,-4.644524,0.000320,Flying,-0.0000000,0.0000036,
827.000,656.788906,-4.643899,0.000320,Flying,-0.0000000,0.0000036,
827.500,654.467124,-4.643274,0.000320,Flying,-0.0000000,0.0000036,
828.000,652.145652,-4.642649,0.000320,Flying,-0.0000000,0.0000036,
828.500,649.824459,-4.642025,0.000319,Flying,-0.0000000,0.0000036,
829.000,647.503576,-4.641400,0.000319,Flying,-0.0000000,0.0000036,
829.500,645.183063,-4.640776,0.000319,Flying,-0.0000000,0.0000037,
830.000,642.862829,-4.640152,0.000319,Flying,-0.0000000,0.0000037,
830.500,640.542905,-4.639528,0.000319,Flying,-0.0000000,0.0000037,
831.000,638.223351,-4.638904,0.000319,Flying,-0.0000000,0.0000037,
831.500,635.904076,-4.638281,0.000319,Flying,-0.0000000,0.0000037,
832.000,633.585110,-4.637658,0.000319,Flying,-0.0000000,0.0000037,
832.500,631.266363,-4.637034,0.000319,Flying,-0.0000000,0.0000037,
833.000,628.947986,-4.636411,0.000319,Flying,-0.0000000,0.0000037,
833.500,626.629918,-4.635789,0.000319,Flying,-0.0000000,0.0000037,
834.000,624.312160,-4.635166,0.000318,Flying,-0.0000000,0.0000037,
834.500,621.994742,-4.634543,0.000318,Flying,-0.0000000,0.0000037,
835.000,619.677633,-4.633921,0.000318,Flying,-0.0000000,0.0000037,
835.500,617.360864,-4.633299,0.000318,Flying,-0.0000000,0.0000037,
836.000,615.044404,-4.632677,0.000318,Flying,-0.0000000,0.0000038,
836.500,612.728223,-4.632055,0.000318,Flying,-0.0000000,0.0000038,
837.000,610.412321,-4.631433,0.000318,Flying,-0.0000000,0.0000038,
837.500,608.096790,-4.630812,0.000318,Flying,-0.0000000,0.0000038,
838.000,605.781537,-4.630191,0.000318,Flying,-0.0000000,0.0000038,
838.500,603.466594,-4.629569,0.000318,Flying,-0.0000000,0.0000038,
839.000,601.151960,-4.628948,0.000318,Flying,-0.0000000,0.0000038,
839.500,598.837665,-4.628328,0.000318,Flying,-0.0000000,0.0000038,
840.000,596.523620,-4.627707,0.000317,Flying,-0.0000000,0.0000038,
840.500,594.209944,-4.627086,0.000317,Flying,-0.0000000,0.0000038,
841.000,591.896547,-4.626466,0.000317,Flying,-0.0000000,0.0000038,
841.500,589.583459,-4.625846,0.000317,Flying,-0.0000000,0.0000038,
842.000,587.270681,-4.625226,0.000317,Flying,-0.0000000,0.0000039,
842.500,584.958242,-4.624606,0.000317,Flying,-0.0000000,0.0000039,
843.000,582.646083,-4.623987,0.000317,Flying,-0.0000000,0.0000039,
843.500,580.334201,-4.623367,0.000317,Flying,-0.0000000,0.0000039,
844.000,578.022691,-4.622748,0.000317,Flying,-0.0000000,0.0000039,
844.500,575.711489,-4.622129,0.000317,Flying,-0.0000000,0.0000039,
845.000,573.400566,-4.621509,0.000317,Flying,-0.0000000,0.0000039,
845.500,571.090013,-4.620891,0.000316,Flying,-0.0000000,0.0000039,
846.000,568.779739,-4.620272,0.000316,Flying,-0.0000000,0.0000039,
846.500,566.469743,-4.619653,0.000316,Flying,-0.0000000,0.0000039,
847.000,564.160026,-4.619035,0.000316,Flying,-0.0000000,0.0000039,
847.500,561.850679,-4.618417,0.000316,Flying,-0.0000000,0.0000039,
848.000,559.541642,-4.617799,0.000316,Flying,-0.0000000,0.0000039,
848.500,557.232883,-4.617181,0.000316,Flying,-0.0000000,0.0000040,
849.000,554.924433,-4.616563,0.000316,Flying,-0.0000000,0.0000040,
849.500,552.616323,-4.615946,0.000316,Flying,-0.0000000,0.0000040,
850.000,550.308552,-4.615329,0.000316,Flying,-0.0000000,0.0000040,
850.500,548.001029,-4.614711,0.000316,Flying,-0.0000000,0.0000040,
851.000,545.693815,-4.614094,0.000316,Flying,-0.0000000,0.0000040,
851.500,543.386880,-4.613478,0.000315,Flying,-0.0000000,0.0000040,
852.000,541.080285,-4.612861,0.000315,Flying,-0.0000000,0.0000040,
852.500,538.774029,-4.612244,0.000315,Flying,-0.0000000,0.0000040,
853.000,536.468052,-4.611628,0.000315,Flying,-0.0000000,0.0000040,
853.500,534.162383,-4.611012,0.000315,Flying,-0.0000000,0.0000040,
854.000,531.857054,-4.610396,0.000315,Flying,-0.0000000,0.0000040,
854.500,529.552034,-4.609780,0.000315,Flying,-0.0000000,0.0000040,
855.000,527.247293,-4.609164,0.000315,Flying,-0.0000000,0.0000041,
855.500,524.942860,-4.608549,0.000315,Flying,-0.0000000,0.0000041,
856.000,522.638737,-4.607933,0.000315,Flying,-0.0000000,0.0000041,
856.500,520.334922,-4.607318,0.000315,Flying,-0.0000000,0.0000041,
857.000,518.031416,-4.606703,0.000314,Flying,-0.0000000,0.0000041,
857.500,515.728250,-4.606088,0.000314,Flying,-0.0000000,0.0000041,
858.000,513.425362,-4.605473,0.000314,Flying,-0.0000000,0.0000041,
858.500,511.122753,-4.604859,0.000314,Flying,-0.0000000,0.0000041,
859.000,508.820483,-4.604245,0.000314,Flying,-0.0000000,0.0000041,
859.500,506.518522,-4.603630,0.000314,Flying,-0.0000000,0.0000041,
860.000,504.216900,-4.603016,0.000314,Flying,-0.0000000,0.0000041,
860.500,501.915526,-4.602402,0.000314,Flying,-0.0000000,0.0000041,
861.000,499.614461,-4.601789,0.000314,Flying,-0.0000000,0.0000042,
861.500,497.313735,-4.601175,0.000314,Flying,-0.0000000,0.0000042,
862.000,495.013257,-4.600562,0.000314,Flying,-0.0000000,0.0000042,
862.500,492.713149,-4.599948,0.000314,Flying,-0.0000000,0.0000042,
863.000,490.413319,-4.599335,0.000313,Flying,-0.0000000,0.0000042,
863.500,488.113798,-4.598722,0.000313,Flying,-0.0000000,0.0000042,
864.000,485.814586,-4.598110,0.000313,Flying,-0.0000000,0.0000042,
864.500,483.515683,-4.597497,0.000313,Flying,-0.0000000,0.0000042,
865.000,481.217088,-4.596885,0.000313,Flying,-0.0000000,0.0000042,
865.500,478.918833,-4.596272,0.000313,Flying,-0.0000000,0.0000042,
866.000,476.620855,-4.595660,0.000313,Flying,-0.0000000,0.0000042,
866.500,474.323157,-4.595048,0.000313,Flying,-0.0000000,0.0000042,
867.000,472.025797,-4.594437,0.000313,Flying,-0.0000000,0.0000042,
867.500,469.728746,-4.593825,0.000313,Flying,-0.0000000,0.0000043,
868.000,467.432003,-4.593214,0.000313,Flying,-0.0000000,0.0000043,
868.500,465.135539,-4.592602,0.000313,Flying,-0.0000000,0.0000043,
869.000,462.839384,-4.591991,0.000312,Flying,-0.0000000,0.0000043,
869.500,460.543568,-4.591380,0.000312,Flying,-0.0000000,0.0000043,
870.000,458.248030,-4.590769,0.000312,Flying,-0.0000000,0.0000043,
870.500,455.952800,-4.590159,0.000312,Flying,-0.0000000,0.0000043,
871.000,453.657879,-4.589548,0.000312,Flying,-0.0000000,0.0000043,
871.500,451.363237,-4.588938,0.000312,Flying,-0.0000000,0.0000043,
872.000,449.068903,-4.588328,0.000312,Flying,-0.0000000,0.0000043,
872.500,446.774908,-4.587718,0.000312,Flying,-0.0000000,0.0000043,
873.000,444.481221,-4.587108,0.000312,Flying,-0.0000000,0.0000043,
873.500,442.187813,-4.586498,0.000312,Flying,-0.0000000,0.0000043,
874.000,439.894713,-4.585889,0.000312,Flying,-0.0000000,0.0000044,
874.500,437.601922,-4.585280,0.000311,Flying,-0.0000000,0.0000044,
875.000,435.309409,-4.584670,0.000311,Flying,-0.0000000,0.0000044,
875.500,433.017204,-4.584061,0.000311,Flying,-0.0000000,0.0000044,
876.000,430.725339,-4.583453,0.000311,Flying,-0.0000000,0.0000044,
876.500,428.433782,-4.582844,0.000311,Flying,-0.0000000,0.0000044,
877.000,426.142533,-4.582235,0.000311,Flying,-0.0000000,0.0000044,
877.500,423.851563,-4.581627,0.000311,Flying,-0.0000000,0.0000044,
878.000,421.560870,-4.581019,0.000311,Flying,-0.0000000,0.0000044,
878.500,419.270517,-4.580411,0.000311,Flying,-0.0000000,0.0000044,
879.000,416.980472,-4.579803,0.000311,Flying,-0.0000000,0.0000044,
879.500,414.690704,-4.579195,0.000311,Flying,-0.0000000,0.0000044,
880.000,412.401276,-4.578588,0.000311,Flying,-0.0000000,0.0000044,
880.500,410.112156,-4.577980,0.000310,Flying,-0.0000000,0.0000045,
881.000,407.823284,-4.577373,0.000310,Flying,-0.0000000,0.0000045,
881.500,405.534751,-4.576766,0.000310,Flying,-0.0000000,0.0000045,
882.000,403.246526,-4.576159,0.000310,Flying,-0.0000000,0.0000045,
882.500,400.958609,-4.575552,0.000310,Flying,-0.0000000,0.0000045,
883.000,398.671001,-4.574946,0.000310,Flying,-0.0000000,0.0000045,
883.500,396.383701,-4.574339,0.000310,Flying,-0.0000000,0.0000045,
884.000,394.096648,-4.573733,0.000310,Flying,-0.0000000,0.0000045,
884.500,391.809904,-4.573127,0.000310,Flying,-0.0000000,0.0000045,
885.000,389.523499,-4.572521,0.000310,Flying,-0.0000000,0.0000045,
885.500,387.237372,-4.571915,0.000310,Flying,-0.0000000,0.0000045,
886.000,384.951583,-4.571310,0.000310,Flying,-0.0000000,0.0000045,
886.500,382.666102,-4.570704,0.000309,Flying,-0.0000000,0.0000045,
887.000,380.380930,-4.570099,0.000309,Flying,-0.0000000,0.0000046,
887.500,378.096005,-4.569494,0.000309,Flying,-0.0000000,0.0000046,
888.000,375.811389,-4.568889,0.000309,Flying,-0.0000000,0.0000046,
888.500,373.527081,-4.568284,0.000309,Flying,-0.0000000,0.0000046,
889.000,371.243142,-4.567679,0.000309,Flying,-0.0000000,0.0000046,
889.500,368.959450,-4.567075,0.000309,Flying,-0.0000000,0.0000046,
890.000,366.676097,-4.566470,0.000309,Flying,-0.0000000,0.0000046,
890.500,364.393022,-4.565866,0.000309,Flying,-0.0000000,0.0000046,
891.000,362.110193,-4.565262,0.000309,Flying,-0.0000000,0.0000046,
891.500,359.827735,-4.564658,0.000309,Flying,-0.0000000,0.0000046,
892.000,357.545523,-4.564055,0.000309,Flying,-0.0000000,0.0000046,
892.500,355.263680,-4.563451,0.000308,Flying,-0.0000000,0.0000046,
893.000,352.982115,-4.562848,0.000308,Flying,-0.0000000,0.0000046,
893.500,350.700828,-4.562244,0.000308,Flying,-0.0000000,0.0000047,
894.000,348.419880,-4.561641,0.000308,Flying,-0.0000000,0.0000047,
894.500,346.139148,-4.561038,0.000308,Flying,-0.0000000,0.0000047,
895.000,343.858785,-4.560436,0.000308,Flying,-0.0000000,0.0000047,
895.500,341.578730,-4.559833,0.000308,Flying,-0.0000000,0.0000047,
896.000,339.298984,-4.559231,0.000308,Flying,-0.0000000,0.0000047,
896.500,337.019515,-4.558628,0.000308,Flying,-0.0000000,0.0000047,
897.000,334.740323,-4.558026,0.000308,Flying,-0.0000000,0.0000047,
897.500,332.461501,-4.557424,0.000308,Flying,-0.0000000,0.0000047,
898.000,330.182895,-4.556823,0.000308,Flying,-0.0000000,0.0000047,
898.500,327.904628,-4.556221,0.000307,Flying,-0.0000000,0.0000047,
899.000,325.626699,-4.555619,0.000307,Flying,-0.0000000,0.0000047,
899.500,323.349078,-4.555018,0.000307,Flying,-0.0000000,0.0000047,
900.000,321.071705,-4.554417,0.000307,Flying,-0.0000000,0.0000048,
900.500,318.794639,-4.553816,0.000307,Flying,-0.0000000,0.0000048,
901.000,316.517912,-4.553215,0.000307,Flying,-0.0000000,0.0000048,
901.500,314.241462,-4.552615,0.000307,Flying,-0.0000000,0.0000048,
902.000,311.965290,-4.552014,0.000307,Flying,-0.0000000,0.0000048,
902.500,309.689426,-4.551414,0.000307,Flying,-0.0000000,0.0000048,
903.000,307.413870,-4.550813,0.000307,Flying,-0.0000000,0.0000048,
903.500,305.138591,-4.550213,0.000307,Flying,-0.0000000,0.0000048,
904.000,302.863650,-4.549614,0.000307,Flying,-0.0000000,0.0000048,
904.500,300.588957,-4.549014,0.000306,Flying,-0.0000000,0.0000048,
905.000,298.314632,-4.548414,0.000306,Flying,-0.0000000,0.0000048,
905.500,296.040616,-4.547815,0.000306,Flying,-0.0000000,0.0000048,
906.000,293.766815,-4.547216,0.000306,Flying,-0.0000000,0.0000048,
906.500,291.493354,-4.546616,0.000306,Flying,-0.0000000,0.0000049,
907.000,289.220230,-4.546018,0.000306,Flying,-0.0000000,0.0000049,
907.500,286.947353,-4.545419,0.000306,Flying,-0.0000000,0.0000049,
908.000,284.674784,-4.544820,0.000306,Flying,-0.0000000,0.0000049,
908.500,282.402584,-4.544222,0.000306,Flying,-0.0000000,0.0000049,
909.000,280.130631,-4.543623,0.000306,Flying,-0.0000000,0.0000049,
909.500,277.858955,-4.543025,0.000306,Flying,-0.0000000,0.0000049,
910.000,275.587557,-4.542427,0.000306,Flying,-0.0000000,0.0000049,
910.500,273.316527,-4.541829,0.000305,Flying,-0.0000000,0.0000049,
911.000,271.045744,-4.541232,0.000305,Flying,-0.0000000,0.0000049,
911.500,268.775269,-4.540634,0.000305,Flying,-0.0000000,0.0000049,
912.000,266.505132,-4.540037,0.000305,Flying,-0.0000000,0.0000049,
912.500,264.235242,-4.539440,0.000305,Flying,-0.0000000,0.0000049,
913.000,261.965690,-4.538843,0.000305,Flying,-0.0000000,0.0000050,
913.500,259.696415,-4.538246,0.000305,Flying,-0.0000000,0.0000050,
914.000,257.427479,-4.537649,0.000305,Flying,-0.0000000,0.0000050,
914.500,255.158819,-4.537052,0.000305,Flying,-0.0000000,0.0000050,
915.000,252.890437,-4.536456,0.000305,Flying,-0.0000000,0.0000050,
915.500,250.622332,-4.535860,0.000305,Flying,-0.0000000,0.0000050,
916.000,248.354566,-4.535264,0.000305,Flying,-0.0000000,0.0000050,
916.500,246.087046,-4.534668,0.000304,Flying,-0.0000000,0.0000050,
917.000,243.819894,-4.534072,0.000304,Flying,-0.0000000,0.0000050,
917.500,241.553020,-4.533476,0.000304,Flying,-0.0000000,0.0000050,
918.000,239.286423,-4.532881,0.000304,Flying,-0.0000000,0.0000050,
918.500,237.020133,-4.532285,0.000304,Flying,-0.0000000,0.0000050,
919.000,234.754151,-4.531690,0.000304,Flying,-0.0000000,0.0000050,
919.500,232.488416,-4.531095,0.000304,Flying,-0.0000000,0.0000051,
920.000,230.223019,-4.530500,0.000304,Flying,-0.0000000,0.0000051,
920.500,227.957929,-4.529906,0.000304,Flying,-0.0000000,0.0000051,
921.000,225.693117,-4.529311,0.000304,Flying,-0.0000000,0.0000051,
921.500,223.428581,-4.528717,0.000304,Flying,-0.0000000,0.0000051,
922.000,221.164414,-4.528122,0.000304,Flying,-0.0000000,0.0000051,
922.500,218.900524,-4.527528,0.000303,Flying,-0.0000000,0.0000051,
923.000,216.636911,-4.526934,0.000303,Flying,-0.0000000,0.0000051,
923.500,214.373637,-4.526341,0.000303,Flying,-0.0000000,0.0000051,
924.000,212.110578,-4.525747,0.000303,Flying,-0.0000000,0.0000051,
924.500,209.847857,-4.525154,0.000303,Flying,-0.0000000,0.0000051,
925.000,207.585413,-4.524560,0.000303,Flying,-0.0000000,0.0000051,
925.500,205.323277,-4.523967,0.000303,Flying,-0.0000000,0.0000051,
926.000,203.061478,-4.523374,0.000303,Flying,-0.0000000,0.0000052,
926.500,200.799896,-4.522781,0.000303,Flying,-0.0000000,0.0000052,
927.000,198.538651,-4.522189,0.000303,Flying,-0.0000000,0.0000052,
927.500,196.277714,-4.521596,0.000303,Flying,-0.0000000,0.0000052,
928.000,194.017084,-4.521004,0.000303,Flying,-0.0000000,0.0000052,
928.500,191.756731,-4.520412,0.000303,Flying,-0.0000000,0.0000052,
929.000,189.496686,-4.519820,0.000302,Flying,-0.0000000,0.0000052,
929.500,187.236917,-4.519228,0.000302,Flying,-0.0000000,0.0000052,
930.000,184.977456,-4.518636,0.000302,Flying,-0.0000000,0.0000052,
930.500,182.718272,-4.518044,0.000302,Flying,-0.0000000,0.0000052,
931.000,180.459395,-4.517453,0.000302,Flying,-0.0000000,0.0000052,
931.500,178.200826,-4.516862,0.000302,Flying,-0.0000000,0.0000052,
932.000,175.942563,-4.516271,0.000302,Flying,-0.0000000,0.0000052,
932.500,173.684547,-4.515680,0.000302,Flying,-0.0000000,0.0000053,
933.000,171.426839,-4.515089,0.000302,Flying,-0.0000000,0.0000053,
933.500,169.169468,-4.514498,0.000302,Flying,-0.0000000,0.0000053,
934.000,166.912374,-4.513908,0.000302,Flying,-0.0000000,0.0000053,
934.500,164.655587,-4.513317,0.000302,Flying,-0.0000000,0.0000053,
935.000,162.399108,-4.512727,0.000301,Flying,-0.0000000,0.0000053,
935.500,160.142844,-4.512137,0.000301,Flying,-0.0000000,0.0000053,
936.000,157.886918,-4.511547,0.000301,Flying,-0.0000000,0.0000053,
936.500,155.631299,-4.510957,0.000301,Flying,-0.0000000,0.0000053,
937.000,153.375927,-4.510368,0.000301,Flying,-0.0000000,0.0000053,
937.500,151.120953,-4.509778,0.000301,Flying,-0.0000000,0.0000053,
938.000,148.866195,-4.509189,0.000301,Flying,-0.0000000,0.0000053,
938.500,146.611714,-4.508600,0.000301,Flying,-0.0000000,0.0000053,
939.000,144.357570,-4.508011,0.000301,Flying,-0.0000000,0.0000054,
939.500,142.103734,-4.507422,0.000301,Flying,-0.0000000,0.0000054,
940.000,139.850143,-4.506834,0.000301,Flying,-0.0000000,0.0000054,
940.500,137.596891,-4.506245,0.000301,Flying,-0.0000000,0.0000054,
941.000,135.343914,-4.505657,0.000300,Flying,-0.0000000,0.0000054,
941.500,133.091245,-4.505069,0.000300,Flying,-0.0000000,0.0000054,
942.000,130.838823,-4.504480,0.000300,Flying,-0.0000000,0.0000054,
942.500,128.586738,-4.503893,0.000300,Flying,-0.0000000,0.0000054,
943.000,126.334929,-4.503305,0.000300,Flying,-0.0000000,0.0000054,
943.500,124.083397,-4.502717,0.000300,Flying,-0.0000000,0.0000054,
944.000,121.832172,-4.502130,0.000300,Flying,-0.0000000,0.0000054,
944.500,119.581254,-4.501543,0.000300,Flying,-0.0000000,0.0000054,
945.000,117.330613,-4.500955,0.000300,Flying,-0.0000000,0.0000054,
945.500,115.080309,-4.500368,0.000300,Flying,-0.0000000,0.0000054,
946.000,112.830282,-4.499782,0.000300,Flying,-0.0000000,0.0000055,
946.500,110.580531,-4.499195,0.000300,Flying,-0.0000000,0.0000055,
947.000,108.331087,-4.498609,0.000300,Flying,-0.0000000,0.0000055,
947.500,106.081951,-4.498022,0.000299,Flying,-0.0000000,0.0000055,
948.000,103.833091,-4.497436,0.000299,Flying,-0.0000000,0.0000055,
948.500,101.584537,-4.496850,0.000299,Flying,-0.0000000,0.0000055,
949.000,99.336261,-4.496264,0.000299,Flying,-0.0000000,0.0000055,
949.500,97.088260,-4.495678,0.000299,Flying,-0.0000000,0.0000055,
950.000,94.840536,-4.495093,0.000299,Flying,-0.0000000,0.0000055,
950.500,92.593120,-4.494507,0.000299,Flying,-0.0000000,0.0000055,
951.000,90.345979,-4.493922,0.000299,Flying,-0.0000000,0.0000055,
951.500,88.099207,-4.493337,0.000299,Flying,-0.0000000,0.0000055,
952.000,85.852680,-4.492752,0.000299,Flying,-0.0000000,0.0000055,
952.500,83.606430,-4.492167,0.000299,Flying,-0.0000000,0.0000056,
953.000,81.360486,-4.491582,0.000299,Flying,-0.0000000,0.0000056,
953.500,79.114850,-4.490998,0.000298,Flying,-0.0000000,0.0000056,
954.000,76.869490,-4.490413,0.000298,Flying,-0.0000000,0.0000056,
954.500,74.624436,-4.489829,0.000298,Flying,-0.0000000,0.0000056,
955.000,72.379659,-4.489245,0.000298,Flying,-0.0000000,0.0000056,
955.500,70.135189,-4.488661,0.000298,Flying,-0.0000000,0.0000056,
956.000,67.890996,-4.488077,0.000298,Flying,-0.0000000,0.0000056,
956.500,65.647139,-4.487494,0.000298,Flying,-0.0000000,0.0000056,
957.000,63.403528,-4.486910,0.000298,Flying,-0.0000000,0.0000056,
957.500,61.160224,-4.486327,0.000298,Flying,-0.0000000,0.0000056,
958.000,58.917227,-4.485744,0.000298,Flying,-0.0000000,0.0000056,
958.500,56.674537,-4.485161,0.000298,Flying,-0.0000000,0.0000056,
959.000,54.432062,-4.484578,0.000298,Flying,-0.0000000,0.0000057,
959.500,52.189924,-4.483995,0.000298,Flying,-0.0000000,0.0000057,
960.000,49.948062,-4.483413,0.000297,Flying,-0.0000000,0.0000057,
960.500,47.706477,-4.482830,0.000297,Flying,-0.0000000,0.0000057,
961.000,45.465229,-4.482248,0.000297,Flying,-0.0000000,0.0000057,
961.500,43.224196,-4.481666,0.000297,Flying,-0.0000000,0.0000057,
962.000,40.983531,-4.481084,0.000297,Flying,-0.0000000,0.0000057,
962.500,38.743141,-4.480502,0.000297,Flying,-0.0000000,0.0000057,
963.000,36.503059,-4.479921,0.000297,Flying,-0.0000000,0.0000057,
963.500,34.263192,-4.479339,0.000297,Flying,-0.0000000,0.0000057,
964.000,32.023662,-4.478758,0.000297,Flying,-0.0000000,0.0000057,
964.500,29.784438,-4.478177,0.000297,Flying,-0.0000000,0.0000057,
965.000,27.545521,-4.477596,0.000297,Flying,-0.0000000,0.0000057,
965.500,25.306820,-4.477015,0.000297,Flying,-0.0000000,0.0000057,
966.000,23.068485,-4.476434,0.000297,Flying,-0.0000000,0.0000058,
966.500,20.830397,-4.475853,0.000296,Flying,-0.0000000,0.0000058,
967.000,18.592645,-4.475273,0.000296,Flying,-0.0000000,0.0000058,
967.500,16.355140,-4.474693,0.000296,Flying,-0.0000000,0.0000058,
968.000,14.117971,-4.474113,0.000296,Flying,-0.0000000,0.0000058,
968.500,11.881047,-4.473533,0.000296,Flying,-0.0000000,0.0000058,
969.000,9.644431,-4.472953,0.000296,Flying,-0.0000000,0.0000058,
969.500,7.408120,-4.472373,0.000296,Flying,-0.0000000,0.0000058,
970.000,5.172086,-4.471794,0.000296,Flying,-0.0000000,0.0000058,
970.500,2.936328,-4.471214,0.000296,Flying,-0.0000000,0.0000058,
971.000,0.700846,-4.470635,0.000296,Flying,-0.0000000,0.0000058,
971.157,-0.000008,-4.470442,0.000296,Flying,-0.0000000,0.0000058,Touchdown
971.157,-0.000008,-0.000000,0.000565,Landed,-0.0000000,0.0000058,
